Datetime,Close,High,Low,Open,Volume,MA_20,MA_50,RSI,MACD,MACD_signal,MACD_hist
2026-01-23 03:50:00+00:00,25320.099609375,25323.30078125,25259.900390625,25274.80078125,0,25297.7001953125,25297.7001953125,100.0,3.573695690884051,0.7147391381768102,2.858956552707241
2026-01-23 03:55:00+00:00,25344.599609375,25344.599609375,25311.349609375,25320.44921875,0,25313.33333333333,25313.33333333333,100.0,8.287289799802238,2.229249270501896,6.058040529300342
2026-01-23 04:00:00+00:00,25315.400390625,25345.349609375,25311.849609375,25344.19921875,0,25313.85009765625,25313.85009765625,95.0738162625258,9.556552180863946,3.694709852574306,5.86184232828964
2026-01-23 04:05:00+00:00,25304.5,25319.25,25295.44921875,25315.94921875,0,25311.980078125,25311.980078125,93.22748306367455,9.572535111256002,4.870274904310645,4.702260206945357
2026-01-23 04:10:00+00:00,25285.69921875,25318.150390625,25283.94921875,25305.5,0,25307.599934895832,25307.599934895832,89.9816828731861,7.976191209298122,5.49145816530814,2.4847330439899817
2026-01-23 04:15:00+00:00,25300.25,25312.55078125,25267.69921875,25287.599609375,0,25306.549944196428,25306.549944196428,90.26419986323904,7.7953437367214065,5.952235279590794,1.8431084571306124
2026-01-23 04:20:00+00:00,25281.400390625,25303.150390625,25281.400390625,25300.25,0,25303.40625,25303.40625,86.84749233318776,6.061145752657467,5.974017374204129,0.0871283784533378
2026-01-23 04:25:00+00:00,25290.94921875,25301.900390625,25280.30078125,25281.5,0,25302.022135416668,25302.022135416668,87.11359933592759,5.395100621240999,5.858234023611503,-0.463133402370504
2026-01-23 04:30:00+00:00,25287.94921875,25304.05078125,25263.5,25292.30078125,0,25300.61484375,25300.61484375,86.52131978687183,4.572471522595151,5.601081523408233,-1.0286100008130816
2026-01-23 04:35:00+00:00,25277.650390625,25308.650390625,25276.599609375,25287.5,0,25298.52716619318,25298.52716619318,84.39986505015777,3.054294668698276,5.0917241524662415,-2.0374294837679656
2026-01-23 04:40:00+00:00,25281.69921875,25291.599609375,25278.25,25278.650390625,0,25297.124837239586,25297.124837239586,84.56014531717172,2.153016531952744,4.503982628363542,-2.350966096410798
2026-01-23 04:45:00+00:00,25261.349609375,25288.05078125,25251.55078125,25280.55078125,0,25294.372896634617,25294.372896634617,80.10538022856733,-0.2009795256853976,3.5629901975537543,-3.763969723239152
2026-01-23 04:50:00+00:00,25264.19921875,25268.349609375,25258.099609375,25261.69921875,0,25292.21763392857,25292.21763392857,80.26218959390543,-1.815668799899868,2.4872583980630303,-4.302927197962898
2026-01-23 04:55:00+00:00,25291.44921875,25295.900390625,25260.80078125,25265.150390625,0,25292.16640625,25292.16640625,81.74404796834068,-0.8862581879584468,1.812555080858735,-2.6988132688171818
2026-01-23 05:00:00+00:00,25303.80078125,25320.80078125,25286.69921875,25291.69921875,0,25292.8935546875,25292.8935546875,82.38943623004812,0.8373221568690496,1.6175084960607982,-0.7801863391917485
2026-01-23 05:05:00+00:00,25300.099609375,25315.69921875,25298.94921875,25303.55078125,0,25293.317440257357,25293.317440257357,81.46011971175693,1.8829133070139503,1.670589458251429,0.2123238487625218
2026-01-23 05:10:00+00:00,25293.349609375,25310.19921875,25286.44921875,25301.349609375,0,25293.319227430555,25293.319227430555,79.69460933494359,2.1421894126033294,1.764909449121809,0.3772799634815205
2026-01-23 05:15:00+00:00,25275.94921875,25300.400390625,25270.44921875,25293.25,0,25292.40501644737,25292.40501644737,75.17168399971473,0.9328481986049156,1.5984971990184302,-0.6656490004135147
2026-01-23 05:20:00+00:00,25278.05078125,25287.400390625,25273.69921875,25275.849609375,0,25291.6873046875,25291.6873046875,75.35361707469325,0.142373906175635,1.3072725404498713,-1.1648986342742362
2026-01-23 05:25:00+00:00,25277.55078125,25285.099609375,25269.69921875,25278.25,0,25291.7998046875,25291.014136904763,75.21240681248132,-0.5184520939474169,0.9421276135704136,-1.4605797075178306
2026-01-23 05:30:00+00:00,25265.80078125,25285.55078125,25265.19921875,25277.650390625,0,25289.08486328125,25289.86807528409,71.80690654386814,-1.9676069134875436,0.3601807081588223,-2.3277876216463658
2026-01-23 05:35:00+00:00,25274.150390625,25280.0,25261.05078125,25265.0,0,25285.56240234375,25289.184697690216,72.75108402256639,-2.414496045170381,-0.1947546425070184,-2.2197414026633626
2026-01-23 05:40:00+00:00,25284.900390625,25293.599609375,25273.5,25274.25,0,25284.03740234375,25289.006184895832,73.96022016685066,-1.8795573757452075,-0.5317151891546563,-1.3478421865905512
2026-01-23 05:45:00+00:00,25265.25,25289.900390625,25264.849609375,25285.30078125,0,25282.07490234375,25288.0559375,68.01864800316442,-3.0065789538202807,-1.0266879420877812,-1.9798910117324997
2026-01-23 05:50:00+00:00,25264.75,25275.94921875,25254.80078125,25265.099609375,0,25281.02744140625,25287.15955528846,67.86924487257154,-3.895196099561872,-1.6003895735825997,-2.2948065259792725
2026-01-23 05:55:00+00:00,25275.30078125,25278.19921875,25263.30078125,25265.900390625,0,25279.77998046875,25286.720341435182,69.39680317802896,-3.705358651357528,-2.0213833891375854,-1.6839752622199429
2026-01-23 06:00:00+00:00,25256.400390625,25279.349609375,25255.599609375,25275.849609375,0,25278.52998046875,25285.63748604911,63.5666860630332,-5.022122767135443,-2.6215312647371567,-2.400591502398286
2026-01-23 06:05:00+00:00,25229.099609375,25259.25,25229.099609375,25256.44921875,0,25275.4375,25283.687904094822,56.21960872660502,-8.174383495828806,-3.732101710955487,-4.44228178487332
2026-01-23 06:10:00+00:00,25211.599609375,25230.55078125,25210.400390625,25229.69921875,0,25271.62001953125,25281.2849609375,52.06545675732277,-11.9469594684997,-5.37507326246433,-6.571886206035369
2026-01-23 06:15:00+00:00,25193.349609375,25215.80078125,25193.349609375,25211.44921875,0,25267.40498046875,25278.44833669355,48.0758419795897,-16.222374154000136,-7.544533440771492,-8.677840713228644
2026-01-23 06:20:00+00:00,25207.44921875,25224.650390625,25191.599609375,25193.44921875,0,25263.69248046875,25276.22961425781,51.18783252745763,-18.26243249986146,-9.688113252589488,-8.574319247271974
2026-01-23 06:25:00+00:00,25215.19921875,25218.150390625,25202.94921875,25208.05078125,0,25261.3849609375,25274.38020833333,52.86021537740799,-19.03441630359885,-11.557373862791358,-7.477042440807487
2026-01-23 06:30:00+00:00,25219.150390625,25223.30078125,25198.150390625,25214.75,0,25259.13251953125,25272.755801930147,53.73059837419189,-19.107137295944995,-13.067326549422086,-6.0398107465229085
2026-01-23 06:35:00+00:00,25189.55078125,25218.55078125,25186.849609375,25218.55078125,0,25254.03759765625,25270.378515625,46.76458044267169,-21.307589678315708,-14.715379175200813,-6.592210503114895
2026-01-23 06:40:00+00:00,25185.19921875,25195.80078125,25183.94921875,25190.849609375,0,25248.10751953125,25268.01242404514,45.8239917401594,-23.135902488676948,-16.399483837896042,-6.736418650780905
2026-01-23 06:45:00+00:00,25219.599609375,25220.349609375,25185.94921875,25185.94921875,0,25244.08251953125,25266.703969594597,53.74443578954831,-21.5604935866686,-17.431685787650554,-4.128807799018045
2026-01-23 06:50:00+00:00,25203.650390625,25222.94921875,25203.400390625,25220.349609375,0,25239.59755859375,25265.04466488487,50.08816484117003,-21.352797582683703,-18.215908146657185,-3.1368894360265216
2026-01-23 06:55:00+00:00,25205.650390625,25218.05078125,25194.0,25204.55078125,0,25236.0826171875,25263.52173477564,50.54253725947415,-20.78719190910124,-18.730164899146,-2.0570270099552417
2026-01-23 07:00:00+00:00,25211.150390625,25220.5,25199.44921875,25205.30078125,0,25232.73759765625,25262.21245117188,51.84092363191318,-19.668416046220955,-18.91781512856099,-0.7506009176599662
2026-01-23 07:05:00+00:00,25216.650390625,25217.80078125,25202.599609375,25210.0,0,25229.692578125,25261.10118140244,53.16504236906104,-18.128994318369223,-18.760050966522638,0.631056648153411
2026-01-23 07:10:00+00:00,25223.05078125,25236.599609375,25207.05078125,25216.55078125,0,25227.555078125,25260.19521949405,54.72507956070044,-16.20572397668002,-18.24918556855411,2.043461591874092
2026-01-23 07:15:00+00:00,25210.75,25243.80078125,25208.150390625,25223.30078125,0,25224.38505859375,25259.045330668603,51.19561760250573,-15.495466526903328,-17.698441760223954,2.2029752333206254
2026-01-23 07:20:00+00:00,25229.099609375,25229.75,25202.19921875,25212.05078125,0,25221.59501953125,25258.36474609375,55.7775025594843,-13.298623998991388,-16.818478207977442,3.519854208986054
2026-01-23 07:25:00+00:00,25202.94921875,25229.75,25200.900390625,25229.75,0,25218.47998046875,25257.13328993056,48.75289863655128,-13.51197085462627,-16.15717673730721,2.6452058826809406
2026-01-23 07:30:00+00:00,25194.30078125,25213.30078125,25191.69921875,25203.94921875,0,25214.95751953125,25255.767365828804,46.6599839932813,-14.215044221811697,-15.768750234208108,1.5537060123964128
2026-01-23 07:35:00+00:00,25187.25,25198.5,25180.55078125,25194.05078125,0,25210.55498046875,25254.309549534573,44.96520931338806,-15.166345857393026,-15.648269358845091,0.4819235014520657
2026-01-23 07:40:00+00:00,25196.400390625,25200.349609375,25183.900390625,25187.75,0,25207.55498046875,25253.10310872396,47.624015365666985,-15.008886110539606,-15.520392709183996,0.5115065986443899
2026-01-23 07:45:00+00:00,25148.94921875,25197.349609375,25143.05078125,25196.650390625,0,25203.5474609375,25250.97751913265,37.50514228647463,-18.49975744294352,-16.1162656559359,-2.383491787007617
2026-01-23 07:50:00+00:00,25128.0,25149.55078125,25124.94921875,25148.55078125,0,25199.36748046875,25248.51796875,34.063965995128015,-22.695109897755174,-17.432034504299757,-5.263075393455416
2026-01-23 07:55:00+00:00,25124.599609375,25148.25,25121.5,25127.75,0,25195.92998046875,25245.5039453125,33.52625756703894,-25.99468945041372,-19.14456549352255,-6.850123956891167
2026-01-23 08:00:00+00:00,25070.650390625,25125.80078125,25068.099609375,25125.599609375,0,25189.0900390625,25240.5149609375,26.40471401711677,-32.58723573012321,-21.83309954084268,-10.75413618928053
2026-01-23 08:05:00+00:00,25062.55078125,25077.150390625,25056.599609375,25072.25,0,25181.4576171875,25234.873984375,25.527977563107484,-38.02709426715956,-25.071898486106058,-12.955195781053495
2026-01-23 08:10:00+00:00,25049.55078125,25081.400390625,25047.849609375,25063.30078125,0,25172.97763671875,25229.5569921875,24.142396509662436,-42.89277153387593,-28.63607309566004,-14.256698438215892
2026-01-23 08:15:00+00:00,25057.099609375,25067.5,25044.150390625,25049.25,0,25166.355078125,25224.608984375,26.632625988706764,-45.61391960997571,-32.031642398523175,-13.582277211452537
2026-01-23 08:20:00+00:00,25063.69921875,25068.400390625,25050.349609375,25057.44921875,0,25160.280078125,25220.168984375,28.832242200049407,-46.69959191762973,-34.96523230234449,-11.734359615285245
2026-01-23 08:25:00+00:00,25049.94921875,25070.5,25046.75,25063.25,0,25151.79755859375,25215.16296875,27.01497943224005,-48.11486689465164,-37.595159220805925,-10.519707673845716
2026-01-23 08:30:00+00:00,25065.30078125,25068.44921875,25046.80078125,25049.80078125,0,25144.880078125,25210.8409765625,32.156395993465765,-47.45075692628234,-39.56627876190121,-7.884478164381129
2026-01-23 08:35:00+00:00,25067.69921875,25075.25,25051.849609375,25065.650390625,0,25137.98251953125,25206.3759765625,32.951092433948304,-46.19836513424161,-40.89269603636929,-5.305669097872325
2026-01-23 08:40:00+00:00,25063.400390625,25078.05078125,25056.400390625,25068.150390625,0,25130.59501953125,25201.885,32.22254381507943,-45.03359585832004,-41.72087600075944,-3.3127198575606016
2026-01-23 08:45:00+00:00,25060.099609375,25095.150390625,25053.150390625,25064.05078125,0,25122.76748046875,25197.533984375,31.644006295217,-43.87113415087879,-42.15092763078331,-1.7202065200954806
2026-01-23 08:50:00+00:00,25044.75,25066.900390625,25041.349609375,25060.150390625,0,25113.85244140625,25192.795,29.03343590009717,-43.68488787267779,-42.4577196791622,-1.2271681935155885
2026-01-23 08:55:00+00:00,25069.349609375,25089.650390625,25043.94921875,25045.19921875,0,25106.782421875,25188.955,37.87850823678379,-41.078772942488285,-42.181930331827424,1.1031573893391382
2026-01-23 09:00:00+00:00,25088.75,25100.150390625,25068.19921875,25069.94921875,0,25099.76494140625,25185.446015625,43.824960582044085,-37.02120133259814,-41.14978453198157,4.128583199383428
2026-01-23 09:05:00+00:00,25088.19921875,25094.650390625,25063.69921875,25088.25,0,25094.02744140625,25181.381015625,43.69707493965733,-33.46423517006042,-39.61267465959734,6.148439489536919
2026-01-23 09:10:00+00:00,25083.650390625,25107.80078125,25083.650390625,25087.150390625,0,25088.494921875,25176.9780078125,42.59164869699099,-30.65894899376872,-37.82192952643162,7.1629805326629
2026-01-23 09:15:00+00:00,25058.349609375,25100.80078125,25057.30078125,25089.150390625,0,25082.04990234375,25172.1430078125,36.98703134695438,-30.12998141697244,-36.283539904539786,6.153558487567345
2026-01-23 09:20:00+00:00,25077.05078125,25085.80078125,25058.150390625,25058.150390625,0,25076.082421875,25167.81703125,42.96162325021304,-27.880355144079655,-34.602902952447764,6.722547808368105
2026-01-23 09:25:00+00:00,25090.650390625,25106.150390625,25079.349609375,25079.349609375,0,25073.16748046875,25164.1110546875,46.90420518616411,-24.71523346851609,-32.62536905566143,7.910135587145341
2026-01-23 09:30:00+00:00,25060.25,25096.0,25055.849609375,25093.900390625,0,25069.77998046875,25159.7550390625,40.2128268314783,-24.37888458773523,-30.976072162076196,6.597187574340964
2026-01-23 09:35:00+00:00,25029.94921875,25061.05078125,25028.849609375,25060.55078125,0,25065.0474609375,25154.8030078125,34.87273035444811,-26.254697677290096,-30.03179726511897,3.777099587828879
2026-01-23 09:40:00+00:00,25045.849609375,25048.69921875,25029.900390625,25031.900390625,0,25063.807421875,25150.403984375,39.41904282296458,-26.156745744014188,-29.25678696089802,3.100041216883831
2026-01-23 09:45:00+00:00,25039.25,25062.849609375,25025.55078125,25046.5,0,25062.6423828125,25145.7059765625,38.22628140396903,-26.30838476929057,-28.66710652257653,2.3587217532859626
2026-01-23 09:50:00+00:00,25048.0,25049.80078125,25034.69921875,25040.849609375,0,25062.56484375,25140.96796875,40.78461159698056,-25.429373922779632,-28.019560002617155,2.5901860798375225
2026-01-23 09:55:00+00:00,25064.75,25074.5,25045.900390625,25049.599609375,0,25062.94736328125,25136.95796875,45.442595603141335,-23.114714439925592,-27.038590890078844,3.923876450153252
2026-01-27 03:45:00+00:00,25009.94921875,25123.44921875,25007.849609375,25079.0,0,25060.25986328125,25131.861953125,35.581160137608734,-25.409391532386508,-26.71275101854038,1.303359486153873
2026-01-27 03:50:00+00:00,24946.400390625,25008.69921875,24938.849609375,25007.5,0,25055.082421875,25125.2839453125,27.99443714648038,-31.98707193637165,-27.76761520210664,-4.219456734265012
2026-01-27 03:55:00+00:00,24958.55078125,24970.69921875,24933.05078125,24946.30078125,0,25049.744921875,25119.326953125,31.02279432852056,-35.80673827782448,-29.375439817250207,-6.431298460574272
2026-01-27 04:00:00+00:00,24989.5,25000.19921875,24940.19921875,24958.400390625,0,25045.8349609375,25114.5349609375,38.15744339739786,-35.922416812834854,-30.68483521636714,-5.237581596467713
2026-01-27 04:05:00+00:00,25091.5,25095.150390625,24977.80078125,24989.94921875,0,25047.23994140625,25112.13296875,54.7641899021727,-27.46692373555925,-30.041252920205565,2.5743291846463165
2026-01-27 04:10:00+00:00,25147.599609375,25147.599609375,25064.75,25090.650390625,0,25051.61494140625,25111.21796875,60.97174525758043,-16.054053782019764,-27.24381309256841,11.189759310548643
2026-01-27 04:15:00+00:00,25152.19921875,25160.44921875,25121.0,25148.80078125,0,25056.98740234375,25110.11296875,61.43897724715928,-6.562473967627739,-23.10754526758028,16.54507129995254
2026-01-27 04:20:00+00:00,25137.25,25158.75,25126.400390625,25151.75,0,25060.382421875,25108.553984375,58.968091083905314,-0.2437952786567621,-18.534795269795577,18.29099999113881
2026-01-27 04:25:00+00:00,25108.900390625,25141.30078125,25100.94921875,25139.05078125,0,25061.38994140625,25106.348984375,54.49242040036495,2.448007450919249,-14.338234725652612,16.78624217657186
2026-01-27 04:30:00+00:00,25130.30078125,25152.349609375,25111.0,25111.0,0,25063.49501953125,25105.163984375,57.13715073628489,6.236225850720075,-10.223342610378076,16.45956846109815
2026-01-27 04:35:00+00:00,25099.44921875,25133.19921875,25083.349609375,25130.19921875,0,25064.2849609375,25103.448984375,52.40847704740758,6.672041823774634,-6.844265723547535,13.51630754732217
2026-01-27 04:40:00+00:00,25128.44921875,25131.599609375,25086.900390625,25099.900390625,0,25067.78994140625,25101.6259765625,56.08735890730092,9.250848733448947,-3.6252428321482393,12.876091565597186
2026-01-27 04:45:00+00:00,25176.599609375,25184.0,25123.5,25129.349609375,0,25072.7673828125,25101.0849609375,61.41992025117091,15.006915521837072,0.1011888386488233,14.905726683188249
2026-01-27 04:50:00+00:00,25161.55078125,25179.0,25158.400390625,25177.0,0,25076.31240234375,25100.20296875,59.00809708578285,18.145159160641924,3.709982903047444,14.43517625759448
2026-01-27 04:55:00+00:00,25117.69921875,25172.349609375,25117.30078125,25161.19921875,0,25079.18486328125,25098.3339453125,52.534470466335726,16.898984271836525,6.34778317680526,10.551201095031264
2026-01-27 05:00:00+00:00,25128.650390625,25133.400390625,25105.75,25117.69921875,0,25084.119921875,25096.5739453125,53.894806165813385,16.60365316354728,8.398957174153665,8.204695989393613
2026-01-27 05:05:00+00:00,25110.650390625,25131.55078125,25108.69921875,25128.30078125,0,25087.3599609375,25094.3259375,51.29272904017305,14.747155535533238,9.66859684642958,5.078558689103659
2026-01-27 05:10:00+00:00,25030.0,25112.349609375,25019.69921875,25112.099609375,0,25086.8974609375,25090.7109375,41.601101163544826,6.690926454775763,9.073062768098817,-2.3821363133230538
2026-01-27 05:15:00+00:00,25041.349609375,25044.75,25012.44921875,25028.849609375,0,25086.56494140625,25086.9559375,43.226812102002576,1.2081981341834762,7.500089841315749,-6.291891707132273
2026-01-27 05:20:00+00:00,24994.69921875,25041.599609375,24979.19921875,25041.599609375,0,25083.06240234375,25082.7909375,38.484563780787,-6.822554054415377,4.635561062169525,-11.458115116584905
2026-01-27 05:25:00+00:00,24983.25,25011.400390625,24979.05078125,24996.400390625,0,25081.72744140625,25078.569921875,37.40011444722546,-13.950032004977402,0.9184424487401396,-14.86847445371754
2026-01-27 05:30:00+00:00,25011.05078125,25021.5,24980.0,24983.849609375,0,25084.9599609375,25075.0459375,41.69631487705279,-17.157537513197894,-2.696753543647468,-14.460783969550429
2026-01-27 05:35:00+00:00,25019.25,25039.80078125,24994.05078125,25008.80078125,0,25087.994921875,25071.5029296875,42.94009102949867,-18.82094417902772,-5.921591670723519,-12.8993525083042
2026-01-27 05:40:00+00:00,25029.400390625,25030.30078125,25013.80078125,25019.94921875,0,25089.98994140625,25069.111953125,44.51804009387198,-19.099981554776605,-8.557269647534136,-10.542711907242468
2026-01-27 05:45:00+00:00,25048.05078125,25057.099609375,25022.099609375,25029.05078125,0,25087.81748046875,25067.51296875,47.39653910066561,-17.613156525181694,-10.368447023063649,-7.244709502118045
2026-01-27 05:50:00+00:00,25039.400390625,25064.849609375,25037.150390625,25049.80078125,0,25082.40751953125,25065.808984375,46.19929660527133,-16.93760503874728,-11.682278626200375,-5.255326412546904
2026-01-27 05:55:00+00:00,25057.69921875,25066.650390625,25030.94921875,25038.650390625,0,25077.68251953125,25065.5499609375,49.12679607227984,-14.755570091667323,-12.296936919293763,-2.458633172373558
2026-01-27 06:00:00+00:00,25063.0,25084.80078125,25052.55078125,25057.75,0,25073.97001953125,25065.5589453125,49.97595497135597,-12.454989562284029,-12.328547447891818,-0.1264421143922085
2026-01-27 06:05:00+00:00,25090.5,25091.650390625,25062.849609375,25063.0,0,25073.05,25066.3779296875,54.24306908722972,-8.316871032853669,-11.526212164884187,3.20934113203052
2026-01-27 06:10:00+00:00,25154.650390625,25157.849609375,25079.44921875,25091.0,0,25074.26748046875,25068.3289453125,62.31802871773291,0.1374338595232984,-9.193482960002692,9.33091681952599
2026-01-27 06:15:00+00:00,25108.150390625,25162.05078125,25107.75,25154.150390625,0,25074.7025390625,25069.21796875,54.77258106277879,3.050209101587825,-6.744744547684589,9.794953649272417
2026-01-27 06:20:00+00:00,25086.75,25109.69921875,25084.19921875,25109.400390625,0,25072.617578125,25069.953984375,51.67175135307109,3.59038408068227,-4.677718822011217,8.268102902693487
2026-01-27 06:25:00+00:00,25103.650390625,25116.94921875,25083.599609375,25088.55078125,0,25068.9701171875,25070.7209765625,53.89175177816849,5.320861346859601,-2.6780027882370536,7.998864135096655
2026-01-27 06:30:00+00:00,25113.650390625,25131.80078125,25092.650390625,25104.0,0,25066.57509765625,25071.64,55.20301161522736,7.413732579942007,-0.6596557146012416,8.073388294543248
2026-01-27 06:35:00+00:00,25115.25,25125.900390625,25114.150390625,25114.55078125,0,25066.45263671875,25072.6769921875,55.42140282730368,9.096563694693032,1.291588167257613,7.804975527435419
2026-01-27 06:40:00+00:00,25120.349609375,25137.650390625,25113.94921875,25116.25,0,25066.03759765625,25073.8819921875,56.15525991617901,10.718163023120724,3.1769031384302355,7.541259884690488
2026-01-27 06:45:00+00:00,25091.94921875,25127.55078125,25091.25,25121.55078125,0,25065.1025390625,25074.8259765625,51.10915915756528,9.600944292993518,4.4617113693428925,5.139232923650625
2026-01-27 06:50:00+00:00,25127.599609375,25135.5,25091.19921875,25092.0,0,25069.98251953125,25075.9909765625,56.40491188866536,11.460123807355558,5.861393856945426,5.598729950410132
2026-01-27 06:55:00+00:00,25102.099609375,25138.19921875,25100.349609375,25127.099609375,0,25073.02001953125,25076.25796875,52.06107143845501,10.75195819829969,6.839506725216278,3.912451473083412
2026-01-27 07:00:00+00:00,25098.80078125,25109.25,25083.099609375,25102.25,0,25078.22509765625,25076.47,51.50843503864672,9.811443774415238,7.433894135056071,2.3775496393591675
2026-01-27 07:05:00+00:00,25086.400390625,25101.80078125,25070.55078125,25099.0,0,25083.3826171875,25076.525,49.38620526638027,7.973557224082469,7.541826752861351,0.4317304712211181
2026-01-27 07:10:00+00:00,25079.55078125,25093.650390625,25076.55078125,25086.099609375,0,25086.8076171875,25076.9490234375,48.20474542673516,5.896343284664908,7.2127300592220625,-1.316386774557154
2026-01-27 07:15:00+00:00,25058.5,25091.80078125,25058.5,25081.19921875,0,25088.7701171875,25076.5780078125,44.66805199233736,2.5224370696232654,6.274671461302304,-3.752234391679038
2026-01-27 07:20:00+00:00,25094.30078125,25100.400390625,25056.5,25060.44921875,0,25092.01513671875,25076.651015625,51.22250008469488,2.706220310603385,5.56098123116252,-2.8547609205591358
2026-01-27 07:25:00+00:00,25088.94921875,25096.849609375,25082.349609375,25094.0,0,25094.06005859375,25077.225,50.264004676659525,2.3924646411724098,4.927277913164499,-2.534813271992089
2026-01-27 07:30:00+00:00,25080.94921875,25090.44921875,25065.150390625,25088.94921875,0,25096.1375,25078.245,48.79409515854002,1.4812034797505476,4.238063026481709,-2.756859546731161
2026-01-27 07:35:00+00:00,25089.599609375,25094.400390625,25074.19921875,25080.69921875,0,25097.73251953125,25079.12,50.48041866895591,1.4404322666123337,3.6785368745078335,-2.2381046078955
2026-01-27 07:40:00+00:00,25088.94921875,25090.900390625,25071.150390625,25089.5,0,25099.02998046875,25080.113984375,50.34616983470482,1.340190813112713,3.21086766222881,-1.870676849116097
2026-01-27 07:45:00+00:00,25098.05078125,25099.5,25081.19921875,25089.099609375,0,25099.40751953125,25081.115,52.25954653633239,1.9724318018161284,2.9631804901462737,-0.9907486883301452
2026-01-27 07:50:00+00:00,25103.55078125,25112.75,25085.900390625,25098.599609375,0,25096.8525390625,25081.891015625,53.427455811753816,2.884045889237313,2.947353569964482,-0.0633076807271684
2026-01-27 07:55:00+00:00,25120.900390625,25123.69921875,25089.849609375,25102.400390625,0,25097.4900390625,25084.1100390625,57.00095032829078,4.949421253866603,3.3477671067449064,1.601654147121697
2026-01-27 08:00:00+00:00,25106.900390625,25132.25,25106.5,25122.69921875,0,25098.49755859375,25087.3200390625,53.43779539109652,5.394380058020033,3.757089696999932,1.637290361020101
2026-01-27 08:05:00+00:00,25031.69921875,25108.55078125,25027.69921875,25107.25,0,25094.9,25088.7830078125,39.24619378647227,-0.317433792664815,2.942184999066983,-3.259618791731798
2026-01-27 08:10:00+00:00,25045.25,25064.099609375,25018.0,25033.599609375,0,25091.47998046875,25089.8980078125,42.22372827957369,-3.7079101424278633,1.6121659707680136,-5.320076113195877
2026-01-27 08:15:00+00:00,25058.650390625,25060.75,25040.650390625,25046.150390625,0,25088.65,25089.241015625,45.08971901976636,-5.253033840763237,0.2391260084617634,-5.492159849225001
2026-01-27 08:20:00+00:00,25043.44921875,25065.900390625,25036.94921875,25059.80078125,0,25084.80498046875,25087.1580078125,42.51342369812764,-7.616366302812821,-1.3319724537931534,-6.284393849019668
2026-01-27 08:25:00+00:00,25049.349609375,25065.650390625,25039.599609375,25043.75,0,25082.675,25085.101015625,43.854403372856446,-8.910497426324582,-2.84767744829944,-6.062819978025143
2026-01-27 08:30:00+00:00,25016.55078125,25055.650390625,25013.150390625,25050.849609375,0,25077.12255859375,25082.68703125,38.480838201754096,-12.439304425643058,-4.766002843768163,-7.673301581874895
2026-01-27 08:35:00+00:00,25024.44921875,25033.099609375,24998.25,25017.400390625,0,25073.2400390625,25080.9980078125,40.3755418912755,-14.432206012847018,-6.699243477583934,-7.732962535263084
2026-01-27 08:40:00+00:00,25034.55078125,25059.400390625,25024.349609375,25026.05078125,0,25070.0275390625,25079.0830078125,42.80184451526856,-15.023303911511904,-8.36405556436953,-6.659248347142373
2026-01-27 08:45:00+00:00,25029.349609375,25039.5,25024.05078125,25034.900390625,0,25067.175,25077.681015625,41.85737095766683,-15.730117355917171,-9.83726792267906,-5.892849433238114
2026-01-27 08:50:00+00:00,25021.25,25032.849609375,25007.849609375,25030.05078125,0,25064.2599609375,25075.53703125,40.36366383702753,-16.75075066158024,-11.219964470459296,-5.530786191120946
2026-01-27 08:55:00+00:00,25032.650390625,25039.44921875,25019.0,25022.69921875,0,25062.96748046875,25072.658046875,43.42397961317735,-16.45006752457266,-12.265985081281968,-4.184082443290691
2026-01-27 09:00:00+00:00,25041.75,25051.099609375,25024.44921875,25032.69921875,0,25060.33994140625,25070.26203125,45.814150087111855,-15.301129646300978,-12.87301399428577,-2.428115652015208
2026-01-27 09:05:00+00:00,25092.400390625,25093.05078125,25040.650390625,25042.30078125,0,25060.5125,25069.7560546875,56.76356860544081,-10.186105792705348,-12.335632353969686,2.149526561264338
2026-01-27 09:10:00+00:00,25087.599609375,25108.650390625,25084.849609375,25093.099609375,0,25060.84501953125,25068.9350390625,55.61641400392817,-6.445495798663615,-11.157605042908472,4.712109244244859
2026-01-27 09:15:00+00:00,25115.19921875,25116.05078125,25088.30078125,25088.900390625,0,25062.125,25069.026015625,60.55214371762614,-1.2396872685858398,-9.174021488043946,7.934334219458107
2026-01-27 09:20:00+00:00,25142.5,25145.80078125,25115.150390625,25115.900390625,0,25064.8025390625,25071.276015625,64.73032485007,5.0309052380907815,-6.333036142817001,11.363941380907782
2026-01-27 09:25:00+00:00,25139.44921875,25155.30078125,25116.55078125,25143.599609375,0,25066.8724609375,25073.2380078125,63.91563623098896,9.643063196454024,-3.1378162749627965,12.78087947141682
2026-01-27 09:30:00+00:00,25128.849609375,25145.55078125,25100.75,25141.19921875,0,25068.13740234375,25075.921015625,61.04108797295858,12.301131923701178,-0.0500266352300018,12.35115855893118
2026-01-27 09:35:00+00:00,25147.69921875,25160.25,25125.900390625,25130.5,0,25069.47734375,25079.21,64.13055996181009,15.74715310546526,3.1094093129090505,12.637743792556208
2026-01-27 09:40:00+00:00,25170.400390625,25175.349609375,25142.75,25142.94921875,0,25072.65234375,25082.3969921875,67.47571188834476,20.07849220820572,6.503225891968384,13.575266316237332
2026-01-27 09:45:00+00:00,25202.900390625,25207.349609375,25168.05078125,25169.25,0,25081.21240234375,25086.07,71.56431300230697,25.83576937179896,10.3697345879345,15.46603478386446
2026-01-27 09:50:00+00:00,25229.94921875,25229.94921875,25190.650390625,25203.94921875,0,25090.44736328125,25090.0809765625,74.44378734437745,32.2097731609756,14.73774230254272,17.47203085843288
2026-01-27 09:55:00+00:00,25234.099609375,25246.099609375,25225.69921875,25230.400390625,0,25099.21982421875,25093.801953125,74.86438248387903,37.16767312359298,19.22372846675277,17.943944656840202
2026-01-28 03:45:00+00:00,25336.0,25336.150390625,25227.650390625,25248.599609375,0,25113.84736328125,25099.7339453125,82.48572499479337,48.75731054446442,25.130444882295105,23.626865662169312
2026-01-28 03:50:00+00:00,25358.75,25371.400390625,25335.099609375,25335.44921875,0,25129.3173828125,25105.7549609375,83.67577376793659,59.09668675118883,31.923693256073854,27.172993495114973
2026-01-28 03:55:00+00:00,25352.75,25366.650390625,25324.69921875,25357.900390625,0,25146.12734375,25111.5499609375,82.09151757540918,66.04523863109353,38.74800233107779,27.297236300015733
2026-01-28 04:00:00+00:00,25309.30078125,25363.900390625,25308.69921875,25352.099609375,0,25160.369921875,25115.9259765625,71.52993685004907,67.27057392297138,44.45251664945651,22.818057273514867
2026-01-28 04:05:00+00:00,25311.099609375,25319.099609375,25286.5,25310.30078125,0,25174.19736328125,25119.0549609375,71.69231491989026,67.60747448443726,49.08350821645266,18.5239662679846
2026-01-28 04:10:00+00:00,25293.0,25319.849609375,25289.0,25311.400390625,0,25187.3798828125,25122.751953125,67.51947054104137,65.65712888320195,52.39823234980253,13.258896533399422
2026-01-28 04:15:00+00:00,25292.69921875,25299.599609375,25278.099609375,25292.94921875,0,25200.95234375,25126.8709375,67.44921142161203,63.35685700036993,54.589957279916014,8.766899720453914
2026-01-28 04:20:00+00:00,25288.400390625,25302.900390625,25278.55078125,25292.650390625,0,25213.73984375,25130.5659375,66.38596494631378,60.48970776025453,55.76990737598372,4.719800384270812
2026-01-28 04:25:00+00:00,25303.69921875,25304.650390625,25272.69921875,25288.400390625,0,25226.8373046875,25134.3669140625,68.3010776642104,58.774443701644486,56.37081464111587,2.4036290605286155
2026-01-28 04:30:00+00:00,25289.80078125,25316.400390625,25281.69921875,25304.69921875,0,25236.70732421875,25137.8579296875,64.69498561298425,55.65207435427874,56.22706658374845,-0.5749922294697143
2026-01-28 04:35:00+00:00,25252.099609375,25295.650390625,25244.44921875,25290.25,0,25244.93232421875,25140.4929296875,56.05010090163402,49.56406101968969,54.8944654709367,-5.330404451247013
2026-01-28 04:40:00+00:00,25248.099609375,25265.099609375,25240.400390625,25252.849609375,0,25251.57734375,25143.6159375,55.207204563130745,43.91032907925546,52.69763819260046,-8.787309113344996
2026-01-28 04:45:00+00:00,25260.400390625,25260.400390625,25235.599609375,25248.30078125,0,25257.47236328125,25146.271953125,57.33218790430709,39.96162331020605,50.15043521612158,-10.188811905915529
2026-01-28 04:50:00+00:00,25274.849609375,25278.099609375,25254.25,25260.349609375,0,25264.2423828125,25149.726953125,59.74783223556642,37.56514908020836,47.63337798893894,-10.068228908730582
2026-01-28 04:55:00+00:00,25246.5,25281.599609375,25246.5,25275.349609375,0,25270.12490234375,25152.6809375,53.36417167123604,32.99796938769941,44.70629626869104,-11.70832688099162
2026-01-28 05:00:00+00:00,25259.0,25260.69921875,25234.05078125,25246.849609375,0,25275.68994140625,25156.1329296875,55.61593294722528,30.040800461800245,41.77319710731288,-11.732396645512637
2026-01-28 05:05:00+00:00,25301.599609375,25302.19921875,25256.150390625,25259.30078125,0,25282.24990234375,25160.57390625,62.29717009553012,30.779844353623048,39.57452655657493,-8.794682202951876
2026-01-28 05:10:00+00:00,25281.69921875,25301.849609375,25279.80078125,25301.849609375,0,25286.18984375,25165.037890625,57.9115064397363,29.4206043403392,37.54374211332778,-8.123137772988585
2026-01-28 05:15:00+00:00,25281.150390625,25285.80078125,25267.349609375,25282.19921875,0,25288.74990234375,25168.7748828125,57.79067381700515,27.976614002694987,35.63031649120123,-7.653702488506241
2026-01-28 05:20:00+00:00,25296.30078125,25298.599609375,25280.599609375,25280.80078125,0,25291.8599609375,25172.9219140625,60.25593949871404,27.735038899096253,34.051260972780234,-6.316222073683981
2026-01-28 05:25:00+00:00,25298.75,25305.650390625,25286.69921875,25296.150390625,0,25289.9974609375,25177.2779296875,60.65599687749254,27.425081109671737,32.726025000158536,-5.300943890486799
2026-01-28 05:30:00+00:00,25321.099609375,25322.44921875,25288.849609375,25299.849609375,0,25288.11494140625,25181.9079296875,64.19752091855537,28.65257497283528,31.911334994693885,-3.2587600218586026
2026-01-28 05:35:00+00:00,25321.150390625,25330.599609375,25314.44921875,25321.0,0,25286.5349609375,25186.551953125,64.20540492981056,29.291812544001004,31.38743050455531,-2.095617960554307
2026-01-28 05:40:00+00:00,25325.599609375,25326.69921875,25312.900390625,25320.599609375,0,25287.34990234375,25191.1029296875,64.9339986706666,29.81375330438459,31.072695064521167,-1.258941760136576
2026-01-28 05:45:00+00:00,25322.55078125,25328.599609375,25313.30078125,25325.349609375,0,25287.9224609375,25195.4829296875,63.973052800381005,29.63971201773893,30.78609845516472,-1.1463864374257895
2026-01-28 05:50:00+00:00,25337.900390625,25339.150390625,25318.94921875,25322.5,0,25290.16748046875,25199.8229296875,66.64904087744549,30.390050651931237,30.706888894518023,-0.3168382425867904
2026-01-28 05:55:00+00:00,25336.94921875,25351.05078125,25330.69921875,25337.19921875,0,25292.37998046875,25204.42390625,66.32030313418744,30.555720478983854,30.67665521141119,-0.1209347324273331
2026-01-28 06:00:00+00:00,25337.80078125,25343.94921875,25330.94921875,25337.400390625,0,25294.85,25210.5459375,66.47970949629757,30.405236349415645,30.622371439012085,-0.2171350895964394
2026-01-28 06:05:00+00:00,25309.400390625,25338.099609375,25301.099609375,25337.400390625,0,25295.13505859375,25215.8289453125,56.8206252578644,27.675279031675014,30.032952957544676,-2.357673925869655
2026-01-28 06:10:00+00:00,25292.5,25310.55078125,25292.30078125,25310.55078125,0,25295.27001953125,25220.5059375,51.98062433191343,23.87285647895624,28.80093366182699,-4.928077182870752
2026-01-28 06:15:00+00:00,25316.5,25320.94921875,25290.650390625,25292.80078125,0,25298.4900390625,25225.966953125,57.51506320547752,22.53622506039392,27.54799194154037,-5.011766881146457
2026-01-28 06:20:00+00:00,25314.599609375,25321.900390625,25309.0,25317.099609375,0,25301.8150390625,25231.271953125,56.95529591213126,21.08058552237344,26.254510657706987,-5.173925135333548
2026-01-28 06:25:00+00:00,25321.80078125,25322.44921875,25310.19921875,25314.150390625,0,25304.88505859375,25237.376953125,58.59957560013321,20.274345059282496,25.058477538022093,-4.784132478739597
2026-01-28 06:30:00+00:00,25328.75,25332.25,25318.900390625,25320.849609375,0,25307.580078125,25243.46296875,60.18035349819085,19.9659821459245,24.039978459602573,-4.073996313678073
2026-01-28 06:35:00+00:00,25317.5,25339.5,25316.44921875,25329.150390625,0,25311.130078125,25249.121953125,56.42428625086139,18.59941881328632,22.951866530339323,-4.352447717053003
2026-01-28 06:40:00+00:00,25313.80078125,25319.349609375,25306.94921875,25317.55078125,0,25313.8701171875,25254.8109765625,55.2041934395743,17.02169597360262,21.765832418991984,-4.7441364453893655
2026-01-28 06:45:00+00:00,25302.0,25318.05078125,25299.94921875,25313.80078125,0,25313.89013671875,25260.4259765625,51.38682557027016,14.650236031135137,20.342713141420614,-5.692477110285477
2026-01-28 06:50:00+00:00,25286.099609375,25309.94921875,25286.05078125,25302.5,0,25314.11015625,25265.4949609375,46.70086542478695,11.35689310861926,18.545549134860345,-7.188656026241084
2026-01-28 06:55:00+00:00,25271.80078125,25290.19921875,25269.0,25286.599609375,0,25313.64267578125,25270.0959765625,42.91124869798406,7.506568141023308,16.33775293609294,-8.831184795069632
2026-01-28 07:00:00+00:00,25279.5,25286.19921875,25269.05078125,25272.0,0,25312.80263671875,25273.83796875,45.47681066280056,5.018569526626379,14.073916254199627,-9.05534672757325
2026-01-28 07:05:00+00:00,25274.900390625,25285.94921875,25271.099609375,25280.25,0,25311.61015625,25277.583984375,44.19889454745434,2.645170781423076,11.78816715964432,-9.142996378221245
2026-01-28 07:10:00+00:00,25275.349609375,25277.849609375,25258.94921875,25274.650390625,0,25309.32265625,25280.7869921875,44.36332985875033,0.7913610576142673,9.588805939238307,-8.79744488162404
2026-01-28 07:15:00+00:00,25265.099609375,25281.05078125,25263.05078125,25275.599609375,0,25306.5201171875,25283.238984375,41.36785320220314,-1.4877361454528,7.373497522300086,-8.861233667752886
2026-01-28 07:20:00+00:00,25265.400390625,25279.44921875,25261.0,25264.400390625,0,25303.51015625,25285.7580078125,41.49269599270229,-3.232405408311024,5.2523169361778645,-8.484722344488889
2026-01-28 07:25:00+00:00,25258.099609375,25268.349609375,25257.05078125,25265.150390625,0,25300.28759765625,25288.3430078125,39.305039317242105,-5.144873501340044,3.1728788486742827,-8.317752350014327
2026-01-28 07:30:00+00:00,25262.25,25269.150390625,25252.05078125,25258.099609375,0,25296.505078125,25290.6340234375,41.202914436591726,-6.253529609817633,1.2875971569758995,-7.541126766793533
2026-01-28 07:35:00+00:00,25260.05078125,25267.150390625,25256.349609375,25262.400390625,0,25292.66015625,25292.42703125,40.48060035398164,-7.226305781874544,-0.415183430794189,-6.811122351080355
2026-01-28 07:40:00+00:00,25276.25,25279.69921875,25256.849609375,25260.05078125,0,25289.5826171875,25293.8940234375,47.74700615863806,-6.61385592201259,-1.6549179290378693,-4.958937992974721
2026-01-28 07:45:00+00:00,25278.55078125,25291.30078125,25268.80078125,25276.599609375,0,25288.04013671875,25294.8660546875,48.70486871059996,-5.875106605344627,-2.498955664299221,-3.376150941045406
2026-01-28 07:50:00+00:00,25238.30078125,25280.150390625,25215.05078125,25278.5,0,25285.33017578125,25294.950078125,36.20221081642839,-8.44018783467618,-3.687202098374613,-4.752985736301568
2026-01-28 07:55:00+00:00,25238.650390625,25252.55078125,25227.849609375,25239.25,0,25281.4376953125,25293.0030859375,36.3550363365201,-10.325793316806084,-5.014920342060908,-5.310872974745177
2026-01-28 08:00:00+00:00,25232.80078125,25251.5,25232.80078125,25238.349609375,0,25277.34775390625,25290.4841015625,34.850748836897495,-12.152082196633271,-6.4423527129753815,-5.709729483657892
2026-01-28 08:05:00+00:00,25232.400390625,25234.900390625,25225.849609375,25233.0,0,25272.877734375,25288.077109375,34.74477528556281,-13.476390033283678,-7.849160177037041,-5.627229856246637
2026-01-28 08:10:00+00:00,25208.349609375,25240.80078125,25207.150390625,25232.0,0,25266.85771484375,25286.0580859375,29.033701696610905,-16.278956899226614,-9.535119521474956,-6.743837377751657
2026-01-28 08:15:00+00:00,25198.80078125,25213.44921875,25191.599609375,25207.349609375,0,25260.92275390625,25283.812109375,27.127193463534525,-19.05091487084792,-11.43827859134955,-7.6126362794983695
2026-01-28 08:20:00+00:00,25218.849609375,25220.849609375,25188.150390625,25199.05078125,0,25256.1751953125,25282.3291015625,36.54832307704448,-19.40623565492569,-13.031870004064778,-6.374365650860916
2026-01-28 08:25:00+00:00,25231.30078125,25234.19921875,25216.900390625,25218.849609375,0,25252.640234375,25281.1011328125,41.59808057330404,-18.470211325871787,-14.11953826842618,-4.350673057445608
2026-01-28 08:30:00+00:00,25235.5,25242.80078125,25224.599609375,25232.25,0,25250.11025390625,25280.043125,43.23875454618732,-17.191391779448168,-14.733908970630576,-2.4574828088175917
2026-01-28 08:35:00+00:00,25223.80078125,25237.44921875,25221.69921875,25235.80078125,0,25247.71025390625,25278.44515625,39.87753758255497,-16.926825348156854,-15.172492246135834,-1.75433310202102
2026-01-28 08:40:00+00:00,25209.05078125,25233.55078125,25205.150390625,25223.94921875,0,25244.18779296875,25276.83015625,36.07043489095175,-17.703283838196512,-15.678650564547969,-2.0246332736485435
2026-01-28 08:45:00+00:00,25226.349609375,25226.44921875,25201.099609375,25208.650390625,0,25241.76025390625,25276.31515625,42.94957972683101,-16.729909940495418,-15.88890243973746,-0.8410075007579589
2026-01-28 08:50:00+00:00,25219.099609375,25232.150390625,25211.0,25226.400390625,0,25238.94775390625,25275.73515625,40.96027387003736,-16.354988397386478,-15.982119631267263,-0.3728687661192147
2026-01-28 08:55:00+00:00,25235.150390625,25239.599609375,25216.349609375,25219.80078125,0,25237.45029296875,25275.23015625,46.83163509150613,-14.59446061122435,-15.70458782725868,1.110127216034332
2026-01-28 09:00:00+00:00,25224.30078125,25250.69921875,25224.30078125,25235.150390625,0,25235.3953125,25274.2191796875,43.67021366489384,-13.914306989739998,-15.346531659754946,1.432224670014948
2026-01-28 09:05:00+00:00,25236.75,25240.599609375,25218.94921875,25223.55078125,0,25234.32783203125,25274.0241796875,48.007300499687766,-12.229755426018528,-14.723176413007664,2.493420986989136
2026-01-28 09:10:00+00:00,25251.55078125,25253.19921875,25232.80078125,25237.650390625,0,25233.79287109375,25273.8751953125,52.67279904845597,-9.58989053505502,-13.696519237417135,4.1066287023621175
2026-01-28 09:15:00+00:00,25280.5,25280.849609375,25251.19921875,25252.05078125,0,25234.81533203125,25273.453203125,60.19624240925404,-5.102994432054402,-11.97781427634459,6.874819844290188
2026-01-28 09:20:00+00:00,25307.19921875,25309.55078125,25278.0,25280.900390625,0,25236.36279296875,25273.963203125,65.62386100253721,0.6003859983029542,-9.462174221415085,10.062560219718035
2026-01-28 09:25:00+00:00,25320.69921875,25329.05078125,25307.75,25307.75,0,25238.47021484375,25274.7541796875,67.9999148624963,6.138927520682046,-6.341953872995657,12.480881393677702
2026-01-28 09:30:00+00:00,25334.349609375,25344.5,25320.80078125,25320.80078125,0,25243.27265625,25275.51515625,70.23982530676386,11.49720144111052,-2.7741228101744224,14.27132425128494
2026-01-28 09:35:00+00:00,25333.19921875,25344.099609375,25323.19921875,25333.599609375,0,25248.00009765625,25276.204140625,69.79642332815196,15.47248800764646,0.8751993533897546,14.597288654256706
2026-01-28 09:40:00+00:00,25329.650390625,25334.650390625,25322.5,25333.19921875,0,25252.842578125,25276.37515625,68.3627246545521,18.12760671495562,4.325680825702928,13.80192588925269
2026-01-28 09:45:00+00:00,25350.55078125,25356.44921875,25329.75,25329.75,0,25258.75009765625,25276.9631640625,72.00935500065127,21.668513139884453,7.794247288539233,13.87426585134522
2026-01-28 09:50:00+00:00,25351.599609375,25357.900390625,25346.400390625,25350.55078125,0,25265.91259765625,25277.4831640625,72.18263294755778,24.279460153553373,11.091289861542062,13.18817029201131
2026-01-28 09:55:00+00:00,25348.05078125,25358.400390625,25341.0,25350.5,0,25273.37509765625,25277.9931640625,70.59027540768506,25.76528750581565,14.02608939039678,11.73919811541887
2026-01-29 03:45:00+00:00,25280.55078125,25346.400390625,25250.30078125,25346.400390625,0,25276.46015625,25276.846171875,48.62032012144417,21.251160360086946,15.471103584334813,5.780056775752129
2026-01-29 03:50:00+00:00,25275.849609375,25285.44921875,25252.400390625,25281.30078125,0,25278.68759765625,25275.6241796875,47.51122807012952,17.097250334398268,15.796332934347504,1.3009174000507642
2026-01-29 03:55:00+00:00,25272.599609375,25304.599609375,25271.599609375,25275.05078125,0,25280.542578125,25274.32015625,46.71782422267811,13.388662703626323,15.314798888203269,-1.9261361845769451
2026-01-29 04:00:00+00:00,25280.55078125,25282.25,25252.30078125,25270.69921875,0,25283.380078125,25273.7431640625,48.96332337903804,10.964778268360533,14.444794764234722,-3.480016495874189
2026-01-29 04:05:00+00:00,25222.0,25279.099609375,25216.099609375,25279.0,0,25284.0275390625,25272.3331640625,36.69841117333748,4.270051180694281,12.409846047526637,-8.139794866832354
2026-01-29 04:10:00+00:00,25210.69921875,25210.69921875,25208.099609375,25210.150390625,0,25283.24501953125,25270.2171484375,34.8822336358938,-1.92525374475008,9.542826089071292,-11.468079833821372
2026-01-29 04:15:00+00:00,25229.099609375,25232.80078125,25204.400390625,25209.0,0,25283.74501953125,25268.5071484375,40.081865308442175,-5.289347482692392,6.576391374718556,-11.865738857410948
2026-01-29 04:20:00+00:00,25180.69921875,25238.349609375,25176.69921875,25227.44921875,0,25281.0224609375,25265.6851171875,32.68804988705159,-11.725755817460596,2.9159619362827263,-14.641717753743322
2026-01-29 04:25:00+00:00,25184.849609375,25192.150390625,25160.05078125,25181.44921875,0,25279.04990234375,25262.807109375,33.815511303503456,-16.303813741367776,-0.927993199247374,-15.3758205421204
2026-01-29 04:30:00+00:00,25193.0,25197.900390625,25167.05078125,25185.30078125,0,25276.86240234375,25260.317109375,36.07974952662621,-19.05463920178954,-4.553322399755808,-14.501316802033736
2026-01-29 04:35:00+00:00,25190.69921875,25200.05078125,25172.900390625,25192.849609375,0,25273.81982421875,25257.855078125,35.70837037543292,-21.176235554525192,-7.877905030709685,-13.298330523815508
2026-01-29 04:40:00+00:00,25211.650390625,25214.349609375,25178.849609375,25190.400390625,0,25270.37734375,25256.0480859375,41.60307019123167,-20.925811743367376,-10.487486373241223,-10.438325370126153
2026-01-29 04:45:00+00:00,25210.849609375,25221.94921875,25205.400390625,25210.349609375,0,25265.55986328125,25254.5430859375,41.44665210254029,-20.555019948376867,-12.500993088268352,-8.054026860108515
2026-01-29 04:50:00+00:00,25213.30078125,25218.30078125,25167.650390625,25211.25,0,25260.18994140625,25253.3730859375,42.16346924089712,-19.834733236366446,-13.967741117887972,-5.866992118478475
2026-01-29 04:55:00+00:00,25194.30078125,25214.900390625,25179.19921875,25211.849609375,0,25253.1875,25251.6691015625,38.25416153563607,-20.56003871001667,-15.286200636313712,-5.273838073702958
2026-01-29 05:00:00+00:00,25212.44921875,25218.5,25183.400390625,25194.30078125,0,25247.15,25250.420078125,43.63040304786523,-19.446256944815104,-16.118211898013993,-3.328045046801112
2026-01-29 05:05:00+00:00,25195.599609375,25221.650390625,25195.599609375,25213.099609375,0,25240.4474609375,25248.825078125,40.136240916525935,-19.69615452113794,-16.833800422638785,-2.862354098499157
2026-01-29 05:10:00+00:00,25190.0,25204.94921875,25175.94921875,25186.099609375,0,25232.419921875,25247.3230859375,39.01790980622189,-20.114178104911844,-17.489875959093396,-2.6243021458184472
2026-01-29 05:15:00+00:00,25184.849609375,25200.849609375,25184.5,25191.05078125,0,25224.082421875,25245.7120703125,37.969958849908025,-20.62332542860895,-18.11656585299651,-2.506759575612442
2026-01-29 05:20:00+00:00,25224.05078125,25227.94921875,25183.55078125,25184.349609375,0,25217.882421875,25245.03109375,49.16199325975394,-17.660047365367063,-18.02526215547062,0.3652147901035576
2026-01-29 05:25:00+00:00,25233.849609375,25240.55078125,25218.599609375,25223.94921875,0,25215.54736328125,25244.4630859375,51.51681420573163,-14.35546376322236,-17.29130247702097,2.93583871379861
2026-01-29 05:30:00+00:00,25238.400390625,25243.80078125,25232.349609375,25241.849609375,0,25213.67490234375,25244.030078125,52.61458227090581,-11.239782222928625,-16.080998426202502,4.841216203273877
2026-01-29 05:35:00+00:00,25247.400390625,25252.099609375,25230.099609375,25238.55078125,0,25212.41494140625,25243.4530859375,54.79455674425624,-7.952683782837994,-14.4553354975296,6.502651714691606
2026-01-29 05:40:00+00:00,25257.80078125,25258.94921875,25242.05078125,25247.75,0,25211.27744140625,25243.0380859375,57.24255052944236,-4.457032091511792,-12.455674816326038,7.998642724814246
2026-01-29 05:45:00+00:00,25267.55078125,25279.25,25257.19921875,25257.94921875,0,25213.55498046875,25243.6230859375,59.45897991273086,-0.8897034776055079,-10.142480548581933,9.252777070976425
2026-01-29 05:50:00+00:00,25287.5,25296.900390625,25263.25,25267.55078125,0,25217.39501953125,25244.600078125,63.614938242851125,3.5067418435792206,-7.412636070149703,10.919377913728924
2026-01-29 05:55:00+00:00,25278.400390625,25287.75,25261.25,25287.75,0,25219.86005859375,25245.5120703125,60.565075360290656,6.185392651128495,-4.693030325894063,10.87842297702256
2026-01-29 06:00:00+00:00,25262.80078125,25295.19921875,25261.5,25277.400390625,0,25223.96513671875,25246.120078125,55.640301045517575,6.9691486026167695,-2.3605945401918964,9.329743142808669
2026-01-29 06:05:00+00:00,25256.099609375,25267.400390625,25249.0,25262.849609375,0,25227.52763671875,25247.075078125,53.62315138428738,6.969215496486868,-0.4946325328561436,7.463848029343011
2026-01-29 06:10:00+00:00,25269.44921875,25276.75,25254.25,25255.80078125,0,25231.35009765625,25248.488046875,56.96990284345737,7.954772750981647,1.1952485239114146,6.759524227070232
2026-01-29 06:15:00+00:00,25262.80078125,25270.19921875,25249.150390625,25270.19921875,0,25234.95517578125,25249.3670703125,54.84709081495874,8.10592062557771,2.5773829442446736,5.528537681333036
2026-01-29 06:20:00+00:00,25244.25,25274.900390625,25240.0,25263.0,0,25236.58515625,25249.6260546875,49.3243492342517,6.652131759514305,3.3923327072986,3.2597990522157048
2026-01-29 06:25:00+00:00,25258.80078125,25263.400390625,25243.55078125,25243.94921875,0,25238.98271484375,25250.0920703125,53.29678340603197,6.598061701948609,4.033478506228602,2.564583195720007
2026-01-29 06:30:00+00:00,25265.5,25268.80078125,25255.650390625,25259.099609375,0,25241.59267578125,25250.9260546875,55.04408063767533,7.014918147422577,4.629766434467397,2.38515171295518
2026-01-29 06:35:00+00:00,25284.150390625,25287.94921875,25259.900390625,25265.599609375,0,25246.08515625,25252.428046875,59.57811694940395,8.749353439205152,5.453683835414948,3.295669603790204
2026-01-29 06:40:00+00:00,25280.75,25286.55078125,25265.0,25283.69921875,0,25249.5001953125,25253.5160546875,58.42122099868831,9.737277524629462,6.310402573257851,3.4268749513716115
2026-01-29 06:45:00+00:00,25271.349609375,25282.94921875,25267.099609375,25280.400390625,0,25253.2876953125,25254.5610546875,55.228419509328994,9.650437285006774,6.978409515607636,2.672027769399138
2026-01-29 06:50:00+00:00,25288.30078125,25290.150390625,25262.05078125,25271.150390625,0,25258.202734375,25255.6240625,59.52413881648996,10.824653801995735,7.747658372885256,3.0769954291104806
2026-01-29 06:55:00+00:00,25284.94921875,25289.150390625,25268.19921875,25289.150390625,0,25263.20771484375,25256.83703125,58.33241476710617,11.353905018419027,8.468907701992011,2.8849973164270164
2026-01-29 07:00:00+00:00,25297.30078125,25309.05078125,25284.900390625,25285.849609375,0,25266.87021484375,25258.048046875,61.39955841838258,12.624481127943,9.30002238718221,3.324458740760789
2026-01-29 07:05:00+00:00,25288.80078125,25300.80078125,25286.69921875,25297.900390625,0,25269.6177734375,25258.793046875,58.22331053477962,12.79801533195132,9.999620976136033,2.7983943558152866
2026-01-29 07:10:00+00:00,25282.5,25297.150390625,25281.25,25289.650390625,0,25271.82275390625,25258.833046875,55.91426794237935,12.285502425329469,10.45679726597472,1.8287051593547476
2026-01-29 07:15:00+00:00,25302.44921875,25309.44921875,25276.44921875,25282.30078125,0,25274.5751953125,25258.738046875,61.16558232951773,13.335345918141684,11.032506996408117,2.302838921733569
2026-01-29 07:20:00+00:00,25329.25,25332.599609375,25301.849609375,25303.150390625,0,25278.14765625,25258.9090625,66.87433035054059,16.143857176972233,12.054777032520938,4.089080144451295
2026-01-29 07:25:00+00:00,25321.80078125,25340.849609375,25317.05078125,25330.05078125,0,25280.86015625,25258.6580859375,64.05575165048126,17.566042483158526,13.157030122648456,4.409012360510069
2026-01-29 07:30:00+00:00,25351.30078125,25351.650390625,25321.0,25322.25,0,25284.0501953125,25259.0201171875,69.53229396647319,20.833383763125312,14.69230085074383,6.141082912381481
2026-01-29 07:35:00+00:00,25356.849609375,25367.30078125,25349.349609375,25351.650390625,0,25287.97265625,25259.5641015625,70.44447219200686,23.59849061337445,16.473538803269957,7.124951810104495
2026-01-29 07:40:00+00:00,25353.650390625,25364.0,25345.25,25357.150390625,0,25292.51513671875,25259.62609375,69.15884507675862,25.24074786797792,18.22698061621155,7.013767251766367
2026-01-29 07:45:00+00:00,25338.30078125,25356.400390625,25334.75,25353.44921875,0,25296.6251953125,25259.3601171875,63.19923306436906,25.01530254331737,19.584645001632715,5.43065754168466
2026-01-29 07:50:00+00:00,25345.44921875,25347.400390625,25335.75,25338.25,0,25300.4251953125,25259.3080859375,64.72381357530904,25.12384264458524,20.692484530223226,4.431358114362016
2026-01-29 07:55:00+00:00,25336.75,25350.5,25328.30078125,25345.75,0,25304.12265625,25260.4320703125,61.39070161696565,24.228614816296613,21.3997105874379,2.828904228858711
2026-01-29 08:00:00+00:00,25374.05078125,25379.900390625,25333.44921875,25337.150390625,0,25310.6126953125,25262.39609375,68.80807775320065,26.226676819020213,22.365103833754365,3.861572985265848
2026-01-29 08:05:00+00:00,25388.69921875,25389.75,25371.849609375,25374.30078125,0,25317.1076171875,25264.7180859375,71.15194489022392,28.66176682891455,23.624436432786403,5.037330396128148
2026-01-29 08:10:00+00:00,25402.5,25403.44921875,25380.30078125,25387.80078125,0,25323.9576171875,25267.1570703125,73.19554048535264,31.34388808362928,25.16832676295498,6.175561320674301
2026-01-29 08:15:00+00:00,25419.5,25430.30078125,25400.05078125,25403.44921875,0,25330.72509765625,25271.1070703125,75.49808667363084,34.44419518536961,27.023500447437907,7.420694737931701
2026-01-29 08:20:00+00:00,25421.400390625,25426.099609375,25414.900390625,25419.150390625,0,25337.7576171875,25275.32109375,75.74887757796995,36.63228239260207,28.94525683647074,7.687025556131324
2026-01-29 08:25:00+00:00,25430.900390625,25431.05078125,25416.400390625,25421.150390625,0,25345.73515625,25279.357109375,77.01540347978577,38.686968581831024,30.8935991855428,7.793369396288224
2026-01-29 08:30:00+00:00,25416.900390625,25436.25,25416.5,25430.05078125,0,25352.16513671875,25284.0811328125,71.1206322582551,38.73907920208512,32.462695188851264,6.276384013233859
2026-01-29 08:35:00+00:00,25384.900390625,25416.94921875,25383.650390625,25416.94921875,0,25357.1626953125,25288.0821484375,59.84537240698296,35.78572907034686,33.12730196515039,2.6584271051964734
2026-01-29 08:40:00+00:00,25412.900390625,25420.849609375,25384.30078125,25385.099609375,0,25362.94267578125,25292.48015625,65.06442405243308,35.297654419326136,33.56137245598554,1.7362819633405948
2026-01-29 08:45:00+00:00,25401.849609375,25420.05078125,25400.349609375,25413.30078125,0,25368.5951171875,25296.7031640625,61.65825011725647,33.631463474292104,33.57539065964686,0.0560728146452476
2026-01-29 08:50:00+00:00,25409.849609375,25410.80078125,25398.650390625,25402.55078125,0,25374.96259765625,25300.6671484375,63.16175170313385,32.580955315370375,33.37650359079156,-0.7955482754211829
2026-01-29 08:55:00+00:00,25430.94921875,25431.0,25408.599609375,25409.94921875,0,25381.38759765625,25305.069140625,66.85355098817107,33.06977439666298,33.31515775196584,-0.245383355302863
2026-01-29 09:00:00+00:00,25448.0,25454.0,25430.69921875,25431.150390625,0,25387.32509765625,25309.763125,69.51253077833219,34.43606506552169,33.539339214677014,0.8967258508446747
2026-01-29 09:05:00+00:00,25441.75,25451.25,25434.94921875,25447.599609375,0,25393.32255859375,25314.712109375,67.37888526463956,34.61551142926692,33.754573657595,0.8609377716719209
2026-01-29 09:10:00+00:00,25440.25,25444.44921875,25430.650390625,25441.25,0,25397.77001953125,25319.268125,66.8485541475231,34.24196642731113,33.85205221153822,0.3899142157729045
2026-01-29 09:15:00+00:00,25451.19921875,25455.05078125,25436.19921875,25439.69921875,0,25402.4875,25324.3801171875,68.78021028657503,34.43252307617513,33.968146384465605,0.4643766917095249
2026-01-29 09:20:00+00:00,25444.849609375,25457.19921875,25440.05078125,25451.5,0,25407.0474609375,25329.477109375,66.36521434511145,33.682904624987714,33.911098032570024,-0.2281934075823102
2026-01-29 09:25:00+00:00,25434.80078125,25444.80078125,25429.94921875,25444.80078125,0,25411.8724609375,25334.4761328125,62.61802723006966,31.91013003787521,33.51090443363106,-1.600774395755856
2026-01-29 09:30:00+00:00,25419.400390625,25445.900390625,25408.0,25436.94921875,0,25415.57001953125,25338.383125,57.28013373930165,28.929034684293583,32.59453048376357,-3.665495799469987
2026-01-29 09:35:00+00:00,25421.44921875,25433.849609375,25408.0,25420.0,0,25419.80498046875,25342.1351171875,57.79558415029029,26.4271823382187,31.3610608546546,-4.9338785164359
2026-01-29 09:40:00+00:00,25407.599609375,25428.349609375,25407.599609375,25423.0,0,25421.482421875,25345.5191015625,53.12893849804875,23.06106499627276,29.701061682978235,-6.639996686705473
2026-01-29 09:45:00+00:00,25421.55078125,25431.650390625,25405.099609375,25407.650390625,0,25423.125,25349.002109375,56.90384772522951,21.273903410743515,28.01563002853129,-6.741726617787776
2026-01-29 09:50:00+00:00,25412.44921875,25427.69921875,25408.69921875,25421.5,0,25423.6224609375,25352.095078125,53.85644828886235,18.905217371819163,26.193547497188867,-7.288330125369704
2026-01-29 09:55:00+00:00,25422.099609375,25425.94921875,25405.69921875,25413.849609375,0,25423.75244140625,25355.1860546875,56.51555231864614,17.603796879822767,24.47559737371565,-6.871800493892884
2026-01-30 03:45:00+00:00,25259.30078125,25284.400390625,25226.75,25261.25,0,25415.6474609375,25354.6220703125,27.609983482231428,3.3967512663766684,20.259828152247856,-16.863076885871187
2026-01-30 03:50:00+00:00,25238.849609375,25266.0,25234.19921875,25257.80078125,0,25406.044921875,25353.8310546875,25.823187372797378,-9.404266856879984,14.32700915042229,-23.73127600730228
2026-01-30 03:55:00+00:00,25242.0,25280.599609375,25230.650390625,25236.150390625,0,25397.29990234375,25353.4150390625,26.6110857484271,-19.075070215760206,7.646593277185792,-26.721663492946
2026-01-30 04:00:00+00:00,25261.400390625,25261.900390625,25219.150390625,25242.5,0,25391.12490234375,25353.5210546875,31.440562029844884,-24.88692122809516,1.1398903761296015,-26.02681160422476
2026-01-30 04:05:00+00:00,25290.650390625,25308.5,25261.19921875,25261.19921875,0,25385.01240234375,25353.945078125,38.05889486285731,-26.823420782169705,-4.45277185553026,-22.370648926639447
2026-01-30 04:10:00+00:00,25292.25,25304.55078125,25268.80078125,25291.05078125,0,25379.532421875,25354.5340625,38.40905842556084,-27.90733711191569,-9.143684906807348,-18.763652205108347
2026-01-30 04:15:00+00:00,25305.55078125,25308.05078125,25280.94921875,25291.75,0,25374.31748046875,25355.760078125,41.37669161967796,-27.377495992921467,-12.790447124030171,-14.587048868891294
2026-01-30 04:20:00+00:00,25316.44921875,25323.0,25298.19921875,25303.650390625,0,25368.59248046875,25356.913046875,43.76754102795773,-25.780993025131465,-15.388556304250432,-10.392436720881031
2026-01-30 04:25:00+00:00,25283.400390625,25317.55078125,25274.349609375,25316.44921875,0,25360.3625,25357.2710546875,38.623441354933846,-26.87274487486502,-17.68539401837335,-9.187350856491667
2026-01-30 04:30:00+00:00,25288.599609375,25315.94921875,25279.94921875,25283.94921875,0,25352.70498046875,25357.3600390625,39.82173592737748,-27.00711141098509,-19.549737496895705,-7.457373914089388
2026-01-30 04:35:00+00:00,25282.650390625,25288.900390625,25266.44921875,25288.099609375,0,25344.825,25357.398046875,38.88619447919484,-27.27919254143489,-21.095628505803543,-6.183564035631353
2026-01-30 04:40:00+00:00,25314.30078125,25315.75,25275.44921875,25282.55078125,0,25337.980078125,25358.2570703125,46.13627822406998,-24.65667004345596,-21.807836813334028,-2.848833230121933
2026-01-30 04:45:00+00:00,25303.349609375,25319.650390625,25303.349609375,25315.80078125,0,25330.905078125,25358.558046875,44.18316800804656,-23.194597238274586,-22.08518889832214,-1.1094083399524417
2026-01-30 04:50:00+00:00,25279.30078125,25304.349609375,25274.5,25303.25,0,25323.130078125,25358.445078125,40.162291920858415,-23.70319774289601,-22.40879066723692,-1.294407075659091
2026-01-30 04:55:00+00:00,25279.599609375,25281.400390625,25268.94921875,25279.75,0,25316.1400390625,25358.0910546875,40.23507366527502,-23.807713869100557,-22.688575307609646,-1.1191385614909066
2026-01-30 05:00:00+00:00,25292.05078125,25299.94921875,25273.44921875,25279.94921875,0,25309.6701171875,25358.1560546875,43.3281344888606,-22.62503086833385,-22.675866419754488,0.0508355514206364
2026-01-30 05:05:00+00:00,25301.25,25302.0,25282.0,25291.55078125,0,25304.35263671875,25358.5310546875,45.56948568447707,-20.706751456131315,-22.28204342702985,1.5752919708985402
2026-01-30 05:10:00+00:00,25302.099609375,25311.599609375,25295.900390625,25300.900390625,0,25298.380078125,25358.5240625,45.78275720404649,-18.900076508321945,-21.60565004328827,2.7055735349663266
2026-01-30 05:15:00+00:00,25297.599609375,25312.650390625,25297.25,25301.05078125,0,25292.63759765625,25357.8910546875,44.78190287904201,-17.628179309798725,-20.810155896590363,3.181976586791638
2026-01-30 05:20:00+00:00,25296.80078125,25298.5,25284.30078125,25297.75,0,25286.37265625,25357.3910546875,44.5955286929286,-16.494511904296814,-19.947027098131656,3.452515193834841
2026-01-30 05:25:00+00:00,25302.05078125,25306.5,25295.150390625,25296.25,0,25288.51015625,25356.4060546875,46.18082657477881,-14.999535881132031,-18.95752885473173,3.957992973599701
2026-01-30 05:30:00+00:00,25300.44921875,25309.19921875,25298.94921875,25302.400390625,0,25291.59013671875,25355.278046875,45.75076200277305,-13.785083459777525,-17.923039775740893,4.137956315963368
2026-01-30 05:35:00+00:00,25263.099609375,25300.650390625,25262.0,25300.650390625,0,25292.6451171875,25353.46703125,37.078684682466005,-15.655950447777286,-17.469621910148174,1.813671462370888
2026-01-30 05:40:00+00:00,25255.44921875,25267.349609375,25247.099609375,25262.849609375,0,25292.34755859375,25351.81,35.5905516432738,-17.553601608487952,-17.486417849816128,-0.067183758671824
2026-01-30 05:45:00+00:00,25252.349609375,25260.05078125,25246.44921875,25255.349609375,0,25290.43251953125,25349.9480078125,34.97803085289452,-19.087586580742936,-17.80665159600149,-1.280934984741446
2026-01-30 05:50:00+00:00,25263.5,25263.80078125,25244.0,25252.44921875,0,25288.99501953125,25348.4830078125,39.04230022997624,-19.182414454095124,-18.081804167620216,-1.1006102864749074
2026-01-30 05:55:00+00:00,25258.94921875,25282.849609375,25256.599609375,25263.25,0,25286.66494140625,25346.1809765625,37.99837837067171,-19.40113206764363,-18.3456697476249,-1.05546232001873
2026-01-30 06:00:00+00:00,25245.849609375,25261.75,25232.0,25257.55078125,0,25283.1349609375,25343.323984375,35.089863167723564,-20.39637958318781,-18.755811714737483,-1.6405678684503258
2026-01-30 06:05:00+00:00,25274.05078125,25274.94921875,25242.94921875,25245.30078125,0,25282.66748046875,25340.755,44.87273215958777,-18.69402840353723,-18.743455052497435,0.0494266489602033
2026-01-30 06:10:00+00:00,25272.44921875,25280.349609375,25269.650390625,25273.94921875,0,25281.8599609375,25337.813984375,44.46289356389245,-17.275000090096,-18.44976406001715,1.1747639699211485
2026-01-30 06:15:00+00:00,25261.69921875,25275.400390625,25256.30078125,25271.849609375,0,25280.81240234375,25334.6199609375,41.70922469402895,-16.823909530103265,-18.12459315403437,1.300683623931107
2026-01-30 06:20:00+00:00,25287.400390625,25294.0,25259.650390625,25261.05078125,0,25279.4673828125,25331.7499609375,49.72579091800392,-14.228529602416527,-17.345380443710802,3.116850841294273
2026-01-30 06:25:00+00:00,25261.400390625,25293.349609375,25257.650390625,25287.69921875,0,25277.369921875,25328.6399609375,43.24627755970117,-14.107037868729094,-16.69771192871446,2.590674059985368
2026-01-30 06:30:00+00:00,25258.349609375,25265.349609375,25248.849609375,25262.0,0,25276.32236328125,25326.1089453125,42.54572770042342,-14.094455238420778,-16.177060590655728,2.0826053522349497
2026-01-30 06:35:00+00:00,25268.599609375,25271.0,25253.80078125,25258.150390625,0,25275.77236328125,25323.2229296875,45.726797840484046,-13.10631266209748,-15.56291100494408,2.4565983428466005
2026-01-30 06:40:00+00:00,25294.69921875,25294.849609375,25268.25,25269.099609375,0,25275.90478515625,25321.079921875,52.88072253700277,-10.100747073389355,-14.470478218633136,4.36973114524378
2026-01-30 06:45:00+00:00,25274.599609375,25301.80078125,25270.599609375,25293.650390625,0,25274.572265625,25318.374921875,47.66951959166314,-9.234238632681809,-13.423230301442873,4.188991668761064
2026-01-30 06:50:00+00:00,25306.94921875,25311.94921875,25275.25,25275.25,0,25274.81474609375,25315.894921875,55.30393823992196,-5.86952114486121,-11.912488470126542,6.042967325265332
2026-01-30 06:55:00+00:00,25294.05078125,25316.599609375,25288.94921875,25306.75,0,25274.6373046875,25312.8159375,52.04375069551308,-4.195392530240497,-10.369069282149336,6.173676751908838
2026-01-30 07:00:00+00:00,25295.349609375,25309.099609375,25291.19921875,25293.80078125,0,25274.56474609375,25309.8879296875,52.34837427085811,-2.7323323403797986,-8.841721893795427,6.109389553415628
2026-01-30 07:05:00+00:00,25300.05078125,25304.80078125,25281.44921875,25296.44921875,0,25274.46474609375,25307.0839453125,53.4997387401823,-1.1799001635372406,-7.309357547743789,6.129457384206549
2026-01-30 07:10:00+00:00,25293.55078125,25309.849609375,25288.80078125,25299.900390625,0,25274.11982421875,25303.9309765625,51.641812417878086,-0.468679510304355,-5.941221940255903,5.472542429951548
2026-01-30 07:15:00+00:00,25293.0,25300.849609375,25290.150390625,25293.69921875,0,25275.61484375,25300.893984375,51.47867459685143,0.0499487594461243,-4.742987800315498,4.792936559761622
2026-01-30 07:20:00+00:00,25298.19921875,25299.69921875,25285.19921875,25293.099609375,0,25277.75234375,25298.161953125,52.98841305901727,0.8704647256672615,-3.620297295118946,4.490762020786208
2026-01-30 07:25:00+00:00,25302.650390625,25303.30078125,25288.30078125,25298.30078125,0,25280.2673828125,25295.826953125,54.299439784874174,1.858478527115949,-2.524542130671967,4.383020657787916
2026-01-30 07:30:00+00:00,25276.94921875,25306.150390625,25274.650390625,25303.75,0,25280.93984375,25292.936953125,46.27497506568678,0.5611482387648721,-1.907404056784599,2.468552295549471
2026-01-30 07:35:00+00:00,25243.75,25277.599609375,25243.25,25276.599609375,0,25280.1798828125,25289.6599609375,38.38400144815974,-3.11004420354584,-2.1479320861368474,-0.9621121174089926
2026-01-30 07:40:00+00:00,25247.05078125,25260.25,25238.5,25243.900390625,0,25280.23994140625,25286.1699609375,39.48882655769994,-5.68758229420564,-2.855862127750606,-2.831720166455034
2026-01-30 07:45:00+00:00,25232.599609375,25247.5,25213.80078125,25247.400390625,0,25278.1673828125,25282.57296875,36.41061107217324,-8.795005252195551,-4.043690752639595,-4.751314499555956
2026-01-30 07:50:00+00:00,25229.80078125,25238.0,25227.0,25232.55078125,0,25276.0349609375,25278.7269921875,35.82809705733821,-11.352636249172065,-5.505479851946089,-5.847156397225976
2026-01-30 07:55:00+00:00,25230.5,25239.94921875,25228.599609375,25229.94921875,0,25274.475,25278.1509765625,36.10312672087716,-13.171325292401889,-7.038648940037249,-6.13267635236464
2026-01-30 08:00:00+00:00,25254.30078125,25254.650390625,25229.55078125,25230.5,0,25272.82001953125,25278.46,44.77880175511642,-12.547485721795963,-8.140416296388993,-4.407069425406972
2026-01-30 08:05:00+00:00,25269.849609375,25270.05078125,25251.900390625,25254.900390625,0,25273.24248046875,25279.0169921875,49.59382659476716,-10.675368877622532,-8.647406812635701,-2.02796206498683
2026-01-30 08:10:00+00:00,25301.19921875,25306.5,25269.80078125,25270.19921875,0,25275.3849609375,25279.81296875,57.61789128148442,-6.586130501102161,-8.235151550328993,1.6490210492268318
2026-01-30 08:15:00+00:00,25299.19921875,25313.099609375,25284.900390625,25302.05078125,0,25276.91494140625,25279.9839453125,56.99454903908549,-3.4667998015393096,-7.281481200571057,3.8146813990317474
2026-01-30 08:20:00+00:00,25329.599609375,25338.900390625,25295.650390625,25297.44921875,0,25278.6599609375,25280.7309375,63.4647166439533,1.4417303383088438,-5.536838892795077,6.978569231103921
2026-01-30 08:25:00+00:00,25342.650390625,25344.30078125,25322.75,25331.150390625,0,25282.0625,25281.4729296875,65.84069807080617,6.31210282293614,-3.1670505496488337,9.479153372584976
2026-01-30 08:30:00+00:00,25338.80078125,25352.30078125,25331.69921875,25343.80078125,0,25283.655078125,25281.9199609375,64.5080685290964,9.748897579291224,-0.5838609238608221,10.332758503152046
2026-01-30 08:35:00+00:00,25365.650390625,25365.650390625,25338.55078125,25338.94921875,0,25287.23505859375,25283.5649609375,69.19175636057037,14.472293676673871,2.427369996246117,12.044923680427754
2026-01-30 08:40:00+00:00,25352.44921875,25370.599609375,25344.099609375,25366.650390625,0,25290.0900390625,25284.841953125,64.67279006895419,16.95494877517558,5.33288575203201,11.622063023143571
2026-01-30 08:45:00+00:00,25353.150390625,25356.44921875,25344.099609375,25353.5,0,25292.74501953125,25286.251953125,64.80427360202268,18.762764072856957,8.018861416197,10.743902656659952
2026-01-30 08:50:00+00:00,25346.75,25356.349609375,25336.5,25352.599609375,0,25295.40498046875,25286.9009375,62.51695572519468,19.45475043488113,10.306039219933828,9.148711214947308
2026-01-30 08:55:00+00:00,25336.099609375,25348.30078125,25326.349609375,25348.150390625,0,25297.5599609375,25287.5559375,58.797934257121376,18.92559462382269,12.0299503007116,6.895644323111089
2026-01-30 09:00:00+00:00,25322.5,25341.5,25320.55078125,25335.44921875,0,25298.775,25288.419921875,54.35172615464656,17.210468444231083,13.0660539294155,4.144414514815583
2026-01-30 09:05:00+00:00,25344.849609375,25348.650390625,25320.05078125,25322.05078125,0,25300.8849609375,25289.724921875,59.739781314681416,17.453452744332026,13.943533692398804,3.5099190519332204
2026-01-30 09:10:00+00:00,25311.599609375,25350.30078125,25303.94921875,25344.80078125,0,25302.61748046875,25290.1158984375,50.23907848245534,14.792503660428338,14.113327686004713,0.6791759744236252
2026-01-30 09:15:00+00:00,25348.30078125,25351.94921875,25302.19921875,25310.150390625,0,25307.84501953125,25291.0569140625,58.15051256998243,15.46686776237766,14.384035701279302,1.0828320610983582
2026-01-30 09:20:00+00:00,25352.44921875,25357.80078125,25343.150390625,25347.30078125,0,25313.11494140625,25292.06390625,58.94506304668219,16.14988459140295,14.737205479304032,1.4126791120989193
2026-01-30 09:25:00+00:00,25352.44921875,25368.80078125,25340.349609375,25351.650390625,0,25319.107421875,25293.1608984375,58.94506304668219,16.500967467800365,15.0899578770033,1.4110095907970646
2026-01-30 09:30:00+00:00,25314.05078125,25354.19921875,25293.30078125,25352.44921875,0,25323.319921875,25293.5058984375,48.965339950317606,13.524863966769772,14.776939094956596,-1.2520751281868243
2026-01-30 09:35:00+00:00,25320.900390625,25324.5,25306.5,25314.349609375,0,25327.83994140625,25293.882890625,50.57292120813951,11.58543702616953,14.138638681199184,-2.553201655029653
2026-01-30 09:40:00+00:00,25319.69921875,25333.849609375,25318.19921875,25322.0,0,25331.10986328125,25294.267890625,50.27385049203913,9.838095233375498,13.278529991634446,-3.4404347582589487
2026-01-30 09:45:00+00:00,25324.44921875,25343.900390625,25316.44921875,25321.0,0,25333.83984375,25295.4948828125,51.49540231274368,8.735897586790088,12.370003510665576,-3.634105923875488
2026-01-30 09:50:00+00:00,25313.25,25327.25,25311.05078125,25325.150390625,0,25334.4423828125,25296.6508984375,48.47199433912018,6.879413062124513,11.271885420957364,-4.392472358832851
2026-01-30 09:55:00+00:00,25315.80078125,25337.650390625,25309.599609375,25313.849609375,0,25335.2724609375,25297.919921875,49.20352419037832,5.549985650352028,10.127505466836295,-4.577519816484269
2026-02-02 03:45:00+00:00,24803.69921875,24813.94921875,24747.400390625,24796.5,0,25308.97744140625,25288.72390625,12.091041685899754,-36.40624292753637,0.8207557879617635,-37.22699871549813
2026-02-02 03:50:00+00:00,24876.30078125,24883.650390625,24803.900390625,24806.349609375,0,25285.6599609375,25281.0709375,21.16913490948272,-63.0714683896731,-11.957689047565207,-51.11377934210789
2026-02-02 03:55:00+00:00,24849.05078125,24880.0,24818.150390625,24875.80078125,0,25261.1724609375,25273.1349609375,20.320912142638733,-85.41805280143308,-26.649761798338783,-58.76829100309429
2026-02-02 04:00:00+00:00,24889.55078125,24917.900390625,24843.849609375,24851.349609375,0,25237.36748046875,25265.4449609375,25.12298284070292,-98.72186619752392,-41.06418267817581,-57.65768351934811
2026-02-02 04:05:00+00:00,24887.75,24914.099609375,24854.400390625,24889.599609375,0,25214.13251953125,25257.7509765625,25.05069012974448,-108.16369837454477,-54.4840858174496,-53.67961255709516
2026-02-02 04:10:00+00:00,24865.05078125,24907.19921875,24864.69921875,24888.69921875,0,25189.7275390625,25249.8180078125,24.10893922760076,-116.13927438646353,-66.81512353125238,-49.32415085521113
2026-02-02 04:15:00+00:00,24893.94921875,24907.19921875,24850.44921875,24867.099609375,0,25167.0875,25241.948984375,27.82881405924988,-118.75913209510328,-77.20392524402257,-41.5552068510807
2026-02-02 04:20:00+00:00,24941.80078125,24942.400390625,24873.400390625,24893.69921875,0,25147.37255859375,25235.5569921875,33.62998993271528,-115.64112808226491,-84.89136581167104,-30.74976227059388
2026-02-02 04:25:00+00:00,24861.900390625,24939.05078125,24857.80078125,24936.150390625,0,25124.342578125,25227.6280078125,29.382961069382475,-118.25422016671293,-91.5639366826794,-26.6902834840335
2026-02-02 04:30:00+00:00,24817.19921875,24865.900390625,24817.19921875,24863.30078125,0,25097.96005859375,25218.6,27.30536484006757,-122.51979354294237,-97.755108054732,-24.764685488210347
2026-02-02 04:35:00+00:00,24811.0,24821.650390625,24795.69921875,24816.650390625,0,25072.930078125,25208.926015625,27.02003042359138,-124.96005459505614,-103.19609736279683,-21.763957232259287
2026-02-02 04:40:00+00:00,24826.75,24849.80078125,24798.69921875,24810.55078125,0,25046.8525390625,25199.9690234375,29.04862505053255,-124.1914835721218,-107.39517460466185,-16.79630896745995
2026-02-02 04:45:00+00:00,24832.55078125,24845.599609375,24809.94921875,24826.150390625,0,25020.8576171875,25190.4810546875,29.822340178418912,-121.71129884108086,-110.25839945194564,-11.452899389135212
2026-02-02 04:50:00+00:00,24814.849609375,24842.55078125,24799.900390625,24834.099609375,0,24993.97763671875,25180.89703125,28.79059803021036,-119.79317011201783,-112.1653535839601,-7.627816528057735
2026-02-02 04:55:00+00:00,24826.400390625,24850.599609375,24810.099609375,24814.69921875,0,24969.5951171875,25171.518046875,30.48076063235618,-116.00376852814588,-112.93303657279726,-3.07073195534862
2026-02-02 05:00:00+00:00,24859.80078125,24865.349609375,24825.650390625,24826.0,0,24946.54013671875,25162.713046875,35.2654336399783,-109.04846525983156,-112.15612231020414,3.1076570503725662
2026-02-02 05:05:00+00:00,24857.0,24873.650390625,24839.349609375,24859.30078125,0,24923.40517578125,25153.98203125,35.04760353233857,-102.57986017485746,-110.24086988313482,7.661009708277362
2026-02-02 05:10:00+00:00,24847.099609375,24872.19921875,24841.55078125,24855.94921875,0,24899.5376953125,25145.0640234375,34.2424271250502,-97.13263823307352,-107.61922355312257,10.486585320049045
2026-02-02 05:15:00+00:00,24848.599609375,24861.44921875,24836.599609375,24846.900390625,0,24876.30517578125,25136.07203125,34.487998191321395,-91.63828898257998,-104.42303663901406,12.784747656434078
2026-02-02 05:20:00+00:00,24822.650390625,24864.349609375,24819.80078125,24848.900390625,0,24851.64765625,25126.47203125,32.24460115494108,-88.35931156144943,-101.21029162350112,12.850980062051704
2026-02-02 05:25:00+00:00,24773.44921875,24823.05078125,24769.150390625,24822.599609375,0,24850.13515625,25116.40203125,28.46393033189088,-88.70824824362717,-98.70988294752637,10.001634703899184
2026-02-02 05:30:00+00:00,24750.599609375,24773.0,24741.75,24773.0,0,24843.85009765625,25106.5390234375,26.88724105636996,-89.7934723379949,-96.92660082562006,7.133128487625157
2026-02-02 05:35:00+00:00,24722.099609375,24751.94921875,24702.349609375,24749.75,0,24837.5025390625,25096.04,25.02523865367249,-91.89393597502932,-95.92006785550193,4.0261318804726045
2026-02-02 05:40:00+00:00,24728.349609375,24740.849609375,24711.05078125,24723.0,0,24829.44248046875,25085.955,26.23172787963479,-91.9937985285469,-95.13481399011091,3.1410154615640096
2026-02-02 05:45:00+00:00,24710.099609375,24733.900390625,24704.44921875,24728.44921875,0,24820.5599609375,25075.5609765625,24.968260101715984,-92.47951650035247,-94.60375449215924,2.1242379918067518
2026-02-02 05:50:00+00:00,24687.19921875,24718.0,24682.30078125,24710.0,0,24811.6673828125,25064.6949609375,23.44243519008737,-93.63297893267372,-94.40959938026212,0.7766204475883995
2026-02-02 05:55:00+00:00,24727.69921875,24728.099609375,24679.599609375,24686.75,0,24803.3548828125,25054.1629296875,31.42395625074052,-90.2388770898142,-93.57545492217254,3.336577832358344
2026-02-02 06:00:00+00:00,24829.30078125,24829.30078125,24722.30078125,24724.30078125,0,24797.7298828125,25045.351953125,46.494421619442605,-78.4463492688883,-90.54963379151567,12.10328452262739
2026-02-02 06:05:00+00:00,24850.099609375,24853.94921875,24794.55078125,24826.75,0,24797.13984375,25036.3299609375,48.966882878947885,-66.65404802863122,-85.7705166389388,19.116468610307574
2026-02-02 06:10:00+00:00,24868.30078125,24869.69921875,24817.900390625,24845.94921875,0,24799.694921875,25027.7119921875,51.09656584953382,-55.20352994975474,-79.657119301102,24.45358935134726
2026-02-02 06:15:00+00:00,24867.69921875,24879.099609375,24857.80078125,24868.400390625,0,24802.5298828125,25018.473984375,51.02078210470074,-45.65121416203692,-72.85593827328898,27.204724111252062
2026-02-02 06:20:00+00:00,24867.150390625,24879.94921875,24850.5,24868.099609375,0,24804.54990234375,25008.963984375,50.9465418682125,-37.69074547038326,-65.82289971270785,28.13215424232459
2026-02-02 06:25:00+00:00,24874.30078125,24877.69921875,24852.19921875,24866.650390625,0,24806.63740234375,24999.673984375,51.927979493698224,-30.45398532910985,-58.74911683598826,28.29513150687841
2026-02-02 06:30:00+00:00,24861.349609375,24878.80078125,24855.75,24874.05078125,0,24808.96240234375,24989.58796875,49.97754237807795,-25.470246959692304,-52.093342860729074,26.62309590103677
2026-02-02 06:35:00+00:00,24869.5,24874.599609375,24853.75,24861.099609375,0,24811.1173828125,24979.928984375,51.21928818335285,-20.625175800352736,-45.79970944865381,25.17453364830107
2026-02-02 06:40:00+00:00,24910.650390625,24914.05078125,24852.69921875,24869.75,0,24813.65986328125,24971.078984375,57.02038859734213,-13.311482895733208,-39.30206413806969,25.99058124233648
2026-02-02 06:45:00+00:00,24890.94921875,24927.30078125,24890.599609375,24910.44921875,0,24815.35732421875,24961.96296875,53.72618073498472,-9.001287260827667,-33.241908762621286,24.24062150179362
2026-02-02 06:50:00+00:00,24896.849609375,24899.900390625,24879.44921875,24890.099609375,0,24817.84482421875,24953.17796875,54.57265081100754,-5.051088155010802,-27.60374464109919,22.552656486088388
2026-02-02 06:55:00+00:00,24897.25,24900.94921875,24883.05078125,24897.30078125,0,24820.27734375,24944.67296875,54.63329669127664,-1.866700564634812,-22.456335825806317,20.5896352611715
2026-02-02 07:00:00+00:00,24879.30078125,24897.650390625,24874.55078125,24896.94921875,0,24823.10986328125,24935.3619921875,51.32532380961455,-0.7823835714443703,-18.121545374933927,17.339161803489556
2026-02-02 07:05:00+00:00,24879.849609375,24883.69921875,24861.94921875,24878.25,0,24828.4298828125,24926.7269921875,51.42217792186682,0.1198497473960742,-14.473266350467927,14.593116097864002
2026-02-02 07:10:00+00:00,24870.900390625,24890.25,24869.05078125,24880.599609375,0,24834.444921875,24917.178984375,49.68604539450618,0.1114641026433673,-11.55632025984567,11.667784362489035
2026-02-02 07:15:00+00:00,24902.599609375,24903.900390625,24865.05078125,24870.849609375,0,24843.469921875,24908.1819921875,55.42662852437725,2.632336513706832,-8.718588905135169,11.350925418842
2026-02-02 07:20:00+00:00,24893.25,24905.30078125,24883.30078125,24902.650390625,0,24851.71494140625,24898.9980078125,53.488177003023615,3.831543079195399,-6.208562508269056,10.040105587464454
2026-02-02 07:25:00+00:00,24938.19921875,24943.849609375,24892.80078125,24894.30078125,0,24863.119921875,24891.4809765625,60.61895732316454,8.313120737868303,-3.3042258590415843,11.617346596909886
2026-02-02 07:30:00+00:00,24951.599609375,24953.5,24933.44921875,24938.55078125,0,24876.33994140625,24884.0949609375,62.46641191575322,12.798568916452496,-0.0836669039427682,12.882235820395264
2026-02-02 07:35:00+00:00,24959.650390625,24961.94921875,24945.900390625,24951.19921875,0,24887.9375,24876.893984375,63.572083494762815,16.809183869285334,3.2949032507028524,13.514280618582482
2026-02-02 07:40:00+00:00,24934.94921875,24962.349609375,24930.30078125,24959.55078125,0,24893.219921875,24869.103984375,57.9331447016589,17.789382057468174,6.193799012055917,11.595583045412257
2026-02-02 07:45:00+00:00,24887.849609375,24942.94921875,24883.849609375,24935.19921875,0,24895.107421875,24860.5959765625,49.006833760855976,14.597381803967435,7.874515570438222,6.722866233529215
2026-02-02 07:50:00+00:00,24873.44921875,24890.80078125,24851.349609375,24887.80078125,0,24895.36484375,24851.7489453125,46.640636084948575,10.781425865421625,8.455897629434903,2.325528235986722
2026-02-02 07:55:00+00:00,24894.55078125,24906.80078125,24863.30078125,24873.0,0,24896.707421875,24853.5659765625,50.41844144373688,9.352167071800068,8.635151517907936,0.7170155538921321
2026-02-02 08:00:00+00:00,24887.75,24898.80078125,24870.80078125,24895.849609375,0,24897.73740234375,24853.7949609375,49.2092242116043,7.583287551762623,8.424778724678873,-0.8414911729162498
2026-02-02 08:05:00+00:00,24914.150390625,24916.69921875,24880.19921875,24887.400390625,0,24899.7298828125,24855.096953125,53.83770565922908,8.217008119518141,8.383224603646728,-0.1662164841285864
2026-02-02 08:10:00+00:00,24964.900390625,24972.30078125,24912.650390625,24913.44921875,0,24904.907421875,24856.6039453125,61.16420135416245,12.668304768107191,9.240240636538822,3.428064131568369
2026-02-02 08:15:00+00:00,24966.599609375,24970.0,24941.69921875,24964.19921875,0,24909.76240234375,24858.1809375,61.38518533669629,16.146969965513563,10.62158650233377,5.525383463179793
2026-02-02 08:20:00+00:00,24963.5,24983.94921875,24954.94921875,24966.650390625,0,24912.4048828125,24860.149921875,60.706596365662506,18.441146566437965,12.18549851515461,6.255648051283355
2026-02-02 08:25:00+00:00,24948.150390625,24968.19921875,24946.099609375,24964.400390625,0,24915.26494140625,24861.2339453125,57.32690702759416,18.803952596321324,13.509189331387956,5.294763264933369
2026-02-02 08:30:00+00:00,24951.099609375,24958.05078125,24928.099609375,24948.599609375,0,24917.97744140625,24861.419921875,57.81288332029633,19.1091775901441,14.629186983139183,4.479990607004915
2026-02-02 08:35:00+00:00,24932.30078125,24958.75,24929.150390625,24950.69921875,0,24919.72998046875,24862.8279296875,53.62104333480579,17.630923958920903,15.22953437829553,2.4013895806253736
2026-02-02 08:40:00+00:00,24943.150390625,24943.400390625,24913.849609375,24932.05078125,0,24922.9224609375,24865.346953125,55.62102203837743,17.137321731221164,15.611091848880658,1.5262298823405054
2026-02-02 08:45:00+00:00,24929.69921875,24955.69921875,24921.650390625,24943.19921875,0,24925.41494140625,24867.7209375,52.59297354702514,15.482271269567718,15.58532773301807,-0.1030564634503523
2026-02-02 08:50:00+00:00,24953.150390625,24966.30078125,24927.05078125,24929.5,0,24929.52744140625,24870.2489453125,56.98929585656178,15.87989192616442,15.64424057164734,0.2356513545170777
2026-02-02 08:55:00+00:00,24972.150390625,24974.400390625,24945.19921875,24953.30078125,0,24933.00498046875,24873.0409375,60.2089275101374,17.526120167935005,16.020616490904874,1.5055036770301309
2026-02-02 09:00:00+00:00,24938.55078125,24983.400390625,24934.599609375,24972.150390625,0,24935.27001953125,24875.5149609375,52.69655414778361,15.935861544898216,16.003665501703544,-0.0678039568053279
2026-02-02 09:05:00+00:00,24957.25,24958.30078125,24931.19921875,24939.099609375,0,24936.22255859375,24878.131953125,55.98782075140912,16.000002734312147,16.002932948225265,-0.0029302139131175
2026-02-02 09:10:00+00:00,24956.30078125,24963.19921875,24945.5,24957.150390625,0,24936.4576171875,24880.061953125,55.7756709558958,15.792198435599856,15.960786045700184,-0.1685876101003263
2026-02-02 09:15:00+00:00,24993.80078125,24998.349609375,24952.849609375,24955.400390625,0,24938.16513671875,24882.79796875,61.91538648527085,18.440873717972863,16.45680358015472,1.984070137818144
2026-02-02 09:20:00+00:00,25019.349609375,25022.650390625,24989.5,24993.94921875,0,24942.38515625,24886.24296875,65.4361253810199,22.343977408232604,17.634238345770296,4.709739062462308
2026-02-02 09:25:00+00:00,25032.150390625,25034.94921875,25014.05078125,25019.30078125,0,24949.6001953125,24889.913984375,67.07829048404022,26.16847735178817,19.341086146973872,6.8273912048142975
2026-02-02 09:30:00+00:00,25069.349609375,25078.69921875,25033.30078125,25033.30078125,0,24959.39521484375,24894.84796875,71.3397331849365,31.83412322093136,21.83969356176537,9.994429659165988
2026-02-02 09:35:00+00:00,25088.150390625,25092.80078125,25068.650390625,25068.650390625,0,24969.0751953125,24901.1419921875,73.22604532280707,37.41001494779994,24.953757838972287,12.45625710882765
2026-02-02 09:40:00+00:00,25086.75,25091.900390625,25078.30078125,25089.349609375,0,24979.0251953125,24907.865,72.84148004157275,41.24055405776744,28.21111708273132,13.02943697503612
2026-02-02 09:45:00+00:00,25097.94921875,25107.599609375,25085.849609375,25086.44921875,0,24988.21513671875,24915.3819921875,74.01670740150873,44.66509583557127,31.50191283329931,13.163183002271952
2026-02-02 09:50:00+00:00,25088.150390625,25097.69921875,25084.30078125,25097.0,0,24994.37763671875,24922.5780078125,71.1169606004708,46.05746454797554,34.41302317623456,11.644441371740982
2026-02-02 09:55:00+00:00,25081.30078125,25099.25,25069.5,25090.5,0,25000.1126953125,24930.00203125,69.07965205953896,46.07707273948472,36.7458330888846,9.331239650600123
2026-02-03 03:45:00+00:00,25809.75,26290.19921875,25776.099609375,26264.900390625,0,25042.4251953125,24952.453046875,92.7772504439484,103.67724962468856,50.13211639604539,53.54513322864317
2026-02-03 03:50:00+00:00,25808.94921875,25869.0,25807.75,25811.099609375,0,25085.46513671875,24974.078046875,92.69314833366666,147.56020623418226,69.61773436367277,77.9424718705095
2026-02-03 03:55:00+00:00,25786.25,25823.099609375,25766.400390625,25813.19921875,0,25127.22265625,24993.21703125,90.1971745091327,178.44907836430866,91.38400316379996,87.06507520050872
2026-02-03 04:00:00+00:00,25755.150390625,25795.25,25755.0,25785.30078125,0,25168.36513671875,25011.318046875,86.75055484243529,198.13527340655128,112.73425721235022,85.40101619420106
2026-02-03 04:05:00+00:00,25772.650390625,25782.05078125,25746.94921875,25756.30078125,0,25209.84013671875,25029.4050390625,87.05041858494005,212.6969900532531,132.7268037805308,79.97018627272232
2026-02-03 04:10:00+00:00,25727.30078125,25777.5,25720.599609375,25771.650390625,0,25249.72021484375,25046.5970703125,81.87889596635809,218.06421243253865,149.79428551093235,68.26992692160627
2026-02-03 04:15:00+00:00,25776.400390625,25777.5,25676.69921875,25726.30078125,0,25290.88271484375,25064.7820703125,83.05280529438616,223.70101689712828,164.5756317881715,59.12538510895675
2026-02-03 04:20:00+00:00,25732.150390625,25793.099609375,25732.150390625,25775.849609375,0,25328.88271484375,25081.9390625,78.13985444606777,222.03810282355332,176.0681259952479,45.96997682830545
2026-02-03 04:25:00+00:00,25702.599609375,25748.150390625,25696.900390625,25733.400390625,0,25367.08515625,25098.7640625,74.95120266606182,215.84757388758223,184.0240155737148,31.823558313867466
2026-02-03 04:30:00+00:00,25701.30078125,25729.150390625,25701.30078125,25703.55078125,0,25404.2876953125,25115.400078125,74.80671111324901,208.434032746718,188.90601900831544,19.528013738402564
2026-02-03 04:35:00+00:00,25685.349609375,25702.69921875,25642.349609375,25701.599609375,0,25440.74013671875,25130.8940625,72.94678537570515,198.9779280252842,190.9204008117092,8.057527213574986
2026-02-03 04:40:00+00:00,25671.0,25685.25,25645.19921875,25685.25,0,25474.60009765625,25146.495078125,71.23102588571184,188.1570460509356,190.3677298595545,-2.2106838086188816
2026-02-03 04:45:00+00:00,25753.349609375,25761.44921875,25672.349609375,25672.349609375,0,25511.30009765625,25163.625078125,74.88224003205737,184.10410683540977,189.11500525472556,-5.010898419315765
2026-02-03 04:50:00+00:00,25781.25,25786.55078125,25753.30078125,25753.5,0,25548.755078125,25181.305078125,75.99389020934298,181.0563467952088,187.5032735628222,-6.446926767613377
2026-02-03 04:55:00+00:00,25771.150390625,25794.69921875,25771.0,25782.05078125,0,25583.8451171875,25199.1420703125,74.70500012402678,175.79951357373284,185.16252156500437,-9.363007991271502
2026-02-03 05:00:00+00:00,25810.30078125,25818.5,25763.69921875,25771.55078125,0,25619.95263671875,25217.75109375,76.37754738537953,172.8006068708819,182.69013862617987,-9.88953175529798
2026-02-03 05:05:00+00:00,25814.0,25821.650390625,25805.599609375,25810.55078125,0,25656.31513671875,25236.6130859375,76.53542299623379,168.77689278037724,179.90748945701935,-11.130596676642114
2026-02-03 05:10:00+00:00,25798.30078125,25819.19921875,25795.94921875,25813.849609375,0,25691.33271484375,25254.527109375,74.2669259606105,162.4486675068474,176.41572506698498,-13.967057560137562
2026-02-03 05:15:00+00:00,25763.69921875,25804.400390625,25756.05078125,25798.30078125,0,25725.11015625,25271.93609375,69.38549896962402,152.87915078249353,171.7084102100867,-18.82925942759317
2026-02-03 05:20:00+00:00,25766.30078125,25767.400390625,25746.69921875,25764.30078125,0,25759.36015625,25288.498125,69.54756671377119,143.84698567614396,166.13612530329814,-22.289139627154185
2026-02-03 05:25:00+00:00,25780.099609375,25798.19921875,25764.849609375,25765.5,0,25757.87763671875,25305.068125,70.4413787508312,136.23198237286852,160.15529671721222,-23.92331434434371
2026-02-03 05:30:00+00:00,25794.0,25810.5,25778.80078125,25780.69921875,0,25757.13017578125,25321.7551171875,71.35352580177023,129.8221735398365,154.0886720817371,-24.26649854190057
2026-02-03 05:35:00+00:00,25778.0,25803.400390625,25775.900390625,25794.44921875,0,25756.71767578125,25338.6161328125,68.72464524987382,122.0444352969862,147.67982472478693,-25.63538942780073
2026-02-03 05:40:00+00:00,25784.19921875,25789.0,25765.5,25778.099609375,0,25758.1701171875,25356.543125,69.19816024325223,115.054470530682,141.15475388596593,-26.10028335528392
2026-02-03 05:45:00+00:00,25776.849609375,25794.75,25773.900390625,25785.150390625,0,25758.380078125,25374.6111328125,67.88589087469924,107.6805467262493,134.4599124540226,-26.779365727773296
2026-02-03 05:50:00+00:00,25798.69921875,25801.69921875,25774.55078125,25777.30078125,0,25761.95,25392.6941015625,69.72407881494996,102.41911604070992,128.05175317136008,-25.632637130650156
2026-02-03 05:55:00+00:00,25815.75,25824.05078125,25798.80078125,25799.69921875,0,25763.91748046875,25411.2541015625,71.113623111642,98.48991938063408,122.13938641321488,-23.649467032580787
2026-02-03 06:00:00+00:00,25858.400390625,25859.849609375,25805.75,25815.900390625,0,25770.22998046875,25430.1391015625,74.29200873391872,97.69140706854525,117.24979054428096,-19.558383475735724
2026-02-03 06:05:00+00:00,25847.05078125,25863.150390625,25834.150390625,25857.849609375,0,25777.4525390625,25447.782109375,72.02101803855233,95.04711767652408,112.8092559707296,-17.762138294205528
2026-02-03 06:10:00+00:00,25851.55078125,25861.150390625,25846.44921875,25847.900390625,0,25784.9650390625,25465.4811328125,72.3815049871344,92.25119729615108,108.6976442358139,-16.44644693966282
2026-02-03 06:15:00+00:00,25833.25,25855.900390625,25830.650390625,25851.19921875,0,25792.36005859375,25482.8761328125,68.51528210225902,87.54947430815446,104.46801025028202,-16.918535942127562
2026-02-03 06:20:00+00:00,25835.25,25841.05078125,25826.150390625,25833.55078125,0,25800.57255859375,25500.618125,68.71197220903238,83.02761755905885,100.1799317120374,-17.152314152978533
2026-02-03 06:25:00+00:00,25847.849609375,25850.25,25832.25,25835.599609375,0,25805.29755859375,25518.553125,69.98414245490557,79.54376566806968,96.05269850324386,-16.50893283517418
2026-02-03 06:30:00+00:00,25820.05078125,25851.849609375,25818.75,25849.19921875,0,25807.23759765625,25536.308125,63.81863733356405,73.69020008346706,91.58019881928853,-17.88999873582145
2026-02-03 06:35:00+00:00,25828.25,25834.349609375,25813.25,25820.099609375,0,25810.092578125,25554.0101171875,64.80355181935286,68.91836757321289,87.04783257007338,-18.12946499686049
2026-02-03 06:40:00+00:00,25836.55078125,25843.349609375,25827.94921875,25828.25,0,25811.405078125,25572.1471484375,65.81802810083988,65.0565284404147,82.64957174414165,-17.593043303726958
2026-02-03 06:45:00+00:00,25829.30078125,25838.599609375,25822.94921875,25837.349609375,0,25812.1701171875,25589.67015625,64.0807304481585,60.71113848235109,78.26188509178354,-17.55074660943245
2026-02-03 06:50:00+00:00,25812.150390625,25835.44921875,25812.150390625,25830.400390625,0,25812.86259765625,25606.47015625,60.04321673815707,55.24664352538093,73.65883677850303,-18.412193253122098
2026-02-03 06:55:00+00:00,25786.55078125,25812.44921875,25780.849609375,25811.599609375,0,25814.00517578125,25623.43015625,54.52122021158499,48.29361859726487,68.5857931422554,-20.29217454499053
2026-02-03 07:00:00+00:00,25795.05078125,25812.099609375,25781.69921875,25786.25,0,25815.44267578125,25640.186171875,55.9691887837407,42.97379999435725,63.46339451267578,-20.48959451831853
2026-02-03 07:05:00+00:00,25789.900390625,25797.05078125,25767.55078125,25796.5,0,25815.93271484375,25656.8581640625,54.830054466294925,37.90526366023187,58.351768342187,-20.446504681955133
2026-02-03 07:10:00+00:00,25796.05078125,25801.75,25788.5,25792.44921875,0,25816.03525390625,25672.9031640625,55.98218482386886,33.992848819703795,53.47998443769036,-19.487135617986567
2026-02-03 07:15:00+00:00,25784.099609375,25797.69921875,25783.5,25796.44921875,0,25816.340234375,25688.1981640625,53.145500364845866,29.586813808520677,48.70135031185642,-19.11453650333575
2026-02-03 07:20:00+00:00,25790.80078125,25797.849609375,25780.099609375,25784.30078125,0,25816.6703125,25703.371171875,54.536568325428426,26.33218682615916,44.22751761471697,-17.895330788557814
2026-02-03 07:25:00+00:00,25795.599609375,25805.5,25785.650390625,25791.44921875,0,25817.6078125,25717.896171875,55.55421437857217,23.86499600008028,40.15501329178964,-16.290017291709354
2026-02-03 07:30:00+00:00,25801.349609375,25808.599609375,25792.099609375,25795.44921875,0,25817.74033203125,25732.16015625,56.801931682147206,22.118735426938656,36.54775771881944,-14.429022291880784
2026-02-03 07:35:00+00:00,25791.150390625,25811.5,25790.150390625,25801.05078125,0,25816.5103515625,25746.2481640625,53.91094367570044,19.68490430351449,33.17518703575845,-13.490282732243962
2026-02-03 07:40:00+00:00,25790.30078125,25795.650390625,25786.400390625,25791.30078125,0,25813.10537109375,25760.0951953125,53.66591394228298,17.485952056635142,30.037340039933788,-12.551387983298646
2026-02-03 07:45:00+00:00,25798.599609375,25800.44921875,25790.150390625,25791.30078125,0,25810.6828125,25774.3041796875,55.78009332251901,16.22587089247827,27.27504621044269,-11.04917531796442
2026-02-03 07:50:00+00:00,25793.05078125,25800.150390625,25786.94921875,25797.75,0,25807.7578125,25788.5391796875,54.00569951346576,14.611076045719528,24.74225217749806,-10.131176131778531
2026-02-03 07:55:00+00:00,25771.05078125,25795.05078125,25744.0,25793.0,0,25804.6478515625,25787.7651953125,47.547590362477976,11.424429643891926,22.07868767077684,-10.65425802688491
2026-02-03 08:00:00+00:00,25759.30078125,25779.69921875,25758.400390625,25771.69921875,0,25800.850390625,25786.7722265625,44.48770170028166,7.860254489820363,19.235001034585544,-11.37474654476518
2026-02-03 08:05:00+00:00,25773.5,25777.349609375,25729.400390625,25758.650390625,0,25797.13291015625,25786.5172265625,48.77761189765328,6.110935229622555,16.610187873592945,-10.49925264397039
2026-02-03 08:10:00+00:00,25800.80078125,25811.44921875,25770.5,25773.0,0,25796.17041015625,25787.430234375,55.8432501861674,6.848585763887968,14.65786745165195,-7.809281687763981
2026-02-03 08:15:00+00:00,25796.099609375,25811.849609375,25795.05078125,25802.05078125,0,25794.562890625,25787.89921875,54.45038754179065,6.973448274911789,13.120983616303915,-6.147535341392128
2026-02-03 08:20:00+00:00,25806.69921875,25806.900390625,25787.400390625,25795.599609375,0,25793.0703125,25789.4871875,57.05147114196512,7.837358417164069,12.064258576475948,-4.22690015931188
2026-02-03 08:25:00+00:00,25770.349609375,25810.349609375,25770.150390625,25806.0,0,25790.12275390625,25789.366171875,47.11516598194861,5.5252125281404005,10.75644936680884,-5.2312368386684405
2026-02-03 08:30:00+00:00,25776.44921875,25777.849609375,25755.599609375,25770.849609375,0,25788.3376953125,25790.2521484375,48.72884853243407,4.137315356932959,9.432622564833666,-5.295307207900708
2026-02-03 08:35:00+00:00,25785.599609375,25785.80078125,25765.75,25775.94921875,0,25788.29013671875,25791.9121484375,51.13755799893671,3.7327283312588406,8.292643718118702,-4.559915386859862
2026-02-03 08:40:00+00:00,25775.150390625,25786.69921875,25765.69921875,25785.0,0,25787.2951171875,25793.389140625,48.344455388555446,2.5396500680544705,7.142044988105856,-4.602394920051386
2026-02-03 08:45:00+00:00,25764.0,25781.55078125,25763.400390625,25774.400390625,0,25786.00009765625,25794.9621484375,45.48919264281382,0.6864704094950866,5.850930072383703,-5.164459662888616
2026-02-03 08:50:00+00:00,25772.849609375,25778.69921875,25763.0,25763.400390625,0,25784.8400390625,25796.999140625,48.10866002388164,-0.0673222550103673,4.667279606904889,-4.734601861915256
2026-02-03 08:55:00+00:00,25768.900390625,25773.44921875,25766.25,25772.5,0,25784.080078125,25797.31015625,47.022710077553626,-0.972170741388254,3.5393895372462603,-4.511560278634514
2026-02-03 09:00:00+00:00,25762.80078125,25788.099609375,25740.30078125,25769.05078125,0,25782.680078125,25796.941171875,45.32109072097391,-2.1565972749776847,2.400192174801471,-4.556789449779156
2026-02-03 09:05:00+00:00,25766.5,25776.5,25763.25,25763.400390625,0,25781.22509765625,25796.8481640625,46.58356442288059,-2.7648958010067872,1.3671745796398196,-4.132070380646606
2026-02-03 09:10:00+00:00,25746.599609375,25766.5,25741.349609375,25766.44921875,0,25778.48759765625,25795.574140625,41.0875371607324,-4.797469729648583,0.1342457177821391,-4.931715447430722
2026-02-03 09:15:00+00:00,25762.0,25767.650390625,25740.19921875,25746.19921875,0,25777.030078125,25794.534140625,46.36161653501346,-5.106748971691559,-0.9139532201126006,-4.192795751578959
2026-02-03 09:20:00+00:00,25764.0,25770.0,25749.30078125,25761.55078125,0,25775.7150390625,25793.848125,47.02489251758275,-5.131321039145405,-1.7574267839191615,-3.373894255226243
2026-02-03 09:25:00+00:00,25778.05078125,25790.349609375,25760.849609375,25763.55078125,0,25774.68759765625,25794.13515625,51.557043712298814,-3.971236023167876,-2.200188631768905,-1.7710473913989713
2026-02-03 09:30:00+00:00,25719.650390625,25780.44921875,25714.44921875,25778.75,0,25771.017578125,25793.2021484375,37.280710245271976,-7.675801875062461,-3.295311280427616,-4.380490594634845
2026-02-03 09:35:00+00:00,25716.849609375,25737.5,25696.849609375,25719.900390625,0,25768.30751953125,25791.9371484375,36.75506350450768,-10.71419012797196,-4.779087049936486,-5.935103078035475
2026-02-03 09:40:00+00:00,25717.849609375,25739.25,25699.80078125,25717.150390625,0,25766.2349609375,25790.414140625,37.09609375708187,-12.892822632351454,-6.40183416641948,-6.490988465931974
2026-02-03 09:45:00+00:00,25741.30078125,25749.44921875,25706.05078125,25721.900390625,0,25764.625,25789.68015625,44.63566220995876,-12.58205293341598,-7.637877919818781,-4.944175013597199
2026-02-03 09:50:00+00:00,25730.44921875,25741.599609375,25726.75,25741.599609375,0,25761.107421875,25788.60515625,42.11990532796137,-13.06083889085494,-8.722470114026013,-4.338368776828926
2026-02-03 09:55:00+00:00,25714.80078125,25732.19921875,25708.5,25731.150390625,0,25757.04248046875,25787.3641796875,38.729928215487526,-14.53542302969072,-9.885060697158954,-4.650362332531765
2026-02-04 03:45:00+00:00,25710.69921875,25742.0,25572.30078125,25659.900390625,0,25752.24248046875,25785.6041796875,37.86960199754222,-15.852268317619746,-11.078502221251112,-4.773766096368634
2026-02-04 03:50:00+00:00,25754.150390625,25761.150390625,25708.349609375,25712.55078125,0,25751.43251953125,25784.3721875,50.43158823263655,-13.237141731890006,-11.510230123378893,-1.7269116085111147
2026-02-04 03:55:00+00:00,25752.650390625,25787.80078125,25749.650390625,25754.80078125,0,25750.242578125,25782.2571875,50.05533606759409,-11.157060882873338,-11.43959627527778,0.2825353924044425
2026-02-04 04:00:00+00:00,25762.25,25789.55078125,25752.650390625,25752.650390625,0,25749.07509765625,25780.561171875,52.49784767139929,-8.634441112189961,-10.878565242660216,2.244124130470256
2026-02-04 04:05:00+00:00,25729.75,25764.19921875,25728.19921875,25761.94921875,0,25746.805078125,25778.12515625,44.553723421367735,-9.152224014222156,-10.533296996972606,1.3810729827504495
2026-02-04 04:10:00+00:00,25788.650390625,25791.05078125,25729.69921875,25729.69921875,0,25748.03759765625,25777.2331640625,57.19562011081149,-4.754988870350644,-9.377635371648212,4.622646501297568
2026-02-04 04:15:00+00:00,25786.44921875,25794.05078125,25779.900390625,25788.05078125,0,25748.717578125,25776.2571484375,56.67555692770621,-1.4312657719310664,-7.788361451704784,6.3570956797737175
2026-02-04 04:20:00+00:00,25762.650390625,25786.94921875,25748.099609375,25786.25,0,25748.405078125,25774.5531640625,51.249670317328736,-0.7093805079639424,-6.372565262956615,5.663184754992673
2026-02-04 04:25:00+00:00,25781.5,25782.05078125,25756.19921875,25763.099609375,0,25749.3400390625,25773.7821484375,54.93005653743117,1.367955765894294,-4.824461057186434,6.192416823080728
2026-02-04 04:30:00+00:00,25776.150390625,25785.349609375,25772.30078125,25779.55078125,0,25749.82255859375,25772.74015625,53.6911934962413,2.553159725284786,-3.34893690069219,5.902096625976975
2026-02-04 04:35:00+00:00,25796.0,25800.05078125,25771.30078125,25775.69921875,0,25752.292578125,25771.929140625,57.51958689736746,5.036087111129746,-1.6719320983278028,6.708019209457548
2026-02-04 04:40:00+00:00,25782.30078125,25801.80078125,25774.900390625,25795.849609375,0,25753.3076171875,25770.989140625,54.18992569588494,5.831194113019592,-0.1713068560583239,6.002500969077916
2026-02-04 04:45:00+00:00,25757.349609375,25787.05078125,25757.349609375,25782.55078125,0,25752.97509765625,25769.893125,48.66437842613069,4.397281966488663,0.7424109084510735,3.654871058037589
2026-02-04 04:50:00+00:00,25744.80078125,25769.599609375,25737.55078125,25757.25,0,25751.31259765625,25769.058125,46.11743780326572,2.222688930414733,1.0384665128438055,1.184222417570928
2026-02-04 04:55:00+00:00,25743.30078125,25753.80078125,25735.94921875,25744.80078125,0,25752.4951171875,25768.023125,45.808813971683584,0.3739600396984315,0.9055652182147308,-0.5316051785162993
2026-02-04 05:00:00+00:00,25726.5,25750.349609375,25723.55078125,25744.150390625,0,25752.97763671875,25766.7551171875,42.38726628095192,-2.4189691913743445,0.2406583362969157,-2.6596275276712604
2026-02-04 05:05:00+00:00,25727.44921875,25732.19921875,25709.55078125,25726.19921875,0,25753.4576171875,25765.3830859375,42.64790823728048,-4.503873854566336,-0.7082481018757347,-3.7956257526906017
2026-02-04 05:10:00+00:00,25740.349609375,25743.75,25724.0,25727.099609375,0,25753.41005859375,25764.5080859375,46.20956555452344,-5.056928981230158,-1.577984277746619,-3.4789447034835383
2026-02-04 05:15:00+00:00,25752.849609375,25755.900390625,25729.599609375,25739.0,0,25754.530078125,25763.7490625,49.48320251607658,-4.435454462447524,-2.1494783146868004,-2.2859761477607234
2026-02-04 05:20:00+00:00,25743.30078125,25756.900390625,25739.05078125,25751.849609375,0,25755.955078125,25762.7030859375,47.12385962006051,-4.659727616253804,-2.651528175000201,-2.008199441253603
2026-02-04 05:25:00+00:00,25746.19921875,25750.400390625,25734.94921875,25742.400390625,0,25757.730078125,25761.600078125,47.93533415778384,-4.55112350465788,-3.031447240931737,-1.5196762637261432
2026-02-04 05:30:00+00:00,25749.05078125,25760.150390625,25737.30078125,25745.900390625,0,25757.47509765625,25760.7580859375,48.76835730595418,-4.186695086689724,-3.2624968100833347,-0.9241982766063894
2026-02-04 05:35:00+00:00,25737.150390625,25759.0,25736.69921875,25748.80078125,0,25756.70009765625,25759.695078125,45.49677673853524,-4.802781531740038,-3.570553754414676,-1.2322277773253625
2026-02-04 05:40:00+00:00,25723.94921875,25738.0,25714.150390625,25737.400390625,0,25754.78505859375,25758.2020703125,42.1211410343422,-6.283822724795755,-4.113207548490892,-2.170615176304863
2026-02-04 05:45:00+00:00,25708.94921875,25726.80078125,25704.900390625,25724.0,0,25753.74501953125,25756.5200390625,38.61525861385556,-8.569153315078438,-5.0043967018084015,-3.564756613270037
2026-02-04 05:50:00+00:00,25698.05078125,25723.25,25695.400390625,25709.099609375,0,25749.2150390625,25755.0600390625,36.25416713352382,-11.131391346611052,-6.229795630768932,-4.901595715842122
2026-02-04 05:55:00+00:00,25699.349609375,25704.650390625,25685.94921875,25696.900390625,0,25744.86005859375,25753.861015625,36.750511405697786,-12.908379112377588,-7.565512327090663,-5.342866785286925
2026-02-04 06:00:00+00:00,25705.150390625,25711.5,25691.25,25698.150390625,0,25741.98505859375,25752.4940234375,39.03369368939302,-13.690761574303906,-8.790562176533312,-4.900199397770594
2026-02-04 06:05:00+00:00,25703.44921875,25709.099609375,25698.099609375,25705.849609375,0,25738.08251953125,25750.5469921875,38.59370007457876,-14.283425230241846,-9.88913478727502,-4.394290442966828
2026-02-04 06:10:00+00:00,25717.349609375,25723.900390625,25702.599609375,25703.19921875,0,25735.14248046875,25748.9719921875,44.13498101429106,-13.476125705918092,-10.606532971003634,-2.869592734914459
2026-02-04 06:15:00+00:00,25714.19921875,25725.599609375,25703.849609375,25717.05078125,0,25731.05244140625,25747.1219921875,43.18384927135948,-12.94136520873144,-11.073499418549195,-1.8678657901822435
2026-02-04 06:20:00+00:00,25721.900390625,25723.150390625,25695.650390625,25713.75,0,25728.032421875,25746.1530078125,46.23414124361161,-11.76057486667196,-11.210914508173753,-0.5496603584982083
2026-02-04 06:25:00+00:00,25727.44921875,25729.55078125,25717.900390625,25721.349609375,0,25726.53740234375,25745.1730078125,48.38434771554827,-10.25878902327895,-11.020489411194792,0.761700387915841
2026-02-04 06:30:00+00:00,25717.55078125,25734.849609375,25711.25,25726.900390625,0,25725.17490234375,25743.81203125,44.93225944883625,-9.754885852260486,-10.76736869940793,1.012482847147444
2026-02-04 06:35:00+00:00,25736.349609375,25737.900390625,25716.80078125,25717.400390625,0,25724.82734375,25743.036015625,51.944670646362844,-7.749301513402315,-10.163755262206807,2.414453748804492
2026-02-04 06:40:00+00:00,25742.55078125,25742.55078125,25731.650390625,25736.19921875,0,25725.6298828125,25742.60703125,54.02448419089264,-5.594983246337506,-9.250000859032948,3.655017612695442
2026-02-04 06:45:00+00:00,25734.150390625,25750.30078125,25732.400390625,25741.69921875,0,25725.96494140625,25741.833046875,50.81604299319951,-4.513483192411513,-8.302697325708662,3.7892141332971487
2026-02-04 06:50:00+00:00,25727.849609375,25738.30078125,25723.599609375,25733.5,0,25725.33994140625,25741.01203125,48.4899105324376,-4.117344808935741,-7.4656268223540785,3.3482820134183378
2026-02-04 06:55:00+00:00,25748.0,25756.30078125,25727.19921875,25727.19921875,0,25725.0974609375,25740.716015625,55.50479553155371,-2.152620101838693,-6.403025478251002,4.250405376412309
2026-02-04 07:00:00+00:00,25738.5,25747.69921875,25731.349609375,25746.849609375,0,25724.857421875,25740.156015625,51.915183872692914,-1.3466093472561624,-5.391742252052034,4.045132904795872
2026-02-04 07:05:00+00:00,25741.55078125,25742.94921875,25727.19921875,25738.0,0,25724.625,25740.0550390625,52.96712310133236,-0.4564062991084938,-4.404675061463326,3.948268762354832
2026-02-04 07:10:00+00:00,25738.69921875,25762.94921875,25738.69921875,25741.19921875,0,25724.107421875,25739.5890234375,51.82586014826696,0.0187723716517211,-3.519985574840317,3.538757946492038
2026-02-04 07:15:00+00:00,25723.349609375,25738.900390625,25722.19921875,25738.599609375,0,25723.4173828125,25738.776015625,46.07133787799943,-0.8336208406799415,-2.9827126280082417,2.1490917873283
2026-02-04 07:20:00+00:00,25720.400390625,25725.0,25712.44921875,25723.900390625,0,25723.23994140625,25737.6230078125,45.03661782337841,-1.7272156413273478,-2.731613230672063,1.0043975893447152
2026-02-04 07:25:00+00:00,25705.150390625,25721.599609375,25701.25,25720.099609375,0,25723.05,25737.3330078125,40.030197425726094,-3.624166375266213,-2.910123859590893,-0.7140425156753203
2026-02-04 07:30:00+00:00,25717.099609375,25718.25,25702.650390625,25704.55078125,0,25724.00244140625,25737.3380078125,45.17311398761031,-4.115866265106888,-3.151272340694093,-0.9645939244127956
2026-02-04 07:35:00+00:00,25733.900390625,25738.099609375,25715.599609375,25717.19921875,0,25725.72998046875,25737.6590234375,51.47431305917036,-3.113963500560203,-3.143810572667315,0.029847072107112
2026-02-04 07:40:00+00:00,25736.75,25740.94921875,25728.80078125,25734.150390625,0,25727.3099609375,25737.5680078125,52.47205717277583,-2.066190917223139,-2.92828664157848,0.8620957243553411
2026-02-04 07:45:00+00:00,25734.69921875,25744.0,25727.849609375,25735.900390625,0,25728.8724609375,25737.6530078125,51.64900357037072,-1.3853352218211512,-2.6196963576270145,1.2343611358058633
2026-02-04 07:50:00+00:00,25750.599609375,25752.19921875,25734.599609375,25736.94921875,0,25730.5349609375,25738.368984375,57.24822130874484,0.4322932528884848,-2.0092984355239145,2.4415916884124
2026-02-04 07:55:00+00:00,25757.25,25759.25,25748.75,25750.55078125,0,25732.6875,25739.3,59.36764584530668,2.3819502187980106,-1.1310487046595297,3.5129989234575403
2026-02-04 08:00:00+00:00,25765.150390625,25768.900390625,25757.05078125,25757.94921875,0,25734.85,25739.52,61.79099289836376,4.512545097004477,-0.0023299443267283,4.514875041331205
2026-02-04 08:05:00+00:00,25770.900390625,25772.5,25757.44921875,25764.349609375,0,25737.02255859375,25739.885,63.49735774290311,6.589079031811707,1.315951850900959,5.273127180910748
2026-02-04 08:10:00+00:00,25771.349609375,25772.69921875,25767.25,25771.5,0,25739.7125,25740.0669921875,63.63399729292484,8.1767389775232,2.688109276225408,5.488629701297793
2026-02-04 08:15:00+00:00,25764.400390625,25772.55078125,25762.44921875,25770.19921875,0,25741.1150390625,25740.76,59.89864222793784,8.77309625433918,3.905106671848162,4.867989582491018
2026-02-04 08:20:00+00:00,25786.25,25787.099609375,25761.0,25764.5,0,25743.3,25740.7119921875,66.5477119932797,10.883338216182892,5.300752980715108,5.582585235467784
2026-02-04 08:25:00+00:00,25775.099609375,25788.25,25772.599609375,25786.75,0,25745.3474609375,25740.485,60.9900528169903,11.523145193794337,6.545231423330954,4.977913770463381
2026-02-04 08:30:00+00:00,25766.19921875,25775.80078125,25755.25,25774.94921875,0,25747.26494140625,25740.5559765625,56.90486657991817,11.183097901965084,7.47280471905778,3.710293182907304
2026-02-04 08:35:00+00:00,25766.55078125,25767.900390625,25757.099609375,25765.599609375,0,25748.19248046875,25740.2569921875,57.02730665431578,10.817281244238984,8.141700024094021,2.675581220144963
2026-02-04 08:40:00+00:00,25790.900390625,25791.69921875,25765.25,25766.75,0,25750.8125,25740.5519921875,64.5416068908774,12.34981787286597,8.98332359384841,3.3664942790175587
2026-02-04 08:45:00+00:00,25806.19921875,25813.69921875,25789.94921875,25789.94921875,0,25754.044921875,25740.7559765625,68.29307257510693,14.630203881079067,10.112699651294545,4.517504229784526
2026-02-04 08:50:00+00:00,25801.0,25818.30078125,25799.75,25806.19921875,0,25757.1599609375,25741.1299609375,65.74727260339455,15.835352632453578,11.257230247526351,4.578122384927227
2026-02-04 08:55:00+00:00,25798.19921875,25801.25,25788.349609375,25801.25,0,25760.90244140625,25741.946953125,64.35552887765564,16.375673490285408,12.280918896078164,4.094754594207245
2026-02-04 09:00:00+00:00,25799.19921875,25804.05078125,25793.150390625,25797.75,0,25764.8423828125,25743.034921875,64.64330758260616,16.69215651576451,13.163166420015433,3.5289900957490765
2026-02-04 09:05:00+00:00,25811.5,25815.69921875,25795.849609375,25799.400390625,0,25770.15986328125,25744.39890625,68.0593809279732,17.731148199360177,14.076762775884385,3.6543854234757935
2026-02-04 09:10:00+00:00,25809.349609375,25813.25,25803.900390625,25811.44921875,0,25774.77236328125,25746.0558984375,66.8435191429279,18.171567523269918,14.89572372536149,3.275843797908424
2026-02-04 09:15:00+00:00,25795.05078125,25812.650390625,25782.25,25809.69921875,0,25777.8298828125,25747.4079296875,59.2622467975964,17.168894749716856,15.350357930232564,1.81853681948429
2026-02-04 09:20:00+00:00,25795.650390625,25799.55078125,25791.5,25795.25,0,25780.77490234375,25748.5139453125,59.46984030131981,16.235500079554186,15.527386360096887,0.7081137194572964
2026-02-04 09:25:00+00:00,25782.650390625,25798.69921875,25779.849609375,25795.30078125,0,25783.1724609375,25749.1099609375,53.14644246686328,14.28215097809516,15.278339283696544,-0.9961883056013844
2026-02-04 09:30:00+00:00,25789.900390625,25812.400390625,25784.80078125,25784.80078125,0,25785.1375,25750.041953125,55.95893199259611,13.167337283466622,14.85613888365056,-1.688801600183938
2026-02-04 09:35:00+00:00,25784.650390625,25796.55078125,25780.19921875,25790.05078125,0,25786.50751953125,25750.8109765625,53.45654095919453,11.72504920609572,14.229920948139592,-2.504871742043873
2026-02-04 09:40:00+00:00,25783.099609375,25789.30078125,25780.349609375,25785.44921875,0,25787.40498046875,25751.491953125,52.7067709073415,10.337723584729249,13.451481475457523,-3.1137578907282766
2026-02-04 09:45:00+00:00,25768.94921875,25790.25,25768.94921875,25783.0,0,25787.307421875,25752.1279296875,46.322364477535714,8.004172651064437,12.362019710578908,-4.357847059514471
2026-02-04 09:50:00+00:00,25759.69921875,25771.44921875,25755.900390625,25770.099609375,0,25786.72490234375,25752.8429296875,42.682679631647936,5.346784624394786,10.958972693342083,-5.612188068947297
2026-02-04 09:55:00+00:00,25737.5,25764.599609375,25737.5,25760.849609375,0,25785.3798828125,25753.4139453125,35.47802540140505,1.4329755906874198,9.053773272811153,-7.620797682123731
2026-02-05 03:45:00+00:00,25727.349609375,25752.25,25685.25,25752.25,0,25782.43486328125,25753.999921875,32.75547970107742,-2.4594469851945178,6.751129221210018,-9.210576206404536
2026-02-05 03:50:00+00:00,25682.30078125,25728.30078125,25681.05078125,25728.30078125,0,25777.794921875,25753.6589453125,23.965503172368287,-9.074676637399534,3.585968049488108,-12.66064468688764
2026-02-05 03:55:00+00:00,25690.650390625,25690.650390625,25666.75,25682.599609375,0,25774.01748046875,25753.3689453125,27.83113906963069,-13.488068048529383,0.171160829884609,-13.659228878413996
2026-02-05 04:00:00+00:00,25692.75,25729.55078125,25690.69921875,25690.69921875,0,25770.32744140625,25753.1549609375,28.81125764143681,-16.62465295840957,-3.188001927774227,-13.436651030635344
2026-02-05 04:05:00+00:00,25677.849609375,25707.05078125,25663.44921875,25692.94921875,0,25764.67490234375,25752.3649609375,26.10202215343979,-20.081271693117746,-6.56665588084293,-13.514615812274812
2026-02-05 04:10:00+00:00,25635.150390625,25680.349609375,25633.900390625,25679.599609375,0,25756.1224609375,25750.783984375,20.23105103699065,-25.96680784774071,-10.446686274222486,-15.520121573518225
2026-02-05 04:15:00+00:00,25631.650390625,25641.80078125,25623.400390625,25635.150390625,0,25747.65498046875,25748.978984375,19.837184912108,-30.561267138713447,-14.46960244712068,-16.09166469159277
2026-02-05 04:20:00+00:00,25624.599609375,25647.05078125,25622.30078125,25631.75,0,25738.975,25746.9219921875,19.03329239901053,-34.37509366709128,-18.4507006911148,-15.924392975976478
2026-02-05 04:25:00+00:00,25637.650390625,25643.80078125,25613.099609375,25625.25,0,25730.89755859375,25745.323984375,25.084906433428543,-35.930307472324785,-21.9466220473568,-13.983685424967987
2026-02-05 04:30:00+00:00,25636.849609375,25643.099609375,25622.55078125,25637.349609375,0,25722.1650390625,25743.333984375,24.961624437997276,-36.80319761918872,-24.91793716172318,-11.885260457465542
2026-02-05 04:35:00+00:00,25637.099609375,25646.0,25630.0,25637.650390625,0,25713.5525390625,25741.2249609375,25.085408400892845,-37.047733231469465,-27.34389637567244,-9.703836855797023
2026-02-05 04:40:00+00:00,25672.75,25676.69921875,25635.349609375,25635.55078125,0,25707.4375,25739.996953125,40.22765238305102,-33.97321876694696,-28.669760853927343,-5.303457913019614
2026-02-05 04:45:00+00:00,25670.55078125,25673.099609375,25657.30078125,25672.5,0,25701.18251953125,25738.8509765625,39.69463126565866,-31.35268820338024,-29.206346323817925,-2.146341879562314
2026-02-05 04:50:00+00:00,25694.599609375,25700.44921875,25670.599609375,25670.599609375,0,25696.77998046875,25737.78296875,47.83443307466054,-27.023845339295804,-28.769846126913503,1.7460007876176995
2026-02-05 04:55:00+00:00,25669.55078125,25698.349609375,25668.94921875,25694.849609375,0,25690.7625,25736.403984375,41.54445543382233,-25.322534850747616,-28.08038387168033,2.75784902093271
2026-02-05 05:00:00+00:00,25646.69921875,25670.849609375,25641.19921875,25668.900390625,0,25683.86494140625,25734.506953125,36.79144771915539,-25.5239400537248,-27.569095108089225,2.0451550543644217
2026-02-05 05:05:00+00:00,25627.80078125,25653.400390625,25626.650390625,25646.900390625,0,25676.1,25732.288984375,33.38926958830524,-26.89843270502024,-27.43496262747543,0.5365299224551876
2026-02-05 05:10:00+00:00,25642.650390625,25651.0,25623.55078125,25627.44921875,0,25669.78505859375,25730.675,38.22329290262953,-26.484195342585732,-27.244809170497494,0.760613827911758
2026-02-05 05:15:00+00:00,25639.94921875,25649.150390625,25636.5,25642.80078125,0,25663.79755859375,25729.0659765625,37.68751606761127,-26.073314306857355,-27.01051019776947,0.9371958909121147
2026-02-05 05:20:00+00:00,25635.05078125,25651.150390625,25633.69921875,25640.25,0,25658.67509765625,25727.663984375,36.68332903092391,-25.84502572551355,-26.77741330331829,0.9323875778047396
2026-02-05 05:25:00+00:00,25624.0,25635.849609375,25616.0,25633.55078125,0,25653.5076171875,25725.8019921875,34.453022683288765,-26.2531807461055,-26.67256679187573,0.4193860457702349
2026-02-05 05:30:00+00:00,25643.099609375,25649.30078125,25611.94921875,25624.349609375,0,25651.54755859375,25723.9859765625,41.11656420633669,-24.750163210999744,-26.28808607570054,1.5379228647007963
2026-02-05 05:35:00+00:00,25662.849609375,25663.400390625,25642.75,25643.25,0,25650.15751953125,25722.50796875,47.10476418060777,-21.715033652606508,-25.373475591081736,3.658441938475228
2026-02-05 05:40:00+00:00,25673.55078125,25678.25,25658.650390625,25662.25,0,25649.19755859375,25721.285,50.067773433027,-18.23596363645629,-23.945973200156647,5.710009563700357
2026-02-05 05:45:00+00:00,25647.80078125,25676.900390625,25646.849609375,25673.650390625,0,25647.6951171875,25719.2290234375,43.72120266446086,-17.356510334499035,-22.628080627025124,5.271570292526089
2026-02-05 05:50:00+00:00,25645.0,25655.69921875,25644.599609375,25647.05078125,0,25648.18759765625,25716.9840234375,43.08152881645417,-16.693109125448245,-21.44108632670975,4.747977201261506
2026-02-05 05:55:00+00:00,25653.05078125,25655.30078125,25639.400390625,25644.900390625,0,25649.2576171875,25714.74203125,45.5477164336577,-15.340887917500368,-20.22104664486788,4.880158727367508
2026-02-05 06:00:00+00:00,25647.30078125,25665.849609375,25645.94921875,25652.55078125,0,25650.39267578125,25712.2700390625,44.07873433407766,-14.565319872323016,-19.089901290358902,4.524581418035886
2026-02-05 06:05:00+00:00,25671.05078125,25674.349609375,25641.75,25647.400390625,0,25652.0626953125,25710.2640625,51.09468333486451,-11.897107644650532,-17.65134256121723,5.754234916566698
2026-02-05 06:10:00+00:00,25666.30078125,25680.19921875,25665.599609375,25671.44921875,0,25653.53525390625,25708.3020703125,49.75030996479805,-10.04996578371356,-16.131067205716498,6.081101422002938
2026-02-05 06:15:00+00:00,25635.05078125,25668.30078125,25631.30078125,25666.349609375,0,25653.4328125,25705.2780859375,41.93324446883364,-10.981122835302813,-15.101078331633762,4.119955496330949
2026-02-05 06:20:00+00:00,25638.349609375,25638.900390625,25629.650390625,25634.900390625,0,25651.71279296875,25702.5430859375,42.95225988688787,-11.322366454522124,-14.345335956211434,3.022969501689309
2026-02-05 06:25:00+00:00,25651.900390625,25652.25,25637.150390625,25638.19921875,0,25650.7802734375,25700.257109375,47.06196218842117,-10.379718746451545,-13.552212514259455,3.1724937678079126
2026-02-05 06:30:00+00:00,25651.30078125,25654.55078125,25635.0,25651.349609375,0,25648.61533203125,25697.952109375,46.90095607082116,-9.570721788604716,-12.75591436912851,3.185192580523795
2026-02-05 06:35:00+00:00,25636.94921875,25657.69921875,25631.650390625,25651.30078125,0,25646.98525390625,25694.8730859375,43.10022340021351,-9.972678197256757,-12.19926713475416,2.226588937497405
2026-02-05 06:40:00+00:00,25629.80078125,25642.099609375,25627.099609375,25636.55078125,0,25646.14033203125,25691.3451171875,41.304737037321615,-10.744198281561694,-11.908253364115668,1.1640550825539735
2026-02-05 06:45:00+00:00,25615.05078125,25630.5,25614.69921875,25629.69921875,0,25645.50283203125,25687.6261328125,37.80513277629761,-12.402862754661328,-12.0071752422248,-0.3956875124365275
2026-02-05 06:50:00+00:00,25616.400390625,25622.05078125,25611.55078125,25615.650390625,0,25644.19033203125,25683.99015625,38.32008106444196,-13.45338189022732,-12.296416571825304,-1.1569653184020154
2026-02-05 06:55:00+00:00,25621.55078125,25626.5,25611.69921875,25616.05078125,0,25643.27041015625,25680.4371875,40.34980831799702,-13.712265927890256,-12.579586443038297,-1.1326794848519608
2026-02-05 07:00:00+00:00,25618.099609375,25634.94921875,25604.099609375,25620.900390625,0,25642.4228515625,25676.5691796875,39.41385559313196,-14.034137321465096,-12.870496618723656,-1.1636407027414393
2026-02-05 07:05:00+00:00,25621.349609375,25627.80078125,25617.55078125,25617.55078125,0,25642.29033203125,25672.8091796875,40.80633607139447,-13.867123315616482,-13.069821958102224,-0.7973013575142591
2026-02-05 07:10:00+00:00,25617.44921875,25627.349609375,25614.900390625,25622.05078125,0,25641.0078125,25669.2571484375,39.6291635080918,-13.889384263275131,-13.233734419136804,-0.6556498441383276
2026-02-05 07:15:00+00:00,25625.55078125,25628.650390625,25616.900390625,25617.19921875,0,25639.14287109375,25665.85515625,43.28871120968597,-13.102263105309248,-13.207440156371296,0.1051770510620464
2026-02-05 07:20:00+00:00,25623.30078125,25636.900390625,25619.25,25626.30078125,0,25636.63037109375,25662.6681640625,42.51786091855939,-12.515746379209304,-13.069101400938898,0.5533550217295939
2026-02-05 07:25:00+00:00,25640.80078125,25646.55078125,25606.75,25622.94921875,0,25636.28037109375,25659.686171875,49.97874335132162,-10.517583743327124,-12.558797869416544,2.0412141260894217
2026-02-05 07:30:00+00:00,25637.69921875,25642.19921875,25633.349609375,25640.099609375,0,25635.91533203125,25656.7471484375,48.770534637424845,-9.07963129363634,-11.862964554260504,2.7833332606241648
2026-02-05 07:35:00+00:00,25642.55078125,25644.55078125,25634.44921875,25638.44921875,0,25635.39033203125,25653.936171875,50.77513117438939,-7.462539559051947,-10.982879555218794,3.5203399961668467
2026-02-05 07:40:00+00:00,25636.80078125,25646.44921875,25629.55078125,25643.69921875,0,25634.86533203125,25651.293203125,48.35987490276468,-6.569233618178259,-10.100150367810688,3.5309167496324285
2026-02-05 07:45:00+00:00,25650.55078125,25653.25,25637.44921875,25637.44921875,0,25633.84033203125,25649.110234375,53.99538349266758,-4.697620888226084,-9.019644471893766,4.322023583667683
2026-02-05 07:50:00+00:00,25644.650390625,25657.30078125,25643.400390625,25651.30078125,0,25632.7578125,25647.2532421875,51.40301250880776,-3.648409928711772,-7.945397563257368,4.296987634545596
2026-02-05 07:55:00+00:00,25612.30078125,25645.0,25611.19921875,25644.44921875,0,25631.6203125,25644.952265625,40.04990048764338,-5.3653968487087695,-7.429397420347648,2.0640005716388785
2026-02-05 08:00:00+00:00,25632.55078125,25633.69921875,25611.69921875,25611.69921875,0,25631.33037109375,25643.957265625,47.81913600622008,-5.034085782051989,-6.950335092688517,1.9162493106365288
2026-02-05 08:05:00+00:00,25639.0,25643.5,25626.05078125,25632.25,0,25630.6853515625,25642.9242578125,50.03978266829497,-4.202675492997514,-6.400803172750317,2.198127679752803
2026-02-05 08:10:00+00:00,25635.900390625,25643.400390625,25632.80078125,25639.599609375,0,25629.91533203125,25641.787265625,48.96131820589705,-3.7506542139017256,-5.8707733809806,2.120119167078874
2026-02-05 08:15:00+00:00,25642.400390625,25645.150390625,25632.0,25635.80078125,0,25630.187890625,25641.07828125,51.33018787869838,-2.8352454714331543,-5.263667799071111,2.428422327637956
2026-02-05 08:20:00+00:00,25629.400390625,25647.400390625,25629.05078125,25641.94921875,0,25630.16787109375,25640.96328125,46.66520966982373,-3.1227714370616013,-4.835488526669209,1.712717089607608
2026-02-05 08:25:00+00:00,25635.25,25635.30078125,25621.05078125,25629.94921875,0,25631.17783203125,25641.0352734375,48.91498171212331,-2.845818423669698,-4.437554506069307,1.591736082399609
2026-02-05 08:30:00+00:00,25627.25,25642.0,25621.94921875,25635.400390625,0,25631.7203125,25641.08828125,46.05382631116132,-3.234578103503736,-4.196959225556193,0.9623811220524568
2026-02-05 08:35:00+00:00,25594.400390625,25627.94921875,25592.400390625,25627.25,0,25630.36279296875,25640.22328125,36.58965190172613,-6.122782268863375,-4.582123834217629,-1.5406584346457457
2026-02-05 08:40:00+00:00,25596.94921875,25599.19921875,25580.599609375,25594.69921875,0,25629.3052734375,25639.4252734375,37.66013035603324,-8.112519673133647,-5.2882030020008335,-2.824316671132814
2026-02-05 08:45:00+00:00,25597.400390625,25601.5,25589.900390625,25597.44921875,0,25628.1078125,25638.6312890625,37.86010478323236,-9.542989459409,-6.139160293482467,-3.403829165926533
2026-02-05 08:50:00+00:00,25598.94921875,25605.349609375,25595.900390625,25597.849609375,0,25627.1828125,25637.1552734375,38.58839571974966,-10.431422638575896,-6.997612762501153,-3.433809876074742
2026-02-05 08:55:00+00:00,25611.900390625,25617.650390625,25594.55078125,25598.900390625,0,25626.50029296875,25635.982265625,44.45112915139184,-9.97546999246697,-7.593184208494316,-2.382285783972653
2026-02-05 09:00:00+00:00,25626.400390625,25627.349609375,25606.349609375,25611.80078125,0,25626.6552734375,25634.61828125,50.18506573568165,-8.347866409418202,-7.744120648679094,-0.6037457607391081
2026-02-05 09:05:00+00:00,25631.099609375,25640.349609375,25626.69921875,25626.69921875,0,25626.17021484375,25633.8492578125,51.9173085279401,-6.6026795832731295,-7.515832435597902,0.9131528523247728
2026-02-05 09:10:00+00:00,25624.05078125,25634.19921875,25620.55078125,25631.849609375,0,25625.48779296875,25633.3962890625,49.156079792558494,-5.722423435065139,-7.15715063549135,1.4347272004262113
2026-02-05 09:15:00+00:00,25620.80078125,25626.900390625,25609.05078125,25624.25,0,25624.40029296875,25633.2562890625,47.89134810461446,-5.226810516269325,-6.771082611646945,1.5442720953776208
2026-02-05 09:20:00+00:00,25630.19921875,25632.099609375,25618.05078125,25620.19921875,0,25624.07021484375,25633.007265625,51.75691514871983,-4.02921209822307,-6.222708508962171,2.193496410739101
2026-02-05 09:25:00+00:00,25645.19921875,25649.0,25630.150390625,25630.150390625,0,25623.80263671875,25633.112265625,57.21249169375386,-1.8484245957843088,-5.347851726326599,3.4994271305422906
2026-02-05 09:30:00+00:00,25665.25,25669.44921875,25645.94921875,25646.05078125,0,25624.8326171875,25633.71625,63.202751419734895,1.480726790410699,-3.982136022979139,5.462862813389839
2026-02-05 09:35:00+00:00,25643.19921875,25669.75,25631.19921875,25665.55078125,0,25626.3775390625,25634.100234375,54.213678599477085,2.3131252207240323,-2.723083774238505,5.0362089949625375
2026-02-05 09:40:00+00:00,25647.80078125,25649.44921875,25630.44921875,25644.75,0,25627.1400390625,25634.1942578125,55.631810569432645,3.30600504253016,-1.517266010884772,4.823271053414931
2026-02-05 09:45:00+00:00,25629.25,25649.75,25621.849609375,25647.75,0,25626.6525390625,25633.522265625,49.0377491843816,2.5663926659690333,-0.700534275514011,3.266926941483044
2026-02-05 09:50:00+00:00,25640.94921875,25642.150390625,25621.55078125,25630.44921875,0,25626.90498046875,25632.870234375,52.83467379519847,2.8909486511038267,0.0177623098095565,2.87318634129427
2026-02-05 09:55:00+00:00,25641.599609375,25645.599609375,25629.30078125,25642.69921875,0,25626.86494140625,25632.7462109375,53.04412141949629,3.164168134888314,0.6470434748253081,2.517124660063006
2026-02-06 03:45:00+00:00,25603.5,25630.44921875,25555.94921875,25610.5,0,25625.569921875,25631.9162109375,41.43601227055969,0.3028850095324742,0.5782117817667414,-0.2753267722342671
2026-02-06 03:50:00+00:00,25587.849609375,25601.849609375,25578.44921875,25600.650390625,0,25623.19990234375,25630.6121875,37.77871127915091,-3.1907769192730484,-0.1755859584412165,-3.015190960831832
2026-02-06 03:55:00+00:00,25574.349609375,25596.94921875,25570.5,25588.099609375,0,25620.5548828125,25629.1531640625,34.91586014248699,-6.968537382930663,-1.5341762433391055,-5.434361139591557
2026-02-06 04:00:00+00:00,25563.599609375,25574.599609375,25554.5,25574.599609375,0,25619.01484375,25627.004140625,32.78531672150875,-10.706457548098117,-3.368632504290908,-7.337825043807207
2026-02-06 04:05:00+00:00,25544.30078125,25565.80078125,25534.400390625,25563.650390625,0,25616.382421875,25624.564140625,29.325734189378537,-15.052524222541251,-5.705410847940977,-9.347113374600276
2026-02-06 04:10:00+00:00,25526.30078125,25547.69921875,25522.400390625,25543.44921875,0,25612.82744140625,25622.389140625,26.51533693544279,-19.721920913656504,-8.508712861084083,-11.21320805257242
2026-02-06 04:15:00+00:00,25569.0,25569.0,25527.19921875,25527.19921875,0,25611.32998046875,25621.0021484375,40.96774724198848,-19.74932342477041,-10.756834973821348,-8.992488450949061
2026-02-06 04:20:00+00:00,25554.25,25570.80078125,25553.0,25569.25,0,25608.4474609375,25619.049140625,38.174713774054105,-20.722367290465627,-12.749941437150206,-7.972425853315421
2026-02-06 04:25:00+00:00,25552.349609375,25554.599609375,25538.05078125,25554.19921875,0,25604.744921875,25617.0701171875,37.81698285739124,-21.400169374235706,-14.479987024567308,-6.920182349668394
2026-02-06 04:30:00+00:00,25535.55078125,25560.44921875,25520.05078125,25552.349609375,0,25599.96748046875,25615.0421484375,34.71972244675203,-23.0274117760564,-16.18947197486513,-6.837939801191268
2026-02-06 04:35:00+00:00,25531.75,25542.150390625,25520.80078125,25534.849609375,0,25595.35244140625,25613.0811328125,34.040418240453675,-24.34309236978152,-17.820196053848406,-6.52289631593311
2026-02-06 04:40:00+00:00,25515.80078125,25533.5,25504.75,25531.55078125,0,25590.10244140625,25611.0961328125,31.27514170663207,-26.36878444612012,-19.52991373230275,-6.838870713817368
2026-02-06 04:45:00+00:00,25544.849609375,25553.19921875,25511.599609375,25515.80078125,0,25585.8349609375,25609.6651171875,40.72056869071194,-25.338080730194637,-20.691547131881126,-4.646533598313507
2026-02-06 04:50:00+00:00,25544.69921875,25558.80078125,25539.44921875,25543.94921875,0,25580.8099609375,25608.1280859375,40.68938943485678,-24.25379324500682,-21.403996354506265,-2.849796890500553
2026-02-06 04:55:00+00:00,25506.650390625,25546.400390625,25506.650390625,25543.94921875,0,25572.87998046875,25605.8991015625,33.66597477912981,-26.163117906242405,-22.355820664853496,-3.807297241388909
2026-02-06 05:00:00+00:00,25504.80078125,25514.150390625,25496.650390625,25507.099609375,0,25565.96005859375,25603.568125,33.36448335949865,-27.508419537909504,-23.386340439464696,-4.122079098444807
2026-02-06 05:05:00+00:00,25522.44921875,25525.849609375,25502.400390625,25504.849609375,0,25559.69248046875,25601.668125,38.97972973824851,-26.841091961148777,-24.07729074380152,-2.763801217347261
2026-02-06 05:10:00+00:00,25502.400390625,25523.650390625,25497.900390625,25521.599609375,0,25553.35,25599.2051171875,35.33674764091391,-27.61171229176034,-24.78417505339328,-2.8275372383670607
2026-02-06 05:15:00+00:00,25507.80078125,25518.05078125,25496.94921875,25501.69921875,0,25546.692578125,25596.8951171875,37.04353498233792,-27.47001087937315,-25.32134221858925,-2.148668660783894
2026-02-06 05:20:00+00:00,25498.25,25513.5,25493.55078125,25507.55078125,0,25539.52509765625,25594.0441015625,35.27044329515877,-27.80782838101368,-25.81863945107414,-1.989188929939537
2026-02-06 05:25:00+00:00,25522.5,25524.19921875,25492.150390625,25498.19921875,0,25535.47509765625,25591.7401171875,42.7618272910842,-25.821128949181,-25.81913735069552,-0.0019915984854854
2026-02-06 05:30:00+00:00,25546.75,25548.150390625,25522.75,25522.75,0,25533.4201171875,25589.8241015625,49.105164831424005,-22.03586724105844,-25.062483328768103,3.0266160877096624
2026-02-06 05:35:00+00:00,25558.80078125,25559.55078125,25543.25,25546.25,0,25532.64267578125,25588.2641015625,51.9546819912338,-17.857769481237483,-23.62154055926198,5.763771078024497
2026-02-06 05:40:00+00:00,25576.400390625,25576.400390625,25554.849609375,25558.599609375,0,25533.28271484375,25586.78109375,55.8430646504562,-12.976866277887892,-21.492605702987163,8.51573942509927
2026-02-06 05:45:00+00:00,25578.19921875,25581.19921875,25564.599609375,25577.80078125,0,25534.97763671875,25585.4520703125,56.23294965127542,-8.861416039901087,-18.966367770369946,10.10495173046886
2026-02-06 05:50:00+00:00,25593.0,25597.55078125,25575.55078125,25577.599609375,0,25538.31259765625,25585.0660546875,59.40872620419983,-4.355386539595202,-16.044171524215,11.688784984619796
2026-02-06 05:55:00+00:00,25588.55078125,25598.19921875,25583.349609375,25592.900390625,0,25539.29013671875,25584.1860546875,58.045232869198855,-1.130310944892699,-13.06139940835054,11.931088463457842
2026-02-06 06:00:00+00:00,25607.80078125,25609.80078125,25583.0,25588.5,0,25541.96767578125,25583.5620703125,62.09837866070783,2.9449512554601824,-9.860129275588395,12.80508053104858
2026-02-06 06:05:00+00:00,25627.849609375,25630.900390625,25599.849609375,25607.80078125,0,25545.74267578125,25583.4010546875,65.8037546065404,7.703596519204439,-6.34738411662983,14.050980635834268
2026-02-06 06:10:00+00:00,25623.80078125,25644.5,25623.44921875,25627.599609375,0,25550.15517578125,25583.0290625,64.4337781038838,11.02110613160039,-2.8736860669837863,13.894792198584176
2026-02-06 06:15:00+00:00,25636.849609375,25641.80078125,25613.19921875,25623.849609375,0,25555.41015625,25583.178046875,66.8305544465644,14.535630081416455,0.6081771626962622,13.927452918720196
2026-02-06 06:20:00+00:00,25625.650390625,25639.55078125,25620.75,25636.650390625,0,25560.90263671875,25582.9860546875,62.91201459043175,16.23014130897718,3.732569991952446,12.497571317024736
2026-02-06 06:25:00+00:00,25632.25,25632.55078125,25616.650390625,25625.5,0,25565.27265625,25583.0860546875,64.24256327388855,17.899255510805233,6.565907095723004,11.333348415082227
2026-02-06 06:30:00+00:00,25621.25,25657.599609375,25620.80078125,25631.349609375,0,25569.1001953125,25583.623046875,60.35590439233466,18.12549307052177,8.877824290682758,9.247668779839012
2026-02-06 06:35:00+00:00,25593.94921875,25621.30078125,25592.599609375,25621.150390625,0,25573.46513671875,25583.563046875,51.95463457613703,15.918346294565708,10.285928691459349,5.63241760310636
2026-02-06 06:40:00+00:00,25611.05078125,25611.650390625,25588.44921875,25593.44921875,0,25578.77763671875,25583.8360546875,56.078875451132525,15.371921797228424,11.303127312613164,4.06879448461526
2026-02-06 06:45:00+00:00,25603.400390625,25614.349609375,25592.0,25611.69921875,0,25582.8251953125,25583.925078125,53.851847683463205,14.158345268861012,11.874170903862732,2.284174364998279
2026-02-06 06:50:00+00:00,25570.30078125,25602.75,25570.30078125,25602.75,0,25586.22021484375,25583.0930859375,45.44331393176356,10.405764103972617,11.58048954388471,-1.1747254399120948
2026-02-06 06:55:00+00:00,25573.75,25579.099609375,25561.349609375,25570.44921875,0,25589.51767578125,25582.040078125,46.382834021620326,7.6222747827196144,10.788846591651692,-3.166571808932078
2026-02-06 07:00:00+00:00,25543.30078125,25573.5,25536.69921875,25573.25,0,25591.77021484375,25580.2841015625,39.85742904393293,2.925617268541828,9.21620072702972,-6.290583458487893
2026-02-06 07:05:00+00:00,25552.25,25562.599609375,25542.94921875,25542.94921875,0,25593.25771484375,25578.8480859375,42.42135388970356,-0.0735427328108926,7.358252035061598,-7.431794767872491
2026-02-06 07:10:00+00:00,25543.44921875,25558.150390625,25536.94921875,25552.400390625,0,25593.09267578125,25577.3010546875,40.58882606280583,-3.124530494747887,5.261695529099701,-8.386226023847588
2026-02-06 07:15:00+00:00,25542.05078125,25570.349609375,25537.5,25542.80078125,0,25592.25517578125,25575.5380859375,40.29098780257453,-5.590854604586639,3.0911855023624333,-8.682040106949072
2026-02-06 07:20:00+00:00,25532.0,25547.849609375,25531.849609375,25541.349609375,0,25590.03515625,25573.2741015625,38.12561679729063,-8.26121809970573,0.8207047819488009,-9.081922881654531
2026-02-06 07:25:00+00:00,25556.69921875,25563.150390625,25526.650390625,25532.30078125,0,25588.96015625,25571.1030859375,45.8302087565015,-8.288930247170356,-1.0012222238750303,-7.287708023295325
2026-02-06 07:30:00+00:00,25557.150390625,25557.80078125,25540.19921875,25556.150390625,0,25587.16767578125,25569.382109375,45.96257489299672,-8.180190381252032,-2.437015855350431,-5.743174525901601
2026-02-06 07:35:00+00:00,25553.849609375,25573.150390625,25545.30078125,25557.599609375,0,25585.4326171875,25567.5030859375,45.09441072886892,-8.265083971986314,-3.602629478677608,-4.662454493308706
2026-02-06 07:40:00+00:00,25561.44921875,25565.55078125,25553.25,25554.30078125,0,25583.1150390625,25566.1470703125,47.55079130506749,-7.631170408065373,-4.408337664555161,-3.222832743510212
2026-02-06 07:45:00+00:00,25569.650390625,25573.650390625,25559.69921875,25562.099609375,0,25580.205078125,25564.72109375,50.14302612410489,-6.393325039945921,-4.805335139633313,-1.587989900312608
2026-02-06 07:50:00+00:00,25569.400390625,25576.650390625,25562.75,25569.150390625,0,25577.48505859375,25563.277109375,50.06180095074741,-5.370587785262615,-4.918385668759173,-0.4522021165034413
2026-02-06 07:55:00+00:00,25569.0,25574.650390625,25563.900390625,25570.5,0,25574.092578125,25562.587109375,49.922323669486246,-4.540034626636043,-4.842715460334548,0.3026808336985045
2026-02-06 08:00:00+00:00,25562.849609375,25576.44921875,25549.099609375,25569.400390625,0,25570.9525390625,25562.087109375,47.72281082496512,-4.328207505186583,-4.739813869304955,0.4116063641183718
2026-02-06 08:05:00+00:00,25585.849609375,25589.80078125,25560.94921875,25563.55078125,0,25568.63251953125,25562.317109375,55.60081996202087,-2.278163948434667,-4.247483885130897,1.9693199366962304
2026-02-06 08:10:00+00:00,25578.44921875,25598.75,25575.69921875,25586.599609375,0,25566.49248046875,25562.6141015625,52.84156751999577,-1.2363870356130064,-3.64526451522732,2.408877479614313
2026-02-06 08:15:00+00:00,25588.75,25592.650390625,25572.05078125,25578.30078125,0,25566.23251953125,25563.5030859375,56.10675506587169,0.4156245717022102,-2.8330866978414138,3.248711269543624
2026-02-06 08:20:00+00:00,25618.599609375,25620.650390625,25587.150390625,25588.900390625,0,25566.6099609375,25565.3490625,63.905769569813934,4.086364617927757,-1.4491964346875796,5.5355610526153365
2026-02-06 08:25:00+00:00,25617.599609375,25626.099609375,25602.0,25618.25,0,25567.319921875,25566.3210546875,63.49871465286628,6.835960214055376,0.2078348950610116,6.628125318994364
2026-02-06 08:30:00+00:00,25618.849609375,25633.30078125,25615.75,25617.400390625,0,25569.74736328125,25567.613046875,63.80903325952421,9.012014197181998,1.968670755485209,7.043343441696789
2026-02-06 08:35:00+00:00,25625.30078125,25630.900390625,25618.0,25618.599609375,0,25572.32490234375,25569.0720703125,65.44194328284192,11.128822177444816,3.8007010398771306,7.3281211375676865
2026-02-06 08:40:00+00:00,25612.30078125,25626.0,25607.150390625,25625.5,0,25575.77490234375,25570.6070703125,59.605627794064205,11.623428746857826,5.36524658127327,6.258182165584556
2026-02-06 08:45:00+00:00,25619.69921875,25622.19921875,25601.900390625,25612.150390625,0,25579.14736328125,25572.3660546875,61.69912602183786,12.468669036315989,6.785931072281814,5.682737964034173
2026-02-06 08:50:00+00:00,25604.75,25630.650390625,25603.75,25620.349609375,0,25582.21240234375,25574.1450390625,55.44615597948125,11.79627096924014,7.78799905167348,4.008271917566661
2026-02-06 08:55:00+00:00,25610.900390625,25617.44921875,25604.25,25604.69921875,0,25585.6548828125,25575.4660546875,57.36078831273898,11.625662379999994,8.555531717338782,3.070130662661212
2026-02-06 09:00:00+00:00,25622.099609375,25623.349609375,25606.5,25611.099609375,0,25590.15986328125,25577.0140625,60.67470727496947,12.252893472417782,9.295004068354585,2.9578894040631987
2026-02-06 09:05:00+00:00,25631.55078125,25637.44921875,25619.349609375,25622.349609375,0,25593.90244140625,25579.5120703125,63.269162415344944,13.358619367074423,10.107727128098553,3.2508922389758723
2026-02-06 09:10:00+00:00,25651.849609375,25652.400390625,25631.69921875,25632.099609375,0,25598.63740234375,25582.453046875,68.132089708167,15.691973586628592,11.224576419804562,4.46739716682403
2026-02-06 09:15:00+00:00,25636.599609375,25660.849609375,25633.650390625,25651.80078125,0,25602.77490234375,25584.7360546875,61.54020718080267,16.12474998557809,12.204611132959268,3.920138852618823
2026-02-06 09:20:00+00:00,25651.30078125,25651.75,25635.5,25636.900390625,0,25607.26748046875,25587.7140625,65.05066281133156,17.45280503477261,13.254249913321935,4.198555121450672
2026-02-06 09:25:00+00:00,25670.30078125,25671.75,25651.80078125,25651.80078125,0,25612.3,25590.9640625,68.9901729394675,19.81008115554141,14.565416161765834,5.244664993775578
2026-02-06 09:30:00+00:00,25685.44921875,25689.55078125,25671.19921875,25671.19921875,0,25618.10244140625,25594.708046875,71.72657909071734,22.63961636519525,16.180256202451716,6.459360162743536
2026-02-06 09:35:00+00:00,25692.55078125,25698.94921875,25681.75,25683.05078125,0,25624.27998046875,25598.1090625,72.93245026780431,25.1649937646107,17.977203714883515,7.187790049727184
2026-02-06 09:40:00+00:00,25698.5,25703.44921875,25687.30078125,25690.44921875,0,25631.0625,25601.1440625,73.93536700277912,27.331366798174717,19.84803633154176,7.483330466632957
2026-02-06 09:45:00+00:00,25695.19921875,25703.25,25693.0,25697.75,0,25636.52998046875,25603.87203125,72.33396742388706,28.45388885525972,21.56920683628535,6.88468201897437
2026-02-06 09:50:00+00:00,25700.94921875,25701.5,25692.94921875,25693.55078125,0,25642.65498046875,25606.3630078125,73.41423758605006,29.46778632043788,23.148922733115857,6.318863587322024
2026-02-06 09:55:00+00:00,25673.599609375,25700.05078125,25660.19921875,25698.5,0,25646.8974609375,25608.271015625,61.1779803362039,27.74459998180828,24.068058182854344,3.6765417989539344
2026-02-09 03:45:00+00:00,25815.55078125,25903.099609375,25799.30078125,25903.099609375,0,25656.74501953125,25612.72203125,79.90187940486919,37.4020876440627,26.734864075096016,10.667223568966689
2026-02-09 03:50:00+00:00,25821.849609375,25826.05078125,25793.849609375,25814.30078125,0,25666.95751953125,25617.3880078125,80.35465528054715,45.04473135928493,30.3968375319338,14.647893827351126
2026-02-09 03:55:00+00:00,25822.900390625,25823.80078125,25801.75,25821.19921875,0,25677.16005859375,25621.69,80.43384531902379,50.6030503656948,34.438080098686,16.164970267008798
2026-02-09 04:00:00+00:00,25802.19921875,25835.5,25792.150390625,25822.0,0,25686.00498046875,25625.1769921875,74.09692313211646,52.729810231219744,38.09642612519275,14.633384106026996
2026-02-09 04:05:00+00:00,25782.44921875,25807.150390625,25782.44921875,25802.55078125,0,25694.51240234375,25628.3499609375,68.5482071516868,52.21966698932374,40.92107429801895,11.29859269130479
2026-02-09 04:10:00+00:00,25793.05078125,25803.94921875,25781.55078125,25781.94921875,0,25703.17998046875,25631.473984375,69.85323707007542,52.07059488254527,43.15097841492421,8.919616467621054
2026-02-09 04:15:00+00:00,25812.0,25815.150390625,25790.349609375,25792.900390625,0,25713.54248046875,25635.2009765625,72.0829583123441,52.87202199395688,45.09518713073075,7.776834863226128
2026-02-09 04:20:00+00:00,25812.80078125,25819.25,25806.650390625,25812.55078125,0,25723.6375,25638.8119921875,72.17661249107694,52.96127054855242,46.66840381429509,6.292866734257331
2026-02-09 04:25:00+00:00,25814.099609375,25818.099609375,25806.05078125,25812.849609375,0,25733.2375,25642.668984375,72.33870121545979,52.53125760786861,47.8409745730098,4.690283034858815
2026-02-09 04:30:00+00:00,25824.75,25826.099609375,25814.150390625,25814.80078125,0,25742.8974609375,25647.285,73.69210514535365,52.44530988245242,48.76184163489832,3.683468247554103
2026-02-09 04:35:00+00:00,25810.0,25831.099609375,25803.55078125,25824.099609375,0,25750.80498046875,25651.263984375,68.68025656667821,50.60366639522181,49.13020658696301,1.473459808258795
2026-02-09 04:40:00+00:00,25801.599609375,25812.650390625,25796.150390625,25810.19921875,0,25759.05498046875,25655.22796875,65.93012772953615,47.91398673120784,48.88696261581198,-0.9729758846041392
2026-02-09 04:45:00+00:00,25816.650390625,25817.94921875,25794.0,25800.099609375,0,25767.3224609375,25660.1549609375,68.37364032659998,46.46129163283331,48.40182841921625,-1.9405367863829424
2026-02-09 04:50:00+00:00,25817.849609375,25829.94921875,25809.05078125,25816.150390625,0,25774.69990234375,25665.036953125,68.56708323327973,44.88933096734763,47.69932892884253,-2.8099979614949007
2026-02-09 04:55:00+00:00,25812.80078125,25825.599609375,25810.44921875,25818.099609375,0,25781.06748046875,25670.426953125,66.71689344673828,42.74342300616263,46.70814774430656,-3.964724738143929
2026-02-09 05:00:00+00:00,25826.25,25829.19921875,25810.099609375,25812.30078125,0,25787.75244140625,25675.906953125,69.10819856149067,41.64792370031864,45.696102935508975,-4.048179235190332
2026-02-09 05:05:00+00:00,25842.650390625,25846.69921875,25823.599609375,25824.900390625,0,25794.9599609375,25681.8909765625,71.77161450551829,41.62329957949623,44.881542264306425,-3.258242684810192
2026-02-09 05:10:00+00:00,25852.349609375,25852.349609375,25841.650390625,25843.400390625,0,25802.81748046875,25688.096953125,73.24099081844628,41.903394432647474,44.28591269797464,-2.382518265327164
2026-02-09 05:15:00+00:00,25846.30078125,25859.75,25844.5,25852.80078125,0,25810.08505859375,25694.38296875,70.7670062198804,41.162782806972245,43.66128671977417,-2.4985039128019224
2026-02-09 05:20:00+00:00,25860.150390625,25861.099609375,25845.80078125,25847.19921875,0,25819.41259765625,25700.4519921875,73.01462284791701,41.21825213520424,43.17267980286018,-1.954427667655942
2026-02-09 05:25:00+00:00,25864.599609375,25866.400390625,25856.0,25859.5,0,25821.8650390625,25706.6009765625,73.71383205481779,41.14691077259704,42.76752599680755,-1.6206152242105103
2026-02-09 05:30:00+00:00,25856.44921875,25870.05078125,25855.25,25865.19921875,0,25823.59501953125,25712.65296875,70.12910345140753,39.97193226744275,42.20840725093459,-2.2364749834918385
2026-02-09 05:35:00+00:00,25855.150390625,25866.599609375,25853.44921875,25856.400390625,0,25825.20751953125,25718.5269921875,69.54866783694551,38.492234246114094,41.46517264997049,-2.9729384038563964
2026-02-09 05:40:00+00:00,25857.94921875,25864.0,25853.900390625,25855.650390625,0,25827.99501953125,25724.29296875,70.12253158398724,37.117537079877366,40.59564553595187,-3.478108456074501
2026-02-09 05:45:00+00:00,25860.650390625,25862.0,25851.75,25858.150390625,0,25831.905078125,25730.11796875,70.69649308689871,35.83298136325175,39.643112701411845,-3.8101313381600974
2026-02-09 05:50:00+00:00,25863.55078125,25865.349609375,25854.150390625,25860.75,0,25835.430078125,25736.008984375,71.33329692625657,34.6495801950914,38.64440620014776,-3.994826005056353
2026-02-09 05:55:00+00:00,25858.400390625,25868.349609375,25853.900390625,25863.30078125,0,25837.75009765625,25741.92,68.48711090794353,32.91668965513236,37.49886289114468,-4.582173236012316
2026-02-09 06:00:00+00:00,25849.599609375,25860.05078125,25842.0,25858.849609375,0,25839.5900390625,25747.195,63.80249099860354,30.48183628730476,36.095457570376695,-5.613621283071936
2026-02-09 06:05:00+00:00,25860.0,25862.0,25845.55078125,25849.05078125,0,25841.88505859375,25752.826015625,66.70121587574836,29.056477074191207,34.6876614711396,-5.631184396948392
2026-02-09 06:10:00+00:00,25851.0,25866.55078125,25850.400390625,25860.0,0,25843.19755859375,25758.071015625,62.06908126415966,26.890665986149543,33.12826237414159,-6.237596387992049
2026-02-09 06:15:00+00:00,25847.099609375,25852.30078125,25835.75,25850.44921875,0,25845.0525390625,25762.641015625,60.12049235012744,24.57621683898105,31.41785326710949,-6.841636428128432
2026-02-09 06:20:00+00:00,25832.19921875,25847.80078125,25832.19921875,25846.5,0,25846.58251953125,25766.9330078125,53.24367951497056,21.29419598334425,29.39312181035644,-8.098925827012188
2026-02-09 06:25:00+00:00,25834.75,25838.599609375,25830.5,25832.05078125,0,25847.4875,25771.251015625,54.20929070954596,18.683624347348086,27.25122231775477,-8.567597970406688
2026-02-09 06:30:00+00:00,25842.69921875,25842.900390625,25833.900390625,25834.30078125,0,25848.72998046875,25775.598984375,57.17734263691909,17.05951160578843,25.21288017536151,-8.153368569573079
2026-02-09 06:35:00+00:00,25855.19921875,25856.0,25839.25,25842.650390625,0,25850.84990234375,25780.456953125,61.41286436381744,16.58979921162245,23.4882639826137,-6.89846477099125
2026-02-09 06:40:00+00:00,25856.25,25861.25,25850.69921875,25855.19921875,0,25852.34990234375,25785.18796875,61.75530983873327,16.116556390421465,22.01392246417525,-5.897366073753787
2026-02-09 06:45:00+00:00,25852.849609375,25857.900390625,25850.0,25856.599609375,0,25852.85986328125,25790.1499609375,59.90264827373718,15.290861407818738,20.66931025290395,-5.378448845085213
2026-02-09 06:50:00+00:00,25858.5,25861.099609375,25851.55078125,25852.150390625,0,25853.1673828125,25795.101953125,61.94561297772802,14.920437965236488,19.519535795370462,-4.599097830133974
2026-02-09 06:55:00+00:00,25849.30078125,25861.44921875,25848.5,25858.94921875,0,25853.3173828125,25799.6459765625,56.86573814933146,13.726345875293193,18.36089781135501,-4.634551936061818
2026-02-09 07:00:00+00:00,25839.650390625,25850.900390625,25831.55078125,25850.55078125,0,25852.2923828125,25803.80796875,52.0441205816499,11.864546314791369,17.061627512042282,-5.197081197250913
2026-02-09 07:05:00+00:00,25836.44921875,25850.19921875,25836.44921875,25841.55078125,0,25850.88486328125,25807.4999609375,50.51407876624179,10.015298802267353,15.652361770087298,-5.637062967819945
2026-02-09 07:10:00+00:00,25835.94921875,25842.5,25832.5,25837.349609375,0,25849.85986328125,25811.486953125,50.26550951170585,8.412437659375428,14.204376947944926,-5.791939288569498
2026-02-09 07:15:00+00:00,25832.900390625,25839.80078125,25830.150390625,25836.0,0,25848.74736328125,25815.1189453125,48.69210235881461,6.8175551738168,12.7270125931193,-5.909457419302502
2026-02-09 07:20:00+00:00,25822.349609375,25838.650390625,25821.650390625,25833.349609375,0,25846.9673828125,25818.159921875,43.60528105666664,4.648652668904106,11.111340608276263,-6.462687939372158
2026-02-09 07:25:00+00:00,25837.25,25838.75,25819.94921875,25822.80078125,0,25845.79736328125,25821.1959375,51.33713048547075,4.085029130368639,9.70607831269474,-5.6210491823261
2026-02-09 07:30:00+00:00,25843.25,25846.25,25835.900390625,25838.400390625,0,25844.78232421875,25824.209921875,54.06798598111921,4.07552317704176,8.579967285564143,-4.504444108522383
2026-02-09 07:35:00+00:00,25853.400390625,25855.19921875,25841.900390625,25844.55078125,0,25844.53232421875,25827.3079296875,58.3284495278427,4.831348554893339,7.830243539429982,-2.9988949845366437
2026-02-09 07:40:00+00:00,25849.94921875,25860.30078125,25847.44921875,25854.400390625,0,25844.5498046875,25830.4029296875,56.41249503594872,5.093154173668154,7.282825666277616,-2.1896714926094623
2026-02-09 07:45:00+00:00,25857.349609375,25859.099609375,25850.25,25850.75,0,25844.41728515625,25833.5309375,59.48566257420124,5.830575444233546,6.992375621868803,-1.1618001776352571
2026-02-09 07:50:00+00:00,25846.30078125,25860.0,25845.19921875,25859.400390625,0,25844.18232421875,25836.9849609375,53.428822744486496,5.460493849153863,6.685999267325815,-1.2255054181719514
2026-02-09 07:55:00+00:00,25838.150390625,25851.900390625,25836.849609375,25847.25,0,25843.73486328125,25837.436953125,49.43051847286401,4.458142420255172,6.240427897911687,-1.7822854776565151
2026-02-09 08:00:00+00:00,25849.849609375,25852.94921875,25835.849609375,25840.349609375,0,25844.6173828125,25837.996953125,54.673902704218605,4.555290318752668,5.903400382079883,-1.3481100633272147
2026-02-09 08:05:00+00:00,25850.05078125,25854.900390625,25849.599609375,25851.80078125,0,25845.382421875,25838.5399609375,54.76076544258736,4.595539103116607,5.641828126287228,-1.0462890231706208
2026-02-09 08:10:00+00:00,25853.30078125,25856.099609375,25849.650390625,25851.5,0,25845.9125,25839.5619921875,56.2204443085322,4.833961494252435,5.48025479988027,-0.646293305627835
2026-02-09 08:15:00+00:00,25847.150390625,25857.30078125,25846.0,25854.05078125,0,25845.51005859375,25840.856015625,52.75162306184129,4.475042332102021,5.27921230632462,-0.8041699742225994
2026-02-09 08:20:00+00:00,25846.650390625,25850.94921875,25843.099609375,25848.650390625,0,25845.030078125,25841.9280078125,52.46819960077747,4.102954187030264,5.043960682465749,-0.9410064954354852
2026-02-09 08:25:00+00:00,25845.650390625,25855.30078125,25843.75,25846.900390625,0,25844.6701171875,25842.601015625,51.86797479357872,3.684902743603743,4.772149094693348,-1.0872463510896049
2026-02-09 08:30:00+00:00,25842.349609375,25853.80078125,25839.94921875,25846.099609375,0,25843.86259765625,25843.1919921875,49.84119012804725,3.0520661825867137,4.428132512272021,-1.3760663296853073
2026-02-09 08:35:00+00:00,25846.25,25846.69921875,25835.5,25843.94921875,0,25843.71005859375,25843.835,52.21724021843361,2.832614953214943,4.109029000460605,-1.2764140472456624
2026-02-09 08:40:00+00:00,25844.400390625,25852.75,25842.19921875,25847.80078125,0,25843.94755859375,25844.2280078125,50.983858058209336,2.480852530447009,3.783393706457886,-1.3025411760108767
2026-02-09 08:45:00+00:00,25850.30078125,25852.599609375,25842.19921875,25845.25,0,25844.64013671875,25845.0340234375,54.66280734908638,2.6476697985890496,3.556248924884119,-0.9085791262950697
2026-02-09 08:50:00+00:00,25858.55078125,25864.400390625,25850.0,25852.25,0,25845.77021484375,25846.173046875,59.2663852443371,3.4063138713645458,3.5262619141802047,-0.1199480428156589
2026-02-09 08:55:00+00:00,25858.69921875,25862.94921875,25854.94921875,25860.0,0,25847.06015625,25847.0140234375,59.34637135019005,3.97371590705734,3.615752712755632,0.3579631943017078
2026-02-09 09:00:00+00:00,25852.349609375,25861.0,25849.44921875,25860.05078125,0,25848.56015625,25847.7040234375,54.42331658652755,3.86645560416946,3.6658932910383975,0.2005623131310621
2026-02-09 09:05:00+00:00,25850.0,25856.849609375,25847.19921875,25852.400390625,0,25849.19765625,25848.4480078125,52.681773494074974,3.550924355709867,3.642899503972692,-0.0919751482628248
2026-02-09 09:10:00+00:00,25843.80078125,25851.150390625,25840.349609375,25850.150390625,0,25849.2251953125,25848.7990234375,48.29099662619716,2.7687223165339674,3.468064066484947,-0.6993417499509795
2026-02-09 09:15:00+00:00,25851.55078125,25858.19921875,25843.099609375,25844.94921875,0,25849.13271484375,25848.97703125,53.50786517484908,2.7425671882192546,3.3229646908318085,-0.5803975026125539
2026-02-09 09:20:00+00:00,25848.5,25858.150390625,25836.25,25853.05078125,0,25849.06025390625,25848.9000390625,51.31320677201044,2.447453786397091,3.1478625099448654,-0.7004087235477745
2026-02-09 09:25:00+00:00,25858.05078125,25861.30078125,25848.349609375,25850.25,0,25849.0953125,25849.1350390625,57.227782391271525,2.950234055209876,3.1083368189978677,-0.1581027637879914
2026-02-09 09:30:00+00:00,25868.849609375,25869.849609375,25859.349609375,25860.5,0,25850.22275390625,25849.3090234375,62.73946188275509,4.1719742979512375,3.3210643147885417,0.8509099831626958
2026-02-09 09:35:00+00:00,25870.25,25875.400390625,25867.55078125,25869.44921875,0,25851.827734375,25849.42203125,63.398153940046186,5.193346397845744,3.6955207313999834,1.4978256664457614
2026-02-09 09:40:00+00:00,25866.30078125,25875.849609375,25862.5,25870.849609375,0,25852.65029296875,25849.6190625,60.16784231460908,5.619345876133593,4.080285760346705,1.5390601157868886
2026-02-09 09:45:00+00:00,25868.650390625,25870.25,25863.44921875,25866.55078125,0,25853.5802734375,25849.8890625,61.42711305403893,6.07650124799693,4.479528857876749,1.5969723901201809
2026-02-09 09:50:00+00:00,25864.0,25870.55078125,25861.150390625,25869.55078125,0,25854.115234375,25850.010078125,57.549158554833845,5.994452201761305,4.782513526653661,1.2119386751076444
2026-02-09 09:55:00+00:00,25863.30078125,25870.099609375,25856.849609375,25864.849609375,0,25854.92275390625,25850.0630859375,56.9668235154353,5.806077781471686,4.987226377617266,0.8188514038544197
2026-02-10 03:45:00+00:00,25918.05078125,25934.44921875,25871.44921875,25912.849609375,0,25858.4927734375,25851.1530859375,76.7799456755685,9.959846223904606,5.981750346874734,3.978095877029872
2026-02-10 03:50:00+00:00,25915.55078125,25922.099609375,25894.150390625,25918.099609375,0,25861.98779296875,25852.29609375,75.08007922174075,12.901290488218365,7.365658375143461,5.535632113074904
2026-02-10 03:55:00+00:00,25917.599609375,25924.75,25907.69921875,25914.900390625,0,25865.75029296875,25853.65609375,75.5576741802952,15.222256864952216,8.936978073105212,6.285278791847002
2026-02-10 04:00:00+00:00,25943.75,25943.75,25909.650390625,25918.19921875,0,25870.62529296875,25855.33109375,80.65404096902961,18.953275849689817,10.940237628422134,8.013038221267683
2026-02-10 04:05:00+00:00,25941.05078125,25948.349609375,25936.69921875,25943.30078125,0,25875.4578125,25857.132109375,78.82704339650856,21.44512483089784,13.041215068917277,8.403909761980564
2026-02-10 04:10:00+00:00,25949.400390625,25952.900390625,25939.80078125,25941.150390625,0,25880.41279296875,25859.178125,80.31267557080028,23.81910498191428,15.196793051516677,8.622311930397602
2026-02-10 04:15:00+00:00,25948.19921875,25961.400390625,25947.05078125,25949.650390625,0,25884.89521484375,25861.498125,79.44901717710829,25.311798170238035,17.21979407526095,8.092004094977085
2026-02-10 04:20:00+00:00,25932.599609375,25952.0,25929.94921875,25948.150390625,0,25888.590234375,25863.4551171875,69.0620112866485,24.94842031157532,18.765519322523826,6.182900989051497
2026-02-10 04:25:00+00:00,25949.5,25951.05078125,25928.80078125,25932.19921875,0,25893.44775390625,25865.5911328125,73.15657373632213,25.72758938599145,20.15793333521735,5.5696560507741
2026-02-10 04:30:00+00:00,25954.900390625,25958.44921875,25943.94921875,25948.69921875,0,25898.6927734375,25867.58515625,74.32586925800338,26.4756579769346,21.4214782635608,5.054179713373799
2026-02-10 04:35:00+00:00,25952.0,25965.0,25948.19921875,25954.94921875,0,25904.102734375,25869.50015625,72.49929996209828,26.52866450998772,22.442915512846184,4.085748997141536
2026-02-10 04:40:00+00:00,25944.349609375,25953.75,25940.25,25951.599609375,0,25908.74267578125,25871.33015625,67.76848731764633,25.657585310702416,23.08584947241743,2.571735838284986
2026-02-10 04:45:00+00:00,25966.0,25971.55078125,25942.0,25944.400390625,0,25914.61767578125,25873.48015625,73.11508404501187,26.409818406009435,23.75064325913583,2.659175146873604
2026-02-10 04:50:00+00:00,25964.25,25966.150390625,25958.75,25965.69921875,0,25919.92763671875,25875.779140625,72.07436250020898,26.55860708858745,24.31223602502616,2.246371063561295
2026-02-10 04:55:00+00:00,25963.400390625,25968.75,25961.650390625,25963.94921875,0,25924.65517578125,25878.254140625,71.54194267148247,26.30474212236368,24.710737244493664,1.594004877870013
2026-02-10 05:00:00+00:00,25976.75,25978.55078125,25962.05078125,25963.5,0,25929.98017578125,25881.06015625,74.70393185199599,26.871002032046817,25.1427902020043,1.7282118300425182
2026-02-10 05:05:00+00:00,25969.150390625,25978.150390625,25968.400390625,25976.19921875,0,25935.12265625,25883.7241796875,69.93976776701308,26.40219406775941,25.39467097515532,1.0075230926040888
2026-02-10 05:10:00+00:00,25960.69921875,25970.94921875,25951.349609375,25969.69921875,0,25939.72509765625,25886.28015625,64.97711357925589,25.05984711918063,25.327706203960386,-0.2678590847797544
2026-02-10 05:15:00+00:00,25959.400390625,25971.69921875,25954.349609375,25960.150390625,0,25944.4951171875,25889.021171875,64.22289171647802,23.618958267798007,24.98595661672791,-1.3669983489299042
2026-02-10 05:20:00+00:00,25957.849609375,25969.5,25954.80078125,25960.0,0,25949.22255859375,25891.4331640625,63.27844375762654,22.09718578289176,24.40820244996068,-2.311016667068923
2026-02-10 05:25:00+00:00,25959.599609375,25964.30078125,25955.30078125,25958.30078125,0,25951.3,25893.76015625,63.92318952756845,20.792695251606347,23.685101010289817,-2.89240575868347
2026-02-10 05:30:00+00:00,25964.599609375,25969.30078125,25955.099609375,25959.30078125,0,25953.75244140625,25895.984140625,65.77229564131615,19.93256511738946,22.934593831709748,-3.0020287143202893
2026-02-10 05:35:00+00:00,25961.900390625,25969.900390625,25960.25,25964.599609375,0,25955.96748046875,25898.2231640625,63.86912628688546,18.81619995392248,22.11091505615229,-3.294715102229816
2026-02-10 05:40:00+00:00,25959.650390625,25963.80078125,25955.75,25961.55078125,0,25956.7625,25900.2691796875,62.25209825255549,17.547638074232964,21.19825965976843,-3.6506215855354647
2026-02-10 05:45:00+00:00,25959.150390625,25964.400390625,25954.599609375,25960.05078125,0,25957.66748046875,25902.526171875,61.877186287584834,16.31389143830529,20.2213860154758,-3.9074945771705103
2026-02-10 05:50:00+00:00,25952.44921875,25961.900390625,25951.30078125,25959.25,0,25957.819921875,25904.8121484375,56.92870379447025,14.6268011159882,19.10246903557828,-4.47566791959008
2026-02-10 05:55:00+00:00,25954.05078125,25959.650390625,25947.30078125,25952.44921875,0,25958.1125,25906.896171875,57.79738154169157,13.266079483222711,17.935191125107167,-4.669111641884456
2026-02-10 06:00:00+00:00,25956.349609375,25961.19921875,25952.900390625,25953.94921875,0,25959.3,25909.0221484375,59.073305288483766,12.232188943493384,16.79459068878441,-4.562401745291027
2026-02-10 06:05:00+00:00,25953.30078125,25960.94921875,25941.900390625,25956.44921875,0,25959.4900390625,25911.0221484375,56.628029239644114,11.03955121785475,15.64358279459848,-4.604031576743729
2026-02-10 06:10:00+00:00,25950.900390625,25954.55078125,25943.69921875,25953.44921875,0,25959.2900390625,25913.0971484375,54.70794327161441,9.787857437455386,14.47243772316986,-4.684580285714475
2026-02-10 06:15:00+00:00,25949.30078125,25955.30078125,25943.94921875,25951.349609375,0,25959.155078125,25915.15015625,53.40832769458476,8.568038970613998,13.291557972658689,-4.723519002044691
2026-02-10 06:20:00+00:00,25960.05078125,25961.19921875,25944.25,25949.05078125,0,25959.94013671875,25917.4381640625,60.24353228367444,8.372249129406555,12.307696204008264,-3.935447074601708
2026-02-10 06:25:00+00:00,25961.75,25963.69921875,25952.69921875,25960.099609375,0,25959.72763671875,25919.826171875,61.21217617641456,8.258992497358122,11.497955462678236,-3.2389629653201126
2026-02-10 06:30:00+00:00,25964.349609375,25965.400390625,25958.150390625,25961.900390625,0,25959.7326171875,25922.1881640625,62.70910995575813,8.283515342645842,10.855067438671757,-2.571552096025915
2026-02-10 06:35:00+00:00,25954.400390625,25963.94921875,25950.650390625,25963.349609375,0,25959.2826171875,25924.3881640625,54.103218842763525,7.414659491038037,10.166985849145014,-2.752326358106977
2026-02-10 06:40:00+00:00,25963.650390625,25964.19921875,25952.25,25953.94921875,0,25958.62763671875,25926.65515625,59.64781256250845,7.387326165804552,9.611053912476924,-2.2237277466723704
2026-02-10 06:45:00+00:00,25968.0,25969.80078125,25960.900390625,25964.349609375,0,25958.5701171875,25928.844140625,61.97408401503629,7.628702500267536,9.214583630035046,-1.5858811297675093
2026-02-10 06:50:00+00:00,25959.650390625,25968.599609375,25956.0,25967.55078125,0,25958.51767578125,25930.8631640625,55.37467447089877,7.064812527263712,8.784629409480779,-1.7198168822170672
2026-02-10 06:55:00+00:00,25956.80078125,25959.80078125,25952.650390625,25959.19921875,0,25958.3876953125,25932.9521875,53.28904683734115,6.315188438420591,8.290741215268742,-1.975552776848151
2026-02-10 07:00:00+00:00,25956.25,25959.349609375,25952.19921875,25956.400390625,0,25958.30771484375,25935.0771875,52.87452201636104,5.611971192876808,7.754987210790356,-2.143016017913548
2026-02-10 07:05:00+00:00,25957.94921875,25957.94921875,25950.849609375,25956.05078125,0,25958.2251953125,25937.36015625,54.06177062089893,5.13261363647689,7.2305124959276625,-2.0978988594507726
2026-02-10 07:10:00+00:00,25964.69921875,25965.0,25955.5,25958.0,0,25958.23017578125,25939.623125,58.53114846791527,5.237018814379553,6.831813759618042,-1.5947949452384886
2026-02-10 07:15:00+00:00,25984.150390625,25984.900390625,25963.69921875,25964.55078125,0,25959.34267578125,25942.3361328125,68.1480560895705,6.810797051319241,6.827610417958281,-0.0168133666390399
2026-02-10 07:20:00+00:00,25979.05078125,25989.19921875,25977.05078125,25983.150390625,0,25960.3126953125,25944.7561328125,63.96013372335122,7.559391821840109,6.973966698734648,0.5854251231054608
2026-02-10 07:25:00+00:00,25973.44921875,25985.69921875,25972.150390625,25979.400390625,0,25961.02763671875,25946.848125,59.625669922791424,7.612902490232955,7.10175385703431,0.511148633198645
2026-02-10 07:30:00+00:00,25966.19921875,25974.849609375,25956.80078125,25972.44921875,0,25961.71513671875,25948.767109375,54.47962437676344,6.9897225011955015,7.079347585866548,-0.0896250846710469
2026-02-10 07:35:00+00:00,25978.75,25981.0,25962.44921875,25965.30078125,0,25962.95009765625,25951.01609375,60.78874128406351,7.423023036837549,7.148082676060749,0.2749403607767995
2026-02-10 07:40:00+00:00,25977.75,25980.30078125,25970.80078125,25978.69921875,0,25964.0201171875,25953.1980859375,60.07430188975106,7.598138578581711,7.238093856564942,0.3600447220167693
2026-02-10 07:45:00+00:00,25948.400390625,25982.25,25947.5,25978.0,0,25963.77509765625,25954.88609375,43.8027048392301,5.307469510680676,6.851968987388089,-1.5444994767074132
2026-02-10 07:50:00+00:00,25931.849609375,25951.25,25927.44921875,25948.599609375,0,25962.82255859375,25956.2570703125,37.61532077373825,2.1320115428316058,5.907977498476793,-3.775965955645187
2026-02-10 07:55:00+00:00,25938.099609375,25951.94921875,25929.900390625,25932.099609375,0,25962.2625,25956.658046875,41.00432803582655,0.1183961943133908,4.750061237644113,-4.631665043330722
2026-02-10 08:00:00+00:00,25922.900390625,25935.650390625,25908.849609375,25935.05078125,0,25960.40498046875,25956.8050390625,35.89715559184346,-2.673045203464426,3.2654399494224053,-5.938485152886831
2026-02-10 08:05:00+00:00,25924.849609375,25924.849609375,25915.400390625,25921.69921875,0,25958.5599609375,25956.9500390625,36.98119478942064,-4.6741166523970605,1.6775286290585123,-6.351645281455573
2026-02-10 08:10:00+00:00,25927.19921875,25929.30078125,25919.900390625,25922.75,0,25956.70244140625,25956.6190234375,38.33490852288893,-6.0012081605091225,0.1417812711449855,-6.142989431654108
2026-02-10 08:15:00+00:00,25921.900390625,25932.25,25915.94921875,25925.05078125,0,25955.07744140625,25956.236015625,36.43411998739349,-7.395260922872694,-1.3656271676585503,-6.029633755214144
2026-02-10 08:20:00+00:00,25934.099609375,25936.05078125,25920.30078125,25920.599609375,0,25953.59990234375,25955.93,43.39310035667863,-7.430033974029357,-2.578508528932712,-4.8515254450966445
2026-02-10 08:25:00+00:00,25910.849609375,25934.400390625,25909.599609375,25933.099609375,0,25950.7423828125,25955.1830078125,35.431704558270525,-9.22730592039079,-3.908268007224328,-5.319037913166463
2026-02-10 08:30:00+00:00,25901.69921875,25910.55078125,25893.19921875,25910.349609375,0,25947.84482421875,25954.565,32.8752451850353,-11.260216174141531,-5.378657640607769,-5.881558533533764
2026-02-10 08:35:00+00:00,25911.75,25923.400390625,25898.30078125,25900.69921875,0,25945.59228515625,25953.81,38.15368470255063,-11.922858852445644,-6.687497882975344,-5.235360969470299
2026-02-10 08:40:00+00:00,25918.69921875,25918.69921875,25899.650390625,25909.650390625,0,25943.71474609375,25953.0859765625,41.574622738831565,-11.751796676162485,-7.700357641612772,-4.051439034549713
2026-02-10 08:45:00+00:00,25943.0,25943.0,25918.150390625,25918.150390625,0,25942.96728515625,25952.9059765625,51.64684174268509,-9.545326134335482,-8.069351340157315,-1.4759747941781676
2026-02-10 08:50:00+00:00,25924.650390625,25943.80078125,25919.400390625,25941.849609375,0,25940.96484375,25952.5119921875,45.29672500930232,-9.171617755302576,-8.289804623186368,-0.8818131321162088
2026-02-10 08:55:00+00:00,25921.30078125,25928.900390625,25915.849609375,25923.25,0,25937.82236328125,25951.6180078125,44.22770852542562,-9.041511736057146,-8.440146045760525,-0.6013656902966211
2026-02-10 09:00:00+00:00,25924.150390625,25929.0,25918.599609375,25919.150390625,0,25935.07734375,25950.816015625,45.408088280920445,-8.609220383532374,-8.473960913314894,-0.1352594702174805
2026-02-10 09:05:00+00:00,25916.849609375,25930.599609375,25916.19921875,25922.69921875,0,25932.24736328125,25949.885,42.90280064078939,-8.7548183080944,-8.530132392270795,-0.2246859158236045
2026-02-10 09:10:00+00:00,25912.69921875,25917.44921875,25903.849609375,25915.30078125,0,25929.57236328125,25948.603984375,41.50099685974404,-9.100206038929173,-8.644147121602472,-0.4560589173267004
2026-02-10 09:15:00+00:00,25928.69921875,25932.400390625,25911.19921875,25911.400390625,0,25927.06982421875,25947.7949609375,48.48849230552864,-7.990749633867381,-8.513467624055455,0.5227179901880739
2026-02-10 09:20:00+00:00,25935.349609375,25937.849609375,25923.69921875,25927.75,0,25924.9498046875,25947.28796875,51.10286981665043,-6.4999392423342215,-8.11076194771121,1.6108227053769877
2026-02-10 09:25:00+00:00,25941.44921875,25944.400390625,25930.900390625,25935.75,0,25924.60224609375,25946.9289453125,53.43709963848888,-4.771273495494825,-7.442864257267932,2.671590761773108
2026-02-10 09:30:00+00:00,25951.400390625,25967.400390625,25939.94921875,25943.0,0,25925.57978515625,25946.7999609375,57.04022312885239,-2.5687065813544905,-6.468032722085244,3.8993261407307536
2026-02-10 09:35:00+00:00,25958.099609375,25963.25,25930.849609375,25953.25,0,25926.57978515625,25946.7699609375,59.32229929055972,-0.2793651206338836,-5.230299201794972,4.950934081161089
2026-02-10 09:40:00+00:00,25933.94921875,25960.19921875,25931.5,25958.849609375,0,25927.1322265625,25946.156953125,49.17990505895979,-0.4090647654193162,-4.2660523145198415,3.856987549100525
2026-02-10 09:45:00+00:00,25919.30078125,25937.05078125,25914.55078125,25934.30078125,0,25926.85478515625,25945.3049609375,44.239274973151495,-1.674555914290977,-3.747753034474069,2.0731971201830914
2026-02-10 09:50:00+00:00,25911.55078125,25922.0,25909.75,25919.150390625,0,25926.07236328125,25944.34296875,41.84416926218527,-3.2651879435834417,-3.651240016295943,0.3860520727125012
2026-02-10 09:55:00+00:00,25916.80078125,25919.25,25906.05078125,25911.55078125,0,25925.8173828125,25943.4959765625,44.053848263854455,-4.055396081137587,-3.732071229264272,-0.3233248518733154
2026-02-11 03:45:00+00:00,25985.0,26000.650390625,25949.099609375,26000.650390625,0,25928.36240234375,25944.1469921875,63.47079458321557,0.8121038376593788,-2.823236215879542,3.6353400535389206
2026-02-11 03:50:00+00:00,25980.69921875,25993.19921875,25975.80078125,25984.94921875,0,25931.8548828125,25944.6799609375,62.00922448832466,4.273335140558629,-1.4039219445919078,5.677257085150536
2026-02-11 03:55:00+00:00,25980.599609375,25988.099609375,25975.599609375,25980.849609375,0,25935.79990234375,25945.1649609375,61.97362939067868,6.928481024420762,0.2625586492106262,6.665922375210136
2026-02-11 04:00:00+00:00,25955.349609375,25984.55078125,25954.75,25980.099609375,0,25937.9798828125,25945.2059375,53.57778309734808,6.915521463066398,1.5931512119817808,5.322370251084617
2026-02-11 04:05:00+00:00,25933.599609375,25960.75,25932.5,25955.150390625,0,25938.72490234375,25944.859921875,47.59624587019983,5.091515864136454,2.292824142412716,2.7986917217237384
2026-02-11 04:10:00+00:00,25937.849609375,25939.400390625,25923.69921875,25932.400390625,0,25938.4673828125,25944.6308984375,48.79911908837023,3.9434600146705634,2.622951316864285,1.320508697806278
2026-02-11 04:15:00+00:00,25929.849609375,25945.25,25929.849609375,25937.80078125,0,25938.72734375,25944.026875,46.62940232515068,2.360869705091318,2.570534994509692,-0.2096652894183739
2026-02-11 04:20:00+00:00,25950.099609375,25952.69921875,25925.75,25930.400390625,0,25940.16728515625,25943.7938671875,52.39877881514676,2.709428639693215,2.598313723546396,0.1111149161468185
2026-02-11 04:25:00+00:00,25943.05078125,25956.30078125,25943.05078125,25949.05078125,0,25941.1123046875,25943.367890625,50.35810871102751,2.3893397649262624,2.55651893182237,-0.1671791668961075
2026-02-11 04:30:00+00:00,25915.80078125,25943.400390625,25912.0,25943.19921875,0,25941.05986328125,25942.5958984375,43.33228155044037,-0.0624602339958073,2.032723098658735,-2.095183332654542
2026-02-11 04:35:00+00:00,25925.80078125,25926.94921875,25913.55078125,25914.349609375,0,25941.71494140625,25941.83890625,46.293517005996016,-1.184953563817544,1.389187766163479,-2.574141329981023
2026-02-11 04:40:00+00:00,25917.900390625,25938.55078125,25909.94921875,25925.599609375,0,25941.175,25940.8369140625,44.32291562547221,-2.6811267516895896,0.5751248625928653,-3.256251614282455
2026-02-11 04:45:00+00:00,25954.150390625,25954.900390625,25916.900390625,25918.05078125,0,25942.1150390625,25940.7269140625,53.99882258243057,-0.931050169521768,0.2738898561699386,-1.2049400256917069
2026-02-11 04:50:00+00:00,25961.650390625,25962.80078125,25948.19921875,25954.80078125,0,25943.12509765625,25940.82390625,55.713659899344414,1.04899330846456,0.4289105466288629,0.620082761835697
2026-02-11 04:55:00+00:00,25964.55078125,25967.75,25955.900390625,25961.05078125,0,25943.7826171875,25940.989921875,56.390697871997226,2.8197252763093275,0.907073492564956,1.9126517837443715
2026-02-11 05:00:00+00:00,25964.19921875,25973.19921875,25962.75,25964.19921875,0,25944.08759765625,25941.114921875,56.27838859661136,4.146872398963751,1.555033273844715,2.591839125119036
2026-02-11 05:05:00+00:00,25977.400390625,25980.599609375,25958.19921875,25963.94921875,0,25946.26015625,25941.3689453125,59.53719642813429,6.192487161453755,2.482524051366523,3.709963110087232
2026-02-11 05:10:00+00:00,25969.05078125,25981.30078125,25966.650390625,25978.30078125,0,25948.74765625,25941.066953125,56.66057995671971,7.058541430793412,3.3977275272519014,3.66081390354151
2026-02-11 05:15:00+00:00,25976.55078125,25976.849609375,25964.80078125,25968.0,0,25951.99765625,25941.016953125,58.59574642919336,8.254925357708998,4.369167093343321,3.885758264365678
2026-02-11 05:20:00+00:00,25960.55078125,25978.599609375,25960.099609375,25975.75,0,25954.18515625,25940.758984375,53.144031537259366,7.821836692382931,5.059701013151242,2.7621356792316885
2026-02-11 05:25:00+00:00,25961.25,25964.69921875,25955.80078125,25960.69921875,0,25952.99765625,25940.66,53.34830513470638,7.449162604818412,5.537593331484676,1.9115692733337355
2026-02-11 05:30:00+00:00,25966.650390625,25966.650390625,25954.19921875,25961.94921875,0,25952.29521484375,25940.4180078125,54.9807639446568,7.503091131882684,5.930692891564279,1.572398240318405
2026-02-11 05:35:00+00:00,25942.55078125,25971.650390625,25938.900390625,25966.75,0,25950.3927734375,25939.7140234375,47.06578717970584,5.537361553295341,5.852026623910492,-0.3146650706151508
2026-02-11 05:40:00+00:00,25956.94921875,25959.30078125,25940.69921875,25941.900390625,0,25950.47275390625,25939.885,51.5531810113098,5.082749501088983,5.698171199346191,-0.6154216982572072
2026-02-11 05:45:00+00:00,25955.900390625,25967.900390625,25953.599609375,25957.400390625,0,25951.58779296875,25940.366015625,51.21260953192234,4.584981695214083,5.475533298519769,-0.8905516033056866
2026-02-11 05:50:00+00:00,25959.900390625,25963.599609375,25947.400390625,25955.19921875,0,25952.69033203125,25940.80203125,52.5013758806758,4.461830488959095,5.272792736607634,-0.8109622476485399
2026-02-11 05:55:00+00:00,25957.69921875,25964.599609375,25955.5,25960.25,0,25954.0828125,25941.4980078125,51.69214985798136,4.138905371648434,5.046015263615795,-0.9071098919673606
2026-02-11 06:00:00+00:00,25972.25,25977.849609375,25953.650390625,25957.69921875,0,25955.19033203125,25942.446015625,56.46873460023024,4.999480432197743,5.036708297332185,-0.0372278651344419
2026-02-11 06:05:00+00:00,25967.900390625,25979.05078125,25967.25,25972.599609375,0,25956.4328125,25943.2600390625,54.72673541907751,5.269768629983446,5.083320363862438,0.1864482661210083
2026-02-11 06:10:00+00:00,25956.150390625,25970.30078125,25955.599609375,25967.849609375,0,25958.45029296875,25943.9450390625,50.219744495618464,4.484156606820761,4.963487612454102,-0.4793310056333411
2026-02-11 06:15:00+00:00,25961.349609375,25964.150390625,25953.30078125,25956.44921875,0,25960.227734375,25944.4900390625,52.09954468812052,4.232299604551372,4.817250010873557,-0.5849504063221849
2026-02-11 06:20:00+00:00,25958.05078125,25964.349609375,25949.599609375,25961.849609375,0,25962.23525390625,25945.4340625,50.78906272320649,3.723590027508181,4.598518014200482,-0.8749279866923017
2026-02-11 06:25:00+00:00,25946.75,25969.349609375,25945.5,25958.650390625,0,25961.865234375,25946.335078125,46.47624034181788,2.3811074953227944,4.155035910424945,-1.7739284151021506
2026-02-11 06:30:00+00:00,25955.69921875,25960.94921875,25944.900390625,25947.55078125,0,25961.56767578125,25947.2140625,50.09062868171858,2.0160676054911164,3.7272422494381794,-1.711174643947063
2026-02-11 06:35:00+00:00,25942.44921875,25956.900390625,25933.94921875,25955.900390625,0,25960.46259765625,25947.6890625,45.221526822851445,0.6501125054164731,3.1118163006338384,-2.4617037952173653
2026-02-11 06:40:00+00:00,25953.94921875,25960.05078125,25942.349609375,25942.349609375,0,25959.95009765625,25947.908046875,49.784007840953656,0.4898899910476757,2.587431038716606,-2.0975410476689302
2026-02-11 06:45:00+00:00,25942.849609375,25955.44921875,25940.0,25954.44921875,0,25958.22255859375,25948.27203125,45.8174263924305,-0.5266621853479592,1.964612393903693,-2.491274579251652
2026-02-11 06:50:00+00:00,25937.650390625,25945.55078125,25936.05078125,25942.80078125,0,25956.6525390625,25948.5990234375,44.04707815305562,-1.7318568428017898,1.2253185465625964,-2.9571753893643864
2026-02-11 06:55:00+00:00,25939.69921875,25943.05078125,25935.80078125,25938.099609375,0,25954.8099609375,25948.91,44.94976949050025,-2.4929221303500526,0.4816704111800667,-2.9745925415301198
2026-02-11 07:00:00+00:00,25926.25,25945.099609375,25926.05078125,25940.05078125,0,25953.094921875,25949.0980078125,40.34809634832639,-4.133661134776048,-0.4413958980111562,-3.692265236764892
2026-02-11 07:05:00+00:00,25917.05078125,25936.150390625,25914.80078125,25926.80078125,0,25950.8849609375,25949.1850390625,37.51881592604015,-6.105873974316637,-1.5742915132722526,-4.531582461044384
2026-02-11 07:10:00+00:00,25911.19921875,25925.349609375,25900.19921875,25916.55078125,0,25948.11240234375,25948.8350390625,35.79919851351761,-8.048263675103954,-2.869085945638593,-5.17917772946536
2026-02-11 07:15:00+00:00,25916.0,25917.650390625,25900.900390625,25911.19921875,0,25946.78486328125,25948.448046875,38.29786147725046,-9.0953925583417,-4.114347268179214,-4.981045290162486
2026-02-11 07:20:00+00:00,25926.19921875,25927.400390625,25911.650390625,25915.69921875,0,25945.24736328125,25948.143046875,43.34286540321076,-8.998528591549984,-5.0911835328533686,-3.907345058696616
2026-02-11 07:25:00+00:00,25927.400390625,25936.44921875,25920.05078125,25925.900390625,0,25943.82236328125,25947.663046875,43.92437693506226,-8.724270706272364,-5.817800967537168,-2.906469738735196
2026-02-11 07:30:00+00:00,25914.25,25928.19921875,25907.599609375,25928.19921875,0,25941.53984375,25946.7860546875,39.182852856362615,-9.45900841630646,-6.546042457291026,-2.912965959015434
2026-02-11 07:35:00+00:00,25926.099609375,25929.599609375,25912.900390625,25913.349609375,0,25939.95986328125,25946.6290625,44.94950365591431,-8.981594667289755,-7.033152899290773,-1.9484417679989825
2026-02-11 07:40:00+00:00,25923.75,25931.099609375,25917.80078125,25925.150390625,0,25937.53486328125,25946.718046875,44.05744535997583,-8.692631427551532,-7.365048604942925,-1.3275828226086075
2026-02-11 07:45:00+00:00,25928.900390625,25930.30078125,25920.099609375,25923.94921875,0,25935.58486328125,25947.0650390625,46.56099322709849,-7.956317028296326,-7.483302289613605,-0.4730147386827203
2026-02-11 07:50:00+00:00,25931.25,25939.30078125,25923.19921875,25928.900390625,0,25934.33984375,25947.3540234375,47.71064696067983,-7.101329021432321,-7.406907635977349,0.3055786145450287
2026-02-11 07:55:00+00:00,25945.05078125,25945.650390625,25931.69921875,25931.69921875,0,25933.52490234375,25946.5550390625,53.97397089020324,-5.249622773648298,-6.975450663511539,1.7258278898632415
2026-02-11 08:00:00+00:00,25949.19921875,25952.099609375,25939.900390625,25944.69921875,0,25933.08232421875,25945.9250390625,55.692033499401,-3.408101522261859,-6.261980835261603,2.8538793129997444
2026-02-11 08:05:00+00:00,25957.349609375,25959.75,25945.099609375,25949.650390625,0,25933.6123046875,25945.4600390625,58.93530036139019,-1.2763018421501329,-5.26484503663931,3.9885431944891767
2026-02-11 08:10:00+00:00,25955.349609375,25969.19921875,25954.30078125,25958.099609375,0,25933.59482421875,25945.4600390625,57.81691357969927,0.2489121732360217,-4.162093594664244,4.411005767900265
2026-02-11 08:15:00+00:00,25939.30078125,25956.30078125,25939.0,25955.099609375,0,25933.43740234375,25945.5740625,49.67136025233045,0.1607954155078914,-3.297515792629817,3.4583112081377085
2026-02-11 08:20:00+00:00,25932.05078125,25940.19921875,25927.5,25938.25,0,25932.34248046875,25945.4580859375,46.48525396883023,-0.4884219350242347,-2.7356970211087006,2.247275086084466
2026-02-11 08:25:00+00:00,25932.599609375,25939.94921875,25930.19921875,25931.650390625,0,25931.82998046875,25945.5130859375,46.76363882363607,-0.9477207844756776,-2.378101773782096,1.4303809893064183
2026-02-11 08:30:00+00:00,25938.5,25943.30078125,25925.55078125,25932.05078125,0,25931.8724609375,25945.28109375,49.78783639013908,-0.8260836419140105,-2.0676981474084792,1.2416145054944687
2026-02-11 08:35:00+00:00,25937.5,25944.349609375,25934.44921875,25938.19921875,0,25931.7625,25945.170078125,49.276920657017975,-0.8011419075155573,-1.8143868994298948,1.0132449919143376
2026-02-11 08:40:00+00:00,25956.19921875,25956.80078125,25936.69921875,25936.80078125,0,25933.2599609375,25945.978046875,57.96369769953684,0.7192047294884105,-1.307668573646234,2.0268733031346446
2026-02-11 08:45:00+00:00,25958.400390625,25964.099609375,25955.44921875,25955.94921875,0,25935.32744140625,25946.6300390625,58.85693103719003,2.0777554951855564,-0.6305837598798759,2.7083392550654324
2026-02-11 08:50:00+00:00,25945.0,25960.19921875,25939.69921875,25958.05078125,0,25937.01748046875,25947.17203125,51.66006306242634,2.049491965510242,-0.0945686148018523,2.1440605803120945
2026-02-11 08:55:00+00:00,25944.849609375,25954.55078125,25942.80078125,25944.900390625,0,25938.4599609375,25946.986015625,51.58382927613919,1.9919951677256904,0.3227441417036563,1.669251026022034
2026-02-11 09:00:00+00:00,25952.44921875,25952.44921875,25937.19921875,25944.400390625,0,25939.7724609375,25946.8019921875,55.18290857229242,2.5304836647046614,0.7642920463038574,1.766191618400804
2026-02-11 09:05:00+00:00,25944.80078125,25954.05078125,25943.5,25951.849609375,0,25940.64248046875,25946.4069921875,51.06838778540333,2.313407174700842,1.0741150719832544,1.2392921027175876
2026-02-11 09:10:00+00:00,25944.900390625,25947.849609375,25938.849609375,25944.650390625,0,25942.175,25946.021015625,51.11950444314986,2.124915434102149,1.2842751444070335,0.840640289695116
2026-02-11 09:15:00+00:00,25943.30078125,25952.25,25940.30078125,25945.44921875,0,25943.03505859375,25945.3390234375,50.212348668625,1.8254169927895416,1.3925035140835351,0.4329134787060065
2026-02-11 09:20:00+00:00,25946.30078125,25951.75,25940.599609375,25942.849609375,0,25944.16259765625,25944.8840234375,51.935071970118976,1.8092809832960484,1.475859007926038,0.3334219753700103
2026-02-11 09:25:00+00:00,25944.94921875,25955.94921875,25943.599609375,25946.30078125,0,25944.9650390625,25944.2519921875,51.07759223062129,1.668203272343817,1.5143278608095938,0.1538754115342231
2026-02-11 09:30:00+00:00,25956.099609375,25970.75,25944.650390625,25944.650390625,0,25946.20751953125,25944.16296875,57.33599341187993,2.4281512891502643,1.697092546477728,0.7310587426725363
2026-02-11 09:35:00+00:00,25951.75,25958.75,25948.69921875,25956.80078125,0,25946.54248046875,25943.97296875,54.41188030482367,2.6489035312188207,1.8874547434259463,0.7614487877928742
2026-02-11 09:40:00+00:00,25955.900390625,25958.150390625,25948.900390625,25952.94921875,0,25946.8775390625,25943.75796875,56.682049008558586,3.122755924217927,2.1345149795843428,0.988240944633584
2026-02-11 09:45:00+00:00,25955.25,25958.650390625,25950.900390625,25957.94921875,0,25946.77255859375,25944.011953125,56.2096733651392,3.406537824161205,2.3889195484997154,1.0176182756614898
2026-02-11 09:50:00+00:00,25949.0,25956.900390625,25946.400390625,25956.900390625,0,25946.455078125,25943.85296875,51.746787531708335,3.0914776281097147,2.529431164421716,0.5620464636879992
2026-02-11 09:55:00+00:00,25945.349609375,25952.849609375,25939.75,25950.44921875,0,25946.75751953125,25943.641953125,49.28547011178501,2.5182058277532637,2.527186097088025,-0.0089802693347618
2026-02-12 03:45:00+00:00,25855.25,25892.30078125,25848.05078125,25892.30078125,0,25942.91748046875,25941.5489453125,21.766250731586368,-5.14706947398372,0.992334982873676,-6.139404456857396
2026-02-12 03:50:00+00:00,25843.900390625,25861.05078125,25837.69921875,25857.69921875,0,25938.48251953125,25939.27296875,20.23363326473053,-11.999352928633016,-1.6060025994276623,-10.393350329205354
2026-02-12 03:55:00+00:00,25833.75,25850.94921875,25832.05078125,25845.25,0,25933.24501953125,25936.50296875,18.948601590871803,-18.040924084798466,-4.892986896501823,-13.14793718829664
2026-02-12 04:00:00+00:00,25838.349609375,25841.349609375,25823.80078125,25835.80078125,0,25928.2875,25933.911953125,21.385108545951624,-22.20183379735317,-8.354756276672093,-13.84707752068108
2026-02-12 04:05:00+00:00,25842.25,25847.94921875,25829.80078125,25839.599609375,0,25922.5900390625,25931.6339453125,23.485605827658432,-24.89765117131901,-11.663335255601478,-13.234315915717534
2026-02-12 04:10:00+00:00,25844.650390625,25847.19921875,25830.400390625,25842.55078125,0,25916.9025390625,25929.2999609375,24.816966279694498,-26.53454073159446,-14.637576350800076,-11.896964380794383
2026-02-12 04:15:00+00:00,25854.69921875,25862.75,25828.400390625,25844.849609375,0,25912.3875,25927.2329296875,30.285767503581116,-26.71300021492061,-17.052661123624183,-9.660339091296429
2026-02-12 04:20:00+00:00,25860.400390625,25865.94921875,25851.44921875,25859.0,0,25908.1650390625,25925.5059375,33.25225347918855,-26.093602905963053,-18.86084948009196,-7.232753425871095
2026-02-12 04:25:00+00:00,25865.099609375,25872.349609375,25857.650390625,25861.099609375,0,25903.79755859375,25923.6939453125,35.68166913500234,-24.936090664974472,-20.07589771706846,-4.860192947906011
2026-02-12 04:30:00+00:00,25871.099609375,25875.75,25857.849609375,25867.5,0,25900.1125,25922.266953125,38.747171380252006,-23.26640340305676,-20.713998854266123,-2.552404548790633
2026-02-12 04:35:00+00:00,25865.0,25875.25,25849.900390625,25871.55078125,0,25896.11748046875,25920.48796875,36.825618338040286,-22.179678194686858,-21.007134722350276,-1.172543472336585
2026-02-12 04:40:00+00:00,25880.849609375,25880.900390625,25854.80078125,25866.400390625,0,25892.994921875,25919.24796875,44.52430039966429,-19.811139141747844,-20.767935606229788,0.9567964644819432
2026-02-12 04:45:00+00:00,25876.30078125,25882.599609375,25865.25,25881.80078125,0,25889.494921875,25918.0209765625,42.90815341142345,-18.092547664185982,-20.23285801782103,2.1403103536350443
2026-02-12 04:50:00+00:00,25875.30078125,25881.650390625,25870.849609375,25876.44921875,0,25886.0125,25916.7330078125,42.54256486723042,-16.619662060234987,-19.51021882630382,2.8905567660688334
2026-02-12 04:55:00+00:00,25867.19921875,25876.05078125,25859.400390625,25876.05078125,0,25881.56748046875,25915.5519921875,39.598893808209176,-15.922572489504091,-18.792689558943877,2.8701170694397824
2026-02-12 05:00:00+00:00,25872.80078125,25874.150390625,25860.94921875,25867.349609375,0,25877.62001953125,25914.6669921875,42.55838682152907,-14.748117583778368,-17.98377516391077,3.235657580132404
2026-02-12 05:05:00+00:00,25859.75,25876.0,25850.599609375,25873.5,0,25872.8125,25913.6380078125,37.89915842110206,-14.70097885326686,-17.32721590178199,2.6262370485151294
2026-02-12 05:10:00+00:00,25859.30078125,25865.80078125,25855.69921875,25861.25,0,25868.0150390625,25912.5040234375,37.7459771869979,-14.532349390858144,-16.768242599597222,2.2358932087390784
2026-02-12 05:15:00+00:00,25856.80078125,25865.55078125,25852.75,25859.30078125,0,25863.405078125,25911.1160546875,36.85325030665533,-14.434051670847111,-16.3014044138472,1.8673527430000905
2026-02-12 05:20:00+00:00,25853.099609375,25857.900390625,25848.69921875,25857.900390625,0,25858.792578125,25909.6300390625,35.51409003125372,-14.487797348374444,-15.93868300075265,1.450885652378208
2026-02-12 05:25:00+00:00,25853.599609375,25861.900390625,25852.650390625,25853.400390625,0,25858.71005859375,25908.41703125,35.8532051535133,-14.324916641613529,-15.615929728924826,1.291013087311299
2026-02-12 05:30:00+00:00,25856.69921875,25860.900390625,25851.19921875,25853.599609375,0,25859.35,25907.0290234375,38.028876725700016,-13.78679435265076,-15.250102653670012,1.4633083010192536
2026-02-12 05:35:00+00:00,25853.900390625,25861.80078125,25843.150390625,25857.25,0,25860.35751953125,25905.63203125,36.8146683744751,-13.431342445597693,-14.886350612055548,1.455008166457855
2026-02-12 05:40:00+00:00,25849.150390625,25857.400390625,25846.849609375,25854.5,0,25860.89755859375,25904.03703125,34.78478491902308,-13.378708131578604,-14.58482211596016,1.2061139843815545
2026-02-12 05:45:00+00:00,25840.099609375,25849.55078125,25833.349609375,25849.55078125,0,25860.7900390625,25902.2140234375,31.24916354762441,-13.907006154702684,-14.449258923708664,0.5422527690059802
2026-02-12 05:50:00+00:00,25833.5,25840.849609375,25824.19921875,25840.849609375,0,25860.23251953125,25899.9830078125,28.93932477322386,-14.688895027182298,-14.497186144403392,-0.1917088827789062
2026-02-12 05:55:00+00:00,25831.099609375,25838.099609375,25827.05078125,25834.599609375,0,25859.0525390625,25897.621015625,28.12502454769242,-15.325575361439403,-14.662863987810596,-0.6627113736288095
2026-02-12 06:00:00+00:00,25821.150390625,25833.900390625,25816.849609375,25833.900390625,0,25857.0900390625,25894.89703125,24.98670673352163,-16.443418425471464,-15.01897487534277,-1.424443550128693
2026-02-12 06:05:00+00:00,25817.599609375,25826.099609375,25813.900390625,25822.25,0,25854.7150390625,25892.14203125,23.95917443290817,-17.415085217227897,-15.498196943719798,-1.9168882735081
2026-02-12 06:10:00+00:00,25828.400390625,25831.849609375,25815.69921875,25820.599609375,0,25852.580078125,25889.9240234375,32.986602486513604,-17.116299325098225,-15.821817419995485,-1.2944819051027423
2026-02-12 06:15:00+00:00,25827.099609375,25836.099609375,25826.19921875,25828.150390625,0,25850.68505859375,25887.825,32.48639236053785,-16.790916297646618,-16.01563719552571,-0.7752791021209084
2026-02-12 06:20:00+00:00,25814.75,25828.19921875,25808.75,25827.900390625,0,25847.380078125,25885.4680078125,28.12573112741309,-17.329791126026976,-16.278467981625962,-1.0513231444010138
2026-02-12 06:25:00+00:00,25826.30078125,25827.849609375,25810.75,25815.900390625,0,25844.880078125,25883.2240234375,36.68610472634329,-16.633066163918556,-16.34938761808448,-0.2836785458340749
2026-02-12 06:30:00+00:00,25815.150390625,25830.44921875,25806.849609375,25827.05078125,0,25841.87255859375,25880.77703125,32.644178113685186,-16.787138267238333,-16.436937747915252,-0.3502005193230815
2026-02-12 06:35:00+00:00,25828.0,25828.0,25812.400390625,25816.099609375,0,25839.91259765625,25878.213046875,40.74610390241774,-15.691503545996966,-16.287850907531595,0.5963473615346295
2026-02-12 06:40:00+00:00,25828.900390625,25832.400390625,25823.349609375,25828.349609375,0,25837.717578125,25875.623046875,41.279109142940335,-14.582453688370151,-15.946771463699308,1.364317775329155
2026-02-12 06:45:00+00:00,25836.25,25838.44921875,25827.94921875,25829.80078125,0,25836.542578125,25873.448046875,45.58213579756467,-12.96106454848632,-15.34963008065671,2.3885655321703894
2026-02-12 06:50:00+00:00,25836.599609375,25839.69921875,25831.19921875,25838.349609375,0,25835.40751953125,25871.283046875,45.78565206798089,-11.515151915540628,-14.582734447633497,3.067582532092868
2026-02-12 06:55:00+00:00,25832.150390625,25837.69921875,25830.94921875,25836.80078125,0,25834.175,25868.8770703125,43.553293190595504,-10.606011013202078,-13.787389760747214,3.181378747545136
2026-02-12 07:00:00+00:00,25842.349609375,25846.650390625,25831.849609375,25834.900390625,0,25833.6375,25866.828046875,49.61760158815056,-8.959242018343502,-12.821760212266472,3.86251819392297
2026-02-12 07:05:00+00:00,25838.099609375,25843.5,25835.400390625,25843.05078125,0,25832.8625,25864.69203125,47.33549312185455,-7.905970104780863,-11.83860219076935,3.9326320859884873
2026-02-12 07:10:00+00:00,25844.44921875,25847.05078125,25834.05078125,25839.69921875,0,25832.25,25862.715,50.96423620347243,-6.48413899609659,-10.7677095518348,4.28357055573821
2026-02-12 07:15:00+00:00,25844.80078125,25852.25,25839.94921875,25845.599609375,0,25831.79501953125,25860.685,51.164873070954194,-5.268230560559459,-9.667813753579733,4.399583193020273
2026-02-12 07:20:00+00:00,25853.5,25854.0,25843.400390625,25845.650390625,0,25832.0125,25858.856015625,55.96605119226477,-3.561604158807313,-8.44657183462525,4.884967675817936
2026-02-12 07:25:00+00:00,25853.75,25859.5,25849.150390625,25854.150390625,0,25832.69501953125,25856.8090234375,56.09962710396467,-2.1639726000721566,-7.190051987714631,5.026079387642474
2026-02-12 07:30:00+00:00,25854.94921875,25859.849609375,25847.849609375,25854.55078125,0,25833.76748046875,25854.8730078125,56.77695499263204,-0.9486372893770748,-5.94176904804712,4.993131758670045
2026-02-12 07:35:00+00:00,25854.80078125,25854.80078125,25854.80078125,25854.80078125,0,25834.9525390625,25852.851015625,56.660424260440855,0.0025180086231557,-4.752911636713065,4.75542964533622
2026-02-12 07:40:00+00:00,25835.75,25843.650390625,25830.0,25840.5,0,25835.68251953125,25850.461015625,44.13920260623412,-0.7720239859227149,-3.9567341065549946,3.18471012063228
2026-02-12 07:45:00+00:00,25851.599609375,25863.55078125,25831.55078125,25836.44921875,0,25837.38251953125,25848.5130078125,53.37148220055622,-0.1057045843735977,-3.186528202118716,3.080823617745118
2026-02-12 07:50:00+00:00,25860.44921875,25861.75,25830.75,25853.19921875,0,25838.9849609375,25846.815,57.58647120565147,1.1234968864628172,-2.324523184402409,3.448020070865226
2026-02-12 07:55:00+00:00,25855.44921875,25879.30078125,25853.44921875,25861.05078125,0,25840.40244140625,25846.818984375,54.58424946784647,1.6748826896910032,-1.5246420095837268,3.19952469927473
2026-02-12 08:00:00+00:00,25849.44921875,25859.099609375,25842.849609375,25857.400390625,0,25842.13740234375,25846.9299609375,51.138852949282224,1.6091606530208082,-0.8978814770628198,2.507042130083628
2026-02-12 08:05:00+00:00,25859.80078125,25861.75,25845.349609375,25850.099609375,0,25843.81240234375,25847.4509765625,56.267634251734336,2.3650966852292186,-0.2452858446044121,2.6103825298336307
2026-02-12 08:10:00+00:00,25844.849609375,25862.0,25841.30078125,25862.0,0,25845.29736328125,25847.5809765625,48.37025634761558,1.7377155160429538,0.151314427525061,1.5864010885178927
2026-02-12 08:15:00+00:00,25817.5,25847.349609375,25817.0,25845.05078125,0,25844.77236328125,25847.0859765625,37.89307065365164,-0.9553606836452672,-0.0700205947090046,-0.8853400889362626
2026-02-12 08:20:00+00:00,25821.650390625,25821.650390625,25805.849609375,25817.75,0,25844.40986328125,25846.6259765625,40.01641863327974,-2.7233480758950463,-0.600686090946213,-2.122661984948833
2026-02-12 08:25:00+00:00,25816.94921875,25824.55078125,25815.349609375,25822.400390625,0,25843.44482421875,25845.8709765625,38.41436655020632,-4.452510335340776,-1.3710509398251256,-3.08145939551565
2026-02-12 08:30:00+00:00,25817.80078125,25820.849609375,25807.25,25817.19921875,0,25842.5048828125,25845.018984375,38.89160385123687,-5.688595321113098,-2.23455981608272,-3.454035505030378
2026-02-12 08:35:00+00:00,25817.69921875,25822.5,25814.150390625,25817.900390625,0,25841.78232421875,25844.0709765625,38.85293330395393,-6.600312528527866,-3.107710358571749,-3.4926021699561165
2026-02-12 08:40:00+00:00,25817.55078125,25821.599609375,25812.650390625,25817.80078125,0,25840.5423828125,25843.0,38.79222276865408,-7.251244813211088,-3.936417249499617,-3.3148275637114706
2026-02-12 08:45:00+00:00,25807.900390625,25818.349609375,25804.0,25818.19921875,0,25839.032421875,25841.8580078125,34.966778994164216,-8.448430957188975,-4.838819991037489,-3.609610966151486
2026-02-12 08:50:00+00:00,25833.349609375,25836.349609375,25806.75,25807.94921875,0,25838.47744140625,25840.9080078125,49.19518572477968,-7.259981785580749,-5.323052349946142,-1.9369294356346067
2026-02-12 08:55:00+00:00,25823.69921875,25837.849609375,25820.30078125,25833.75,0,25837.42236328125,25839.8559765625,45.16028543809556,-7.015957535339112,-5.661633387024736,-1.354324148314376
2026-02-12 09:00:00+00:00,25823.900390625,25829.55078125,25818.5,25823.400390625,0,25835.9423828125,25838.82796875,45.26107452813058,-6.728768613807915,-5.875060432381372,-0.8537081814265433
2026-02-12 09:05:00+00:00,25808.19921875,25829.650390625,25804.0,25823.44921875,0,25833.66484375,25837.64796875,39.204781696546775,-7.679597060028755,-6.235967757910849,-1.4436293021179054
2026-02-12 09:10:00+00:00,25797.30078125,25819.5,25795.0,25808.75,0,25830.782421875,25836.13796875,35.63997302226173,-9.206422371909866,-6.830058680710653,-2.376363691199213
2026-02-12 09:15:00+00:00,25759.0,25798.75,25752.400390625,25796.94921875,0,25825.9923828125,25834.12296875,26.51522968134887,-13.3530695123045,-8.134660847029423,-5.218408665275078
2026-02-12 09:20:00+00:00,25775.400390625,25776.69921875,25754.900390625,25760.599609375,0,25822.97490234375,25832.4449609375,34.27494026115008,-15.141402127857871,-9.536009103195113,-5.60539302466276
2026-02-12 09:25:00+00:00,25785.5,25788.150390625,25775.099609375,25776.349609375,0,25819.669921875,25831.0189453125,38.57642457049886,-15.564298989014787,-10.741667080359049,-4.8226319086557385
2026-02-12 09:30:00+00:00,25823.94921875,25840.69921875,25788.400390625,25788.94921875,0,25817.844921875,25830.4359375,51.57096194713593,-12.65108336468984,-11.123550337225208,-1.5275330274646317
2026-02-12 09:35:00+00:00,25821.400390625,25826.900390625,25791.150390625,25823.19921875,0,25816.14248046875,25829.791953125,50.80367367206834,-10.427802901307588,-10.984400850041684,0.5565979487340975
2026-02-12 09:40:00+00:00,25807.44921875,25821.69921875,25802.400390625,25820.900390625,0,25814.04248046875,25828.806953125,46.70735768457163,-9.679995133399643,-10.723519706713276,1.043524573313633
2026-02-12 09:45:00+00:00,25810.55078125,25814.80078125,25797.44921875,25805.349609375,0,25811.57998046875,25827.9399609375,47.71664841361559,-8.736374430525757,-10.326090651475772,1.5897162209500149
2026-02-12 09:50:00+00:00,25799.5,25811.599609375,25795.5,25809.400390625,0,25809.3125,25826.946953125,44.48405885749646,-8.779054441885819,-10.016683409557782,1.237628967671963
2026-02-12 09:55:00+00:00,25796.150390625,25803.650390625,25790.400390625,25796.349609375,0,25808.24501953125,25826.06796875,43.521623463848506,-8.979652299025474,-9.809277187451322,0.8296248884258475
2026-02-13 03:45:00+00:00,25596.400390625,25625.099609375,25563.650390625,25578.599609375,0,25796.98251953125,25821.3259765625,18.214037676317247,-24.96895657685309,-12.841213065331676,-12.127743511521413
2026-02-13 03:50:00+00:00,25602.650390625,25605.650390625,25580.099609375,25597.099609375,0,25786.267578125,25816.7569921875,19.7857571413098,-36.71306726088733,-17.615583904442808,-19.09748335644452
2026-02-13 03:55:00+00:00,25585.69921875,25605.0,25583.94921875,25605.0,0,25774.6625,25812.04796875,18.73419327749511,-46.848141282443976,-23.46209538004304,-23.386045902400934
2026-02-13 04:00:00+00:00,25547.69921875,25586.099609375,25545.55078125,25586.099609375,0,25761.1625,25806.6499609375,16.603803293317597,-57.286183421467285,-30.22691298832789,-27.0592704331394
2026-02-13 04:05:00+00:00,25538.30078125,25550.900390625,25534.650390625,25549.0,0,25747.2,25800.84796875,16.1156800413016,-65.56103557116876,-37.29373750489607,-28.26729806627269
2026-02-13 04:10:00+00:00,25560.849609375,25566.25,25525.900390625,25537.400390625,0,25734.8474609375,25795.52296875,22.037569397432307,-69.49828061784137,-43.73464612748513,-25.76363449035625
2026-02-13 04:15:00+00:00,25544.25,25564.44921875,25541.05078125,25560.75,0,25720.39248046875,25790.11296875,20.869547184249555,-73.11519893084915,-49.610756688157934,-23.50444224269121
2026-02-13 04:20:00+00:00,25553.650390625,25565.30078125,25537.05078125,25543.19921875,0,25706.8900390625,25784.6599609375,23.347242544365614,-74.36585648883556,-54.56177664829347,-19.80407984054209
2026-02-13 04:25:00+00:00,25534.44921875,25555.05078125,25531.5,25553.150390625,0,25692.41748046875,25779.0459375,21.842788730609985,-76.02995966544404,-58.85541325172359,-17.17454641372045
2026-02-13 04:30:00+00:00,25549.0,25550.69921875,25532.5,25534.650390625,0,25679.45751953125,25773.4659375,25.747574135861143,-75.30655983612087,-62.14564256860305,-13.160917267517815
2026-02-13 04:35:00+00:00,25534.94921875,25550.5,25531.69921875,25549.849609375,0,25666.33994140625,25767.5869140625,24.475928412882283,-75.00245921672104,-64.71700589822666,-10.285453318494376
2026-02-13 04:40:00+00:00,25531.75,25546.94921875,25529.349609375,25535.80078125,0,25654.97744140625,25761.4969140625,24.18306220897115,-74.16468319905107,-66.60654135839155,-7.558141840659516
2026-02-13 04:45:00+00:00,25526.25,25533.05078125,25513.55078125,25531.5,0,25642.519921875,25755.289921875,23.658944439055844,-73.10187084105564,-67.90560725492438,-5.196263586131266
2026-02-13 04:50:00+00:00,25538.900390625,25540.69921875,25524.0,25527.0,0,25630.18994140625,25749.424921875,27.548422849207498,-70.42696537293159,-68.40987887852582,-2.017086494405774
2026-02-13 04:55:00+00:00,25548.94921875,25553.25,25538.55078125,25539.75,0,25616.43994140625,25743.5569140625,30.57428895311969,-66.72703929679119,-68.0733109621789,1.3462716653877038
2026-02-13 05:00:00+00:00,25567.30078125,25572.150390625,25548.25,25548.55078125,0,25603.7349609375,25738.1409375,35.843940026833,-61.60387240754426,-66.77942325125197,5.175550843707711
2026-02-13 05:05:00+00:00,25579.400390625,25581.650390625,25562.69921875,25567.25,0,25592.33251953125,25732.8399609375,39.12478003786407,-55.92274577884382,-64.60808775677035,8.685341977926527
2026-02-13 05:10:00+00:00,25574.099609375,25584.30078125,25570.25,25578.94921875,0,25580.5099609375,25727.4259375,38.203060610239255,-51.25727873893629,-61.93792595320354,10.680647214267246
2026-02-13 05:15:00+00:00,25558.099609375,25573.75,25557.849609375,25573.30078125,0,25568.43994140625,25721.5179296875,35.48559702807448,-48.2942230382796,-59.20918537021876,10.914962331939158
2026-02-13 05:20:00+00:00,25559.849609375,25566.30078125,25543.94921875,25558.150390625,0,25556.62490234375,25715.639921875,36.02164222962737,-45.2827779960171,-56.42390389537843,11.141125899361327
2026-02-13 05:25:00+00:00,25560.5,25574.599609375,25557.849609375,25560.0,0,25554.8298828125,25709.7509375,36.23370129676958,-42.35545766522773,-53.61021464934829,11.25475698412056
2026-02-13 05:30:00+00:00,25545.349609375,25563.75,25544.099609375,25561.900390625,0,25551.96484375,25703.5619140625,33.4521797917934,-40.787867966861086,-51.045745312850855,10.257877345989767
2026-02-13 05:35:00+00:00,25536.400390625,25547.349609375,25533.05078125,25545.400390625,0,25549.49990234375,25697.574921875,31.894659651814976,-39.80877818361478,-48.79835188700364,8.989573703388864
2026-02-13 05:40:00+00:00,25554.19921875,25554.19921875,25536.69921875,25537.150390625,0,25549.82490234375,25691.6269140625,38.07052238088846,-37.16817422171516,-46.47231635394595,9.304142132230789
2026-02-13 05:45:00+00:00,25532.19921875,25555.94921875,25526.099609375,25553.69921875,0,25549.51982421875,25685.0619140625,33.97009450985016,-36.43074178180541,-44.46400143951784,8.033259657712435
2026-02-13 05:50:00+00:00,25533.099609375,25536.400390625,25522.80078125,25531.900390625,0,25548.13232421875,25678.614921875,34.2820676460353,-35.365990141908696,-42.644399179996014,7.278409038087318
2026-02-13 05:55:00+00:00,25548.80078125,25550.650390625,25531.099609375,25533.099609375,0,25548.35986328125,25672.601953125,39.63789632799403,-32.87623665461797,-40.69076667492041,7.814530020302442
2026-02-13 06:00:00+00:00,25530.05078125,25549.69921875,25529.25,25548.849609375,0,25547.1798828125,25666.006953125,35.877615780408775,-32.04664361865434,-38.9619420636672,6.915298445012851
2026-02-13 06:05:00+00:00,25531.25,25537.44921875,25526.5,25531.349609375,0,25547.019921875,25659.7349609375,36.29388337590384,-30.935809475166025,-37.35671554596696,6.420906070800939
2026-02-13 06:10:00+00:00,25549.599609375,25551.05078125,25525.05078125,25530.900390625,0,25547.04990234375,25654.376953125,42.45018603994957,-28.2491664841109,-35.53520573359575,7.286039249484851
2026-02-13 06:15:00+00:00,25548.44921875,25554.849609375,25543.400390625,25550.80078125,0,25547.72490234375,25648.9129296875,42.17501843388882,-25.91408799130295,-33.6109821851372,7.696894193834247
2026-02-13 06:20:00+00:00,25551.80078125,25557.0,25544.55078125,25548.849609375,0,25548.72744140625,25643.6099609375,43.327611223840336,-23.521932186497,-31.59317218540916,8.071239998912162
2026-02-13 06:25:00+00:00,25558.849609375,25561.25,25548.19921875,25552.400390625,0,25550.357421875,25638.4309375,45.77560005589138,-20.817380156386207,-29.43801377960457,8.620633623218364
2026-02-13 06:30:00+00:00,25562.650390625,25568.5,25554.94921875,25559.0,0,25551.544921875,25633.3299609375,47.10242704460427,-18.157997809074004,-27.18201058549846,9.024012776424456
2026-02-13 06:35:00+00:00,25568.80078125,25575.55078125,25560.599609375,25562.150390625,0,25552.5375,25628.3549609375,49.26581658101907,-15.37687793942314,-24.8209840562834,9.444106116860262
2026-02-13 06:40:00+00:00,25573.400390625,25576.69921875,25562.150390625,25568.55078125,0,25552.84248046875,25623.6649609375,50.88362906875189,-12.655782388395892,-22.387943722705906,9.73216133431001
2026-02-13 06:45:00+00:00,25572.30078125,25576.150390625,25557.69921875,25573.5,0,25552.4875,25618.443984375,50.46928906793028,-10.467362606097597,-20.00382749938424,9.536464893286643
2026-02-13 06:50:00+00:00,25580.30078125,25582.44921875,25569.150390625,25572.599609375,0,25552.79755859375,25613.576015625,53.439791661896734,-7.995325880867313,-17.602127175680852,9.60680129481354
2026-02-13 06:55:00+00:00,25585.30078125,25604.25,25578.19921875,25580.44921875,0,25554.1576171875,25608.8040234375,55.24633618825128,-5.568569747072615,-15.195415689959203,9.62684594288659
2026-02-13 07:00:00+00:00,25602.44921875,25606.05078125,25576.5,25585.80078125,0,25556.28759765625,25604.6890234375,60.85601533432189,-2.2358390753288404,-12.603500367033131,10.367661291704293
2026-02-13 07:05:00+00:00,25593.25,25602.75,25581.900390625,25602.5,0,25557.92509765625,25600.6080078125,56.74677372942603,-0.3330864655508776,-10.149417586736682,9.816331121185804
2026-02-13 07:10:00+00:00,25584.0,25594.599609375,25579.349609375,25593.5,0,25559.8576171875,25597.1080078125,52.88019645747775,0.423578245419776,-8.03481842030539,8.458396665725166
2026-02-13 07:15:00+00:00,25571.599609375,25596.849609375,25570.0,25585.150390625,0,25561.617578125,25593.0319921875,48.14423533559079,0.0223746700212359,-6.423379802240065,6.445754472261301
2026-02-13 07:20:00+00:00,25556.94921875,25571.55078125,25553.69921875,25571.55078125,0,25561.755078125,25588.4609765625,43.21939379460006,-1.4609057271736674,-5.430884987226786,3.969979260053119
2026-02-13 07:25:00+00:00,25542.05078125,25560.05078125,25537.599609375,25557.099609375,0,25562.24765625,25582.8230078125,38.86540444930449,-3.794850844893517,-5.1036781587601325,1.308827313866615
2026-02-13 07:30:00+00:00,25542.5,25553.05078125,25534.099609375,25542.94921875,0,25562.71767578125,25577.245,39.06473745368076,-5.54435904715865,-5.191814336439837,-0.3525447107188135
2026-02-13 07:35:00+00:00,25549.099609375,25549.30078125,25531.650390625,25542.80078125,0,25562.7326171875,25572.0780078125,42.05397780912208,-6.325408212207549,-5.41853311159338,-0.9068751006141688
2026-02-13 07:40:00+00:00,25574.69921875,25578.0,25548.19921875,25549.900390625,0,25564.9650390625,25567.3609765625,51.9089650157082,-4.823122813460941,-5.2994510519668925,0.4763282385059515
2026-02-13 07:45:00+00:00,25585.150390625,25586.849609375,25570.19921875,25575.650390625,0,25567.66005859375,25563.073984375,55.25473338839156,-2.757442504600476,-4.79104934249361,2.0336068378931333
2026-02-13 07:50:00+00:00,25553.19921875,25584.75,25552.0,25584.599609375,0,25567.8400390625,25558.2149609375,44.957117455783006,-3.6564195916289455,-4.564123392320677,0.9077038006917304
2026-02-13 07:55:00+00:00,25546.650390625,25554.150390625,25541.650390625,25554.05078125,0,25567.75009765625,25557.2199609375,43.18080476438875,-4.841491409475566,-4.619596995751655,-0.2218944137239109
2026-02-13 08:00:00+00:00,25542.400390625,25552.5,25533.19921875,25546.900390625,0,25567.280078125,25556.0149609375,42.02044768234341,-6.05382412819381,-4.906442422240087,-1.1473817059537232
2026-02-13 08:05:00+00:00,25546.94921875,25553.400390625,25541.44921875,25542.94921875,0,25566.68505859375,25555.2399609375,43.76234834118557,-6.5717985260162095,-5.239513642995312,-1.3322848830208978
2026-02-13 08:10:00+00:00,25539.19921875,25553.80078125,25538.650390625,25548.19921875,0,25565.5125,25555.0699609375,41.47605063777758,-7.5209602505092334,-5.695802964498096,-1.8251572860111371
2026-02-13 08:15:00+00:00,25510.30078125,25540.150390625,25505.650390625,25538.900390625,0,25562.5875,25554.5099609375,34.283613233446246,-10.484184989065398,-6.653479369411556,-3.830705619653841
2026-02-13 08:20:00+00:00,25517.150390625,25517.599609375,25500.400390625,25510.5,0,25559.775,25553.6359765625,37.06920849840501,-12.139914335635694,-7.750766362656384,-4.38914797297931
2026-02-13 08:25:00+00:00,25524.5,25531.19921875,25516.69921875,25517.05078125,0,25557.3849609375,25553.2409765625,40.00769063262519,-12.712497955199067,-8.743112681164922,-3.9693852740341473
2026-02-13 08:30:00+00:00,25526.25,25530.849609375,25513.69921875,25525.150390625,0,25554.682421875,25552.69296875,40.71750503701173,-12.87663044396686,-9.569816233725309,-3.3068142102415514
2026-02-13 08:35:00+00:00,25518.900390625,25539.25,25515.55078125,25526.099609375,0,25551.36240234375,25552.3819921875,38.64926310816926,-13.444775672272954,-10.344808121434838,-3.099967550838116
2026-02-13 08:40:00+00:00,25534.599609375,25535.349609375,25513.599609375,25518.5,0,25547.969921875,25552.093984375,45.06792700084247,-12.484327552887407,-10.772712007725351,-1.7116155451620545
2026-02-13 08:45:00+00:00,25527.94921875,25538.400390625,25524.80078125,25535.0,0,25544.7048828125,25551.953984375,43.01488688998744,-12.120083662452087,-11.0421863386707,-1.0778973237813876
2026-02-13 08:50:00+00:00,25527.30078125,25535.650390625,25515.30078125,25528.25,0,25541.869921875,25551.865,42.81010957585585,-11.74831399145478,-11.183411869227516,-0.564902122227263
2026-02-13 08:55:00+00:00,25530.94921875,25536.650390625,25526.69921875,25527.0,0,25539.83740234375,25551.958984375,44.41355947156951,-11.03211408977586,-11.153152313337186,0.1210382235613263
2026-02-13 09:00:00+00:00,25510.900390625,25534.55078125,25510.05078125,25531.150390625,0,25537.5349609375,25551.398984375,38.09309300484017,-11.944603429314157,-11.31144253653258,-0.6331608927815751
2026-02-13 09:05:00+00:00,25513.849609375,25521.400390625,25499.650390625,25511.05078125,0,25536.12490234375,25550.6969921875,39.4579690564313,-12.288130579330756,-11.506780145092216,-0.7813504342385382
2026-02-13 09:10:00+00:00,25511.75,25518.44921875,25503.0,25514.0,0,25534.58740234375,25549.5859765625,38.80208753003796,-12.584730312770262,-11.722370178627829,-0.8623601341424347
2026-02-13 09:15:00+00:00,25508.150390625,25516.5,25504.900390625,25511.44921875,0,25532.53994140625,25548.1609765625,37.6467220366558,-12.960841617459664,-11.970064466394197,-0.990777151065469
2026-02-13 09:20:00+00:00,25515.349609375,25521.5,25502.19921875,25507.55078125,0,25529.5724609375,25546.9859765625,41.40459863048329,-12.533517165378726,-12.082755006191102,-0.4507621591876241
2026-02-13 09:25:00+00:00,25521.25,25528.30078125,25512.900390625,25515.650390625,0,25526.37744140625,25546.248984375,44.36409918963227,-11.585200269411873,-11.983244058835256,0.3980437894233848
2026-02-13 09:30:00+00:00,25496.44921875,25527.55078125,25489.849609375,25521.94921875,0,25523.53994140625,25544.9809765625,36.10873174140392,-12.68860177235183,-12.124315601538571,-0.5642861708132596
2026-02-13 09:35:00+00:00,25483.80078125,25498.75,25473.150390625,25495.900390625,0,25520.3974609375,25543.4469921875,32.7605283010836,-14.417482844201004,-12.582949050071058,-1.8345337941299464
2026-02-13 09:40:00+00:00,25477.19921875,25489.5,25476.19921875,25482.5,0,25517.13740234375,25542.083984375,31.137671216919628,-16.134337868079456,-13.29322681367274,-2.841111054406717
2026-02-13 09:45:00+00:00,25485.05078125,25487.900390625,25472.900390625,25475.55078125,0,25514.04248046875,25541.0569921875,35.24622082421686,-16.669249634731386,-13.96843137788447,-2.700818256846917
2026-02-13 09:50:00+00:00,25468.150390625,25489.80078125,25464.0,25487.19921875,0,25510.4900390625,25539.336015625,30.963825338795843,-18.2465564005106,-14.824056382409696,-3.4225000181009038
2026-02-13 09:55:00+00:00,25460.55078125,25470.900390625,25445.599609375,25470.900390625,0,25508.0025390625,25537.903046875,29.243229913366008,-19.88063673523357,-15.83537245297447,-4.045264282259096
2026-02-16 03:45:00+00:00,25472.19921875,25472.19921875,25376.05078125,25427.44921875,0,25505.75498046875,25536.6850390625,35.18807024708748,-20.00511905748135,-16.669321773875847,-3.3357972836055048
2026-02-16 03:50:00+00:00,25480.650390625,25491.94921875,25461.349609375,25473.05078125,0,25503.5625,25535.32203125,39.18060093876969,-19.200501820698264,-17.17555778324033,-2.024944037457935
2026-02-16 03:55:00+00:00,25472.25,25484.44921875,25453.650390625,25482.599609375,0,25500.8625,25534.166015625,36.756793259645534,-19.02141119420412,-17.54472846543309,-1.4766827287710311
2026-02-16 04:00:00+00:00,25521.900390625,25527.5,25472.69921875,25473.55078125,0,25501.0125,25533.9790234375,54.6241323079863,-14.703614884907438,-16.97650574932796,2.272890864420521
2026-02-16 04:05:00+00:00,25495.94921875,25522.69921875,25489.55078125,25522.69921875,0,25499.07998046875,25532.906015625,47.12938855170592,-13.22334242879515,-16.225873085221398,3.0025306564262486
2026-02-16 04:10:00+00:00,25460.75,25496.599609375,25458.150390625,25495.849609375,0,25495.72001953125,25531.15203125,39.26087124721258,-14.720806331515632,-15.924859734480243,1.2040534029646128
2026-02-16 04:15:00+00:00,25455.05078125,25471.849609375,25447.849609375,25460.25,0,25492.10751953125,25529.21703125,38.15025125471824,-16.180913091971888,-15.976070405978575,-0.204842685993313
2026-02-16 04:20:00+00:00,25466.599609375,25466.599609375,25431.900390625,25454.80078125,0,25488.8900390625,25527.37203125,41.746384023336645,-16.219199471623142,-16.02469621910749,-0.194503252515652
2026-02-16 04:25:00+00:00,25496.650390625,25497.94921875,25463.69921875,25466.349609375,0,25488.1775390625,25526.05203125,49.9078792182798,-13.66714842181682,-15.553186659649356,1.8860382378325369
2026-02-16 04:30:00+00:00,25527.150390625,25533.55078125,25497.5,25497.5,0,25488.842578125,25525.2190234375,56.56007022621207,-9.07887881388524,-14.258325090496534,5.179446276611294
2026-02-16 04:35:00+00:00,25521.400390625,25533.400390625,25512.0,25527.30078125,0,25489.32509765625,25524.1790234375,55.07514818117552,-5.839307140275196,-12.574521500452269,6.735214360177071
2026-02-16 04:40:00+00:00,25551.44921875,25555.849609375,25517.80078125,25522.05078125,0,25491.4900390625,25523.7619921875,60.858452957280285,-0.83757886020976,-10.227132972403766,9.389554112194006
2026-02-16 04:45:00+00:00,25550.150390625,25561.150390625,25541.900390625,25551.44921875,0,25493.230078125,25523.158984375,60.49593921186384,2.9870889601843373,-7.584288585886145,10.571377546070485
2026-02-16 04:50:00+00:00,25526.80078125,25551.80078125,25526.349609375,25550.55078125,0,25493.5076171875,25521.988984375,54.24073161708667,4.086935775765596,-5.250043713555797,9.336979489321394
2026-02-16 04:55:00+00:00,25525.849609375,25532.400390625,25518.900390625,25526.099609375,0,25494.97763671875,25520.4569921875,53.9958029765812,4.826187395941815,-3.234797491656275,8.06098488759809
2026-02-16 05:00:00+00:00,25531.349609375,25540.25,25520.5,25526.19921875,0,25497.355078125,25519.218984375,55.25402246037525,5.789120290424762,-1.430013935240068,7.21913422566483
2026-02-16 05:05:00+00:00,25526.55078125,25538.349609375,25522.19921875,25533.599609375,0,25499.82265625,25518.07,53.86962717834885,6.094769513561914,0.0749427545203285,6.019826759041585
2026-02-16 05:10:00+00:00,25526.25,25540.099609375,25521.0,25527.30078125,0,25501.8826171875,25517.1630078125,53.77867636916253,6.240788269431505,1.308111857502564,4.9326764119289415
2026-02-16 05:15:00+00:00,25518.599609375,25536.0,25516.5,25526.44921875,0,25504.405078125,25516.396015625,51.40152867016176,5.67378276312229,2.181246038626509,3.492536724495781
2026-02-16 05:20:00+00:00,25513.599609375,25525.69921875,25508.80078125,25516.75,0,25507.05751953125,25515.8269921875,49.85061489169013,4.766028787944379,2.6982025884900827,2.067826199454296
2026-02-16 05:25:00+00:00,25523.05078125,25525.650390625,25508.19921875,25512.69921875,0,25509.60009765625,25515.4380078125,52.75256659974399,4.754451449403859,3.1094523606728384,1.644999088731021
2026-02-16 05:30:00+00:00,25530.900390625,25533.44921875,25507.150390625,25523.55078125,0,25512.11259765625,25515.0740234375,55.07762743847907,5.317378767365881,3.551037642011447,1.7663411253544337
2026-02-16 05:35:00+00:00,25531.94921875,25537.099609375,25525.849609375,25530.900390625,0,25515.09755859375,25514.2190234375,55.393487945533565,5.781488980672293,3.9971279097436168,1.7843610709286764
2026-02-16 05:40:00+00:00,25534.55078125,25534.69921875,25523.94921875,25531.650390625,0,25515.730078125,25513.20703125,56.21585209197932,6.286754230637598,4.455053173922414,1.8317010567151844
2026-02-16 05:45:00+00:00,25533.849609375,25540.69921875,25527.30078125,25533.849609375,0,25517.62509765625,25512.8200390625,55.9166381252539,6.555039456612576,4.875050430460447,1.6799890261521293
2026-02-16 05:50:00+00:00,25541.400390625,25544.55078125,25530.69921875,25534.650390625,0,25521.6576171875,25512.7150390625,58.479569602626206,7.292874654096522,5.358615275187662,1.93425937890886
2026-02-16 05:55:00+00:00,25517.80078125,25547.150390625,25511.349609375,25541.44921875,0,25524.7951171875,25512.223046875,48.90879921144041,5.905251059197326,5.467942431989595,0.4373086272077309
2026-02-16 06:00:00+00:00,25519.400390625,25531.30078125,25513.900390625,25518.099609375,0,25527.43515625,25511.6720703125,49.51194895239275,4.878389434314158,5.350031832454508,-0.4716423981403501
2026-02-16 06:05:00+00:00,25528.19921875,25531.400390625,25513.599609375,25520.650390625,0,25529.01259765625,25511.4520703125,52.811897203418326,4.720174855741789,5.224060437111964,-0.5038855813701755
2026-02-16 06:10:00+00:00,25523.650390625,25531.55078125,25518.900390625,25528.5,0,25528.83759765625,25511.7190625,50.95756901155379,4.179556918330491,5.01515973335567,-0.8356028150251795
2026-02-16 06:15:00+00:00,25515.599609375,25522.5,25503.05078125,25521.05078125,0,25528.54755859375,25511.688046875,47.76122529995909,3.0661380138808454,4.625355389460706,-1.5592173755798608
2026-02-16 06:20:00+00:00,25509.099609375,25517.400390625,25506.80078125,25515.099609375,0,25526.430078125,25511.3800390625,45.29110716786232,1.6403410031161911,4.028352512191804,-2.3880115090756124
2026-02-16 06:25:00+00:00,25529.099609375,25529.650390625,25507.650390625,25509.0,0,25525.3775390625,25511.43703125,53.29508964108492,2.1000118237025163,3.6426843744939466,-1.5426725507914305
2026-02-16 06:30:00+00:00,25535.599609375,25538.75,25528.849609375,25529.099609375,0,25525.81748046875,25511.771015625,55.57014088646934,2.954739539847651,3.505095407564688,-0.5503558677170366
2026-02-16 06:35:00+00:00,25539.30078125,25542.80078125,25531.599609375,25535.55078125,0,25526.4900390625,25511.8650390625,56.85878096236299,3.8859759395127194,3.581271513954294,0.3047044255584246
2026-02-16 06:40:00+00:00,25545.69921875,25555.19921875,25539.599609375,25539.599609375,0,25527.20751953125,25512.2200390625,59.06896668064058,5.081709147907532,3.881359040744941,1.2003501071625902
2026-02-16 06:45:00+00:00,25561.25,25565.5,25532.94921875,25545.400390625,0,25528.94248046875,25512.8990234375,63.90850753600806,7.201144107220898,4.545316054040133,2.655828053180765
2026-02-16 06:50:00+00:00,25559.80078125,25566.44921875,25552.05078125,25562.5,0,25530.62001953125,25513.4760546875,63.15903904189411,8.663998558451567,5.36905255492242,3.294946003529147
2026-02-16 06:55:00+00:00,25576.05078125,25576.05078125,25554.400390625,25560.94921875,0,25533.492578125,25514.7790625,67.72898841566345,11.007670865732509,6.496776217084438,4.510894648648069
2026-02-16 07:00:00+00:00,25584.30078125,25587.80078125,25572.150390625,25576.400390625,0,25537.02763671875,25516.1880859375,69.77863853012565,13.376557478375616,7.872732469342674,5.503825009032942
2026-02-16 07:05:00+00:00,25574.599609375,25590.5,25574.05078125,25585.05078125,0,25539.605078125,25517.445078125,64.58409196621353,14.306200715025623,9.159426118479264,5.14677459654636
2026-02-16 07:10:00+00:00,25581.099609375,25581.94921875,25572.0,25575.0,0,25542.1150390625,25518.9040625,66.3894944594575,15.390038570352772,10.405548608853968,4.984489961498804
2026-02-16 07:15:00+00:00,25554.0,25582.349609375,25553.150390625,25578.94921875,0,25543.217578125,25519.6770703125,54.02434142674628,13.90202202742512,11.104843292568198,2.797178734856921
2026-02-16 07:20:00+00:00,25565.80078125,25571.599609375,25553.150390625,25554.80078125,0,25544.780078125,25520.5680859375,57.71746284157845,13.519142362427374,11.587703106540031,1.9314392558873408
2026-02-16 07:25:00+00:00,25554.5,25556.650390625,25554.19921875,25555.900390625,0,25545.81259765625,25521.7291015625,53.30185644502152,12.163614293123828,11.702885343856792,0.4607289492670361
2026-02-16 07:30:00+00:00,25570.650390625,25580.94921875,25565.75,25566.349609375,0,25547.27509765625,25523.46609375,58.221110576604616,12.251324439188464,11.812573162923128,0.4387512762653376
2026-02-16 07:35:00+00:00,25576.849609375,25578.0,25564.900390625,25570.05078125,0,25550.2275390625,25525.4591015625,59.96445809672926,12.674951554323345,11.98504884120317,0.6899027131201727
2026-02-16 07:40:00+00:00,25571.349609375,25584.849609375,25570.900390625,25576.19921875,0,25552.825,25527.185078125,57.665385484006144,12.423662809149391,12.072771634792414,0.3508911743569776
2026-02-16 07:45:00+00:00,25567.94921875,25575.55078125,25564.80078125,25571.44921875,0,25554.8125,25529.1810546875,56.22997063217916,11.813947727499908,12.021006853333914,-0.2070591258340055
2026-02-16 07:50:00+00:00,25574.75,25581.0,25564.349609375,25566.75,0,25557.36748046875,25531.4650390625,58.45723765089535,11.7441313076597,11.965631744199072,-0.2215004365393724
2026-02-16 07:55:00+00:00,25581.69921875,25584.0,25569.0,25574.900390625,0,25560.6724609375,25533.6550390625,60.6601153703912,12.109949211688216,11.9944952376969,0.1154539739913165
2026-02-16 08:00:00+00:00,25576.25,25584.19921875,25566.349609375,25582.400390625,0,25564.02998046875,25535.56703125,58.060215596392304,11.823858048614056,11.960367799880332,-0.136509751266276
2026-02-16 08:05:00+00:00,25590.150390625,25592.44921875,25575.94921875,25577.25,0,25567.08251953125,25537.9250390625,62.47811177458464,12.573830799214193,12.083060399747106,0.4907703994670864
2026-02-16 08:10:00+00:00,25590.599609375,25593.099609375,25583.900390625,25590.599609375,0,25569.83251953125,25539.2990234375,62.61516848168925,13.053959882454365,12.27724029628856,0.7767195861658056
2026-02-16 08:15:00+00:00,25582.400390625,25593.900390625,25580.44921875,25590.69921875,0,25571.9875,25541.028046875,58.42065755179711,12.62729758433852,12.347251753898552,0.2800458304399686
2026-02-16 08:20:00+00:00,25567.30078125,25589.900390625,25567.30078125,25580.849609375,0,25573.067578125,25543.1590625,51.56937933417357,10.94458993527951,12.066719390174743,-1.1221294548952354
2026-02-16 08:25:00+00:00,25566.0,25569.55078125,25544.849609375,25567.400390625,0,25573.305078125,25545.378046875,51.01434390280024,9.397738544306776,11.532923221001152,-2.135184676694376
2026-02-16 08:30:00+00:00,25576.349609375,25585.400390625,25564.25,25565.0,0,25574.13251953125,25547.573046875,55.15044648034567,8.904331067966268,11.007204790394177,-2.1028737224279084
2026-02-16 08:35:00+00:00,25562.0,25580.19921875,25560.849609375,25577.150390625,0,25573.42998046875,25548.8800390625,48.97589322363934,7.27158621678609,10.26008107567256,-2.988494858886469
2026-02-16 08:40:00+00:00,25580.349609375,25582.5,25560.5,25563.44921875,0,25573.232421875,25549.9440234375,55.791896907147205,7.373289588747866,9.68272277828762,-2.309433189539755
2026-02-16 08:45:00+00:00,25575.25,25587.5,25574.0,25581.099609375,0,25573.26494140625,25551.021015625,53.64705606406302,6.962139179726364,9.13860605857537,-2.1764668788490056
2026-02-16 08:50:00+00:00,25583.94921875,25584.900390625,25575.150390625,25575.5,0,25573.407421875,25551.671015625,56.704738212834194,7.254626945537893,8.761810235967875,-1.5071832904299818
2026-02-16 08:55:00+00:00,25620.400390625,25623.55078125,25582.849609375,25583.80078125,0,25576.72744140625,25553.076015625,66.63608150363162,10.308896006266878,9.071227390027676,1.2376686162392012
2026-02-16 09:00:00+00:00,25648.900390625,25648.900390625,25620.349609375,25620.75,0,25580.882421875,25555.5180078125,72.03701888262111,14.857865828704234,10.228555077762987,4.629310750941247
2026-02-16 09:05:00+00:00,25636.349609375,25654.80078125,25634.349609375,25647.55078125,0,25584.97490234375,25557.7280078125,66.90090475981418,17.25135119296465,11.63311430080332,5.618236892161328
2026-02-16 09:10:00+00:00,25646.25,25648.69921875,25631.55078125,25636.0,0,25588.7548828125,25560.026015625,68.79116969500753,19.719767169885017,13.250444874619662,6.469322295265355
2026-02-16 09:15:00+00:00,25665.0,25668.94921875,25639.80078125,25645.75,0,25593.16240234375,25562.795,72.04704595641634,22.92471111568375,15.18529812283248,7.739412992851269
2026-02-16 09:20:00+00:00,25651.349609375,25665.900390625,25643.900390625,25665.30078125,0,25597.16240234375,25565.2969921875,66.59962805049969,24.085536765629517,16.965345851391888,7.120190914237625
2026-02-16 09:25:00+00:00,25663.44921875,25666.19921875,25647.900390625,25651.599609375,0,25601.93740234375,25568.193984375,68.84801566698656,25.6857475040124,18.70942618191599,6.976321322096407
2026-02-16 09:30:00+00:00,25686.650390625,25687.30078125,25661.55078125,25661.55078125,0,25607.532421875,25571.655,72.64992424954471,28.49756452834117,20.66705385120103,7.830510677140143
2026-02-16 09:35:00+00:00,25688.650390625,25693.0,25678.5,25684.75,0,25612.87998046875,25574.9669921875,72.95632262489639,30.535340663886014,22.64071121373803,7.894629450147988
2026-02-16 09:40:00+00:00,25686.75,25695.849609375,25682.349609375,25687.099609375,0,25618.40498046875,25578.083984375,72.12945094456661,31.632309715510928,24.43903091409261,7.19327880141832
2026-02-16 09:45:00+00:00,25680.94921875,25689.0,25676.80078125,25687.05078125,0,25622.944921875,25581.063984375,69.53867482434671,31.66853585606441,25.88493190248697,5.783603953577437
2026-02-16 09:50:00+00:00,25687.599609375,25692.75,25675.5,25678.25,0,25627.794921875,25584.1249609375,70.83217546492403,31.86653865586049,27.08125325316168,4.785285402698818
2026-02-16 09:55:00+00:00,25682.44921875,25691.94921875,25673.0,25689.349609375,0,25632.79736328125,25587.096953125,68.40940987767326,31.247660245091534,27.914534651547648,3.3331255935438904
2026-02-17 03:45:00+00:00,25612.44921875,25644.5,25591.69921875,25644.5,0,25635.05478515625,25588.5179296875,45.58689905247722,24.822639721041924,27.296155665446506,-2.473515944404582
2026-02-17 03:50:00+00:00,25579.69921875,25610.44921875,25574.69921875,25610.44921875,0,25635.73974609375,25589.7558984375,39.02682494210366,16.893377034433797,25.215599939243965,-8.322222904810168
2026-02-17 03:55:00+00:00,25592.80078125,25598.400390625,25570.69921875,25578.849609375,0,25636.5623046875,25591.22390625,42.58625946794121,11.533613510349824,22.47920265346514,-10.945589143115315
2026-02-17 04:00:00+00:00,25612.400390625,25616.5,25578.69921875,25593.099609375,0,25639.08232421875,25592.9079296875,47.5217523405617,8.766432995631476,19.73664872189841,-10.970215726266932
2026-02-17 04:05:00+00:00,25616.599609375,25616.650390625,25584.05078125,25613.849609375,0,25640.89482421875,25594.7669140625,48.54238648694236,6.8334921166315326,17.156017400845034,-10.3225252842135
2026-02-17 04:10:00+00:00,25642.94921875,25644.75,25601.400390625,25615.05078125,0,25644.27978515625,25597.31390625,54.51968078438193,7.343168334031361,15.1934475874823,-7.850279253450939
2026-02-17 04:15:00+00:00,25641.55078125,25645.650390625,25632.400390625,25642.19921875,0,25647.15986328125,25599.9629296875,54.160106955044206,7.5472482099539775,13.664207711976635,-6.11695950202266
2026-02-17 04:20:00+00:00,25662.30078125,25664.400390625,25633.099609375,25641.19921875,0,25649.2548828125,25602.626953125,58.53052546008404,9.276401979299408,12.786646565441192,-3.510244586141784
2026-02-17 04:25:00+00:00,25663.150390625,25675.55078125,25652.900390625,25662.0,0,25649.9673828125,25605.17796875,58.70413431941998,10.593213207652298,12.347959893883417,-1.7547466862311172
2026-02-17 04:30:00+00:00,25662.25,25667.400390625,25651.30078125,25662.25,0,25651.26240234375,25607.636953125,58.42498388741173,11.432356505276402,12.164839216162012,-0.7324827108856109
2026-02-17 04:35:00+00:00,25665.44921875,25671.849609375,25656.94921875,25662.0,0,25652.22236328125,25610.031953125,59.16794907671967,12.214730026149482,12.174817378159506,0.0399126479899756
2026-02-17 04:40:00+00:00,25679.25,25681.400390625,25659.400390625,25665.80078125,0,25652.93486328125,25612.391953125,62.29795637616546,13.789418553598807,12.497737613247368,1.2916809403514389
2026-02-17 04:45:00+00:00,25690.69921875,25692.150390625,25666.150390625,25679.400390625,0,25654.90234375,25615.009921875,64.71451383532961,15.779332501846511,13.154056590967198,2.6252759108793136
2026-02-17 04:50:00+00:00,25694.650390625,25697.94921875,25687.55078125,25690.44921875,0,25656.46240234375,25617.3819140625,65.53550577971171,17.473753636491892,14.017996000072138,3.4557576364197544
2026-02-17 04:55:00+00:00,25724.400390625,25728.5,25692.05078125,25694.599609375,0,25658.34990234375,25620.18390625,71.00568308589145,20.975379840143432,15.4094727680864,5.565907072057033
2026-02-17 05:00:00+00:00,25710.5,25730.099609375,25706.150390625,25724.099609375,0,25659.4423828125,25622.9019140625,65.75424770843964,22.370920435991135,16.80176230166735,5.569158134323789
2026-02-17 05:05:00+00:00,25692.80078125,25710.0,25691.94921875,25709.94921875,0,25659.744921875,25625.1359375,59.69986284556695,21.79744994343855,17.80089983002159,3.996550113416962
2026-02-17 05:10:00+00:00,25661.30078125,25697.349609375,25657.19921875,25692.44921875,0,25658.7625,25627.281953125,50.744620197800735,18.586925199208054,17.95810490385888,0.6288202953491719
2026-02-17 05:15:00+00:00,25656.650390625,25668.05078125,25642.75,25661.599609375,0,25657.2150390625,25629.0989453125,49.56260858167441,15.488768666560643,17.464237656399234,-1.975468989838589
2026-02-17 05:20:00+00:00,25656.599609375,25658.150390625,25649.19921875,25657.099609375,0,25655.92255859375,25631.1409375,49.549035902523,12.880876939652808,16.54756551304995,-3.666688573397142
2026-02-17 05:25:00+00:00,25668.099609375,25669.150390625,25656.25,25656.55078125,0,25658.705078125,25633.089921875,52.707546980834,11.608245222676487,15.559701454975258,-3.9514562322987703
2026-02-17 05:30:00+00:00,25666.55078125,25672.099609375,25658.19921875,25667.75,0,25663.04765625,25634.8839453125,52.23325033252709,10.3553281555578,14.518826795091767,-4.163498639533968
2026-02-17 05:35:00+00:00,25670.599609375,25674.94921875,25653.650390625,25666.80078125,0,25666.93759765625,25636.8689453125,53.41343174169365,9.578671977265913,13.530795831526596,-3.952123854260684
2026-02-17 05:40:00+00:00,25673.099609375,25674.94921875,25661.400390625,25671.19921875,0,25669.97255859375,25638.971953125,54.1664438923647,9.06045221390741,12.63672710800276,-3.5762748940953486
2026-02-17 05:45:00+00:00,25685.80078125,25690.25,25669.5,25673.94921875,0,25673.4326171875,25641.19296875,57.89044958838162,9.564385458124889,12.022258778027188,-2.4578733199022977
2026-02-17 05:50:00+00:00,25688.0,25690.900390625,25679.05078125,25685.599609375,0,25675.68515625,25643.318984375,58.51892188357712,10.025645359342889,11.622936094290328,-1.597290734947439
2026-02-17 05:55:00+00:00,25693.599609375,25695.55078125,25685.400390625,25689.0,0,25678.28759765625,25645.6659765625,60.14975858096058,10.71947143882062,11.442243163196387,-0.7227717243757681
2026-02-17 06:00:00+00:00,25721.44921875,25723.849609375,25687.55078125,25693.94921875,0,25681.24501953125,25648.291953125,67.08155515761594,13.36252941204657,11.826300412966424,1.5362289990801443
2026-02-17 06:05:00+00:00,25730.55078125,25745.349609375,25716.75,25721.19921875,0,25684.6150390625,25651.0909765625,68.9805775714074,16.00707236072776,12.662454802518694,3.344617558209068
2026-02-17 06:10:00+00:00,25722.349609375,25732.25,25708.5,25730.650390625,0,25687.62001953125,25653.8899609375,65.32373367344503,17.242366403304914,13.578437122675938,3.663929280628976
2026-02-17 06:15:00+00:00,25738.05078125,25741.650390625,25722.599609375,25722.75,0,25691.25009765625,25657.3049609375,68.7404090902899,19.266210302441323,14.715991758629016,4.550218543812306
2026-02-17 06:20:00+00:00,25741.599609375,25741.80078125,25733.05078125,25738.0,0,25694.367578125,25660.816953125,69.47255795044879,20.91538243506875,15.955869893916963,4.959512541151787
2026-02-17 06:25:00+00:00,25729.44921875,25741.80078125,25725.599609375,25741.400390625,0,25696.305078125,25663.8789453125,63.94992596522179,20.99985499698596,16.964666914530763,4.035188082455196
2026-02-17 06:30:00+00:00,25724.0,25737.25,25722.150390625,25730.0,0,25697.77255859375,25667.1189453125,61.58542527974861,20.39202710393147,17.650138952410906,2.741888151520562
2026-02-17 06:35:00+00:00,25726.099609375,25732.69921875,25722.55078125,25723.75,0,25697.85751953125,25670.0339453125,62.16588478143609,19.850911102494138,18.090293382427557,1.760617720066584
2026-02-17 06:40:00+00:00,25721.69921875,25731.44921875,25718.80078125,25725.94921875,0,25698.41748046875,25672.9629296875,60.11566252519664,18.84971029820372,18.242176765582787,0.6075335326209306
2026-02-17 06:45:00+00:00,25742.099609375,25744.349609375,25721.849609375,25722.55078125,0,25700.882421875,25676.1259375,65.75444085507087,19.477863788593822,18.489314170184997,0.9885496184088288
2026-02-17 06:50:00+00:00,25747.400390625,25751.0,25737.44921875,25741.94921875,0,25705.18740234375,25678.6659375,67.057676499887,20.17089122364996,18.825629580877987,1.3452616427719732
2026-02-17 06:55:00+00:00,25733.650390625,25753.55078125,25730.44921875,25747.349609375,0,25709.03740234375,25680.3609375,60.613927534188086,19.38712763317744,18.93792919133788,0.4491984418395631
2026-02-17 07:00:00+00:00,25735.69921875,25740.099609375,25728.099609375,25733.900390625,0,25712.9923828125,25682.3479296875,61.21202875511605,18.715571193260985,18.893457591722505,-0.1778863984615171
2026-02-17 07:05:00+00:00,25733.75,25737.55078125,25725.349609375,25735.5,0,25716.27490234375,25684.0979296875,60.27424324896107,17.820646889125783,18.67889545120316,-0.8582485620773745
2026-02-17 07:10:00+00:00,25738.69921875,25741.25,25728.55078125,25732.80078125,0,25719.88232421875,25685.5719140625,61.87150876510487,17.311220546689583,18.405360470300444,-1.0941399236108609
2026-02-17 07:15:00+00:00,25741.0,25742.150390625,25736.099609375,25738.25,0,25723.40234375,25687.364921875,62.62386358248134,16.89835658271477,18.10395969278331,-1.205603110068541
2026-02-17 07:20:00+00:00,25753.94921875,25760.599609375,25737.099609375,25740.599609375,0,25727.44482421875,25689.174921875,66.61648448484254,17.41529991198695,17.966227736624038,-0.550927824637089
2026-02-17 07:25:00+00:00,25733.80078125,25755.599609375,25732.19921875,25752.55078125,0,25729.84482421875,25690.1179296875,56.50266712179741,16.014564772111044,17.57589514372144,-1.5613303716103957
2026-02-17 07:30:00+00:00,25717.05078125,25739.650390625,25717.05078125,25733.599609375,0,25731.29736328125,25690.6859375,49.74165451640562,13.398438212127076,16.740403757402568,-3.3419655452754924
2026-02-17 07:35:00+00:00,25759.44921875,25761.44921875,25713.900390625,25716.25,0,25734.58984375,25692.139921875,62.103034516694855,14.578289189779753,16.307980843878006,-1.7296916540982537
2026-02-17 07:40:00+00:00,25736.349609375,25763.900390625,25728.55078125,25760.05078125,0,25735.33486328125,25693.2479296875,54.27113445518954,13.49383562737421,15.745151800577249,-2.251316173203037
2026-02-17 07:45:00+00:00,25736.099609375,25739.650390625,25725.75,25736.25,0,25735.6123046875,25694.2179296875,54.19148085851831,12.470473598397804,15.09021616014136,-2.619742561743557
2026-02-17 07:50:00+00:00,25740.400390625,25748.0,25735.05078125,25735.05078125,0,25736.51484375,25695.376953125,55.40409737049431,11.86966283667789,14.446105495448666,-2.5764426587707767
2026-02-17 07:55:00+00:00,25740.099609375,25742.099609375,25735.099609375,25740.19921875,0,25736.61728515625,25697.9299609375,55.29385661098016,11.2396813956002,13.804820675478974,-2.565139279878773
2026-02-17 08:00:00+00:00,25751.80078125,25759.94921875,25740.94921875,25740.94921875,0,25737.12734375,25701.3719921875,58.73384955759955,11.551445471443005,13.35414563467178,-1.8027001632287776
2026-02-17 08:05:00+00:00,25742.25,25761.94921875,25738.05078125,25752.900390625,0,25737.7673828125,25704.3609765625,55.01293751678488,10.902178987027582,12.863752305142942,-1.9615733181153596
2026-02-17 08:10:00+00:00,25744.69921875,25754.099609375,25740.80078125,25742.599609375,0,25738.80234375,25707.006953125,55.78648913745487,10.464632336992508,12.383928311512856,-1.9192959745203488
2026-02-17 08:15:00+00:00,25735.150390625,25749.80078125,25730.900390625,25744.80078125,0,25739.2548828125,25709.37796875,52.03015700835628,9.240840184265837,11.755310686063453,-2.514470501797618
2026-02-17 08:20:00+00:00,25731.94921875,25741.599609375,25726.69921875,25735.25,0,25739.7673828125,25711.15796875,50.795340491269314,7.921355810369278,10.98851971092462,-3.0671639005553413
2026-02-17 08:25:00+00:00,25698.849609375,25731.69921875,25696.75,25731.69921875,0,25737.6048828125,25712.3039453125,40.177643760866005,4.156875216176559,9.622190811975008,-5.465315595798449
2026-02-17 08:30:00+00:00,25726.099609375,25732.80078125,25697.150390625,25699.44921875,0,25736.53984375,25713.579921875,49.53085439666659,3.3339132097135007,8.364535291522706,-5.030622081809206
2026-02-17 08:35:00+00:00,25710.5,25734.150390625,25710.05078125,25728.0,0,25735.38232421875,25714.5269140625,45.176336224106855,1.4067358105239691,6.972975395322959,-5.56623958479899
2026-02-17 08:40:00+00:00,25670.94921875,25710.650390625,25667.80078125,25710.650390625,0,25732.14482421875,25714.7008984375,36.43124527336005,-3.2742402664516703,4.923532262968034,-8.197772529419705
2026-02-17 08:45:00+00:00,25697.19921875,25703.900390625,25662.599609375,25670.69921875,0,25730.31728515625,25715.3358984375,44.157626256355776,-4.81034129238833,2.9767575518967613,-7.787098844285091
2026-02-17 08:50:00+00:00,25698.19921875,25705.80078125,25693.19921875,25696.849609375,0,25728.29228515625,25715.7148828125,44.4346975125419,-5.87924846322494,1.2055563488724212,-7.084804812097361
2026-02-17 08:55:00+00:00,25683.349609375,25705.30078125,25683.05078125,25698.25,0,25725.409765625,25715.567890625,41.16815217817418,-7.834295587519591,-0.6024140384059813,-7.23188154911361
2026-02-17 09:00:00+00:00,25696.05078125,25697.099609375,25675.5,25686.099609375,0,25722.51484375,25715.5958984375,44.89925630383947,-8.263549047151173,-2.1346410401550195,-6.128908006996154
2026-02-17 09:05:00+00:00,25724.25,25726.349609375,25691.849609375,25695.69921875,0,25722.0373046875,25715.592890625,52.15438307978745,-6.256176910999784,-2.9589482143239727,-3.2972286966758118
2026-02-17 09:10:00+00:00,25717.30078125,25733.44921875,25714.75,25723.19921875,0,25722.0498046875,25715.72890625,50.39344069688904,-5.166507623001962,-3.400460096059571,-1.7660475269423914
2026-02-17 09:15:00+00:00,25708.94921875,25719.849609375,25704.80078125,25717.30078125,0,25719.5248046875,25716.051875,48.2835034221176,-4.920122054078092,-3.704392487663275,-1.2157295664148169
2026-02-17 09:20:00+00:00,25717.150390625,25718.650390625,25703.900390625,25709.849609375,0,25718.56484375,25717.1688671875,50.47631515219071,-4.016790623394627,-3.766872114809546,-0.2499185085850808
2026-02-17 09:25:00+00:00,25711.900390625,25721.0,25691.150390625,25717.849609375,0,25717.3548828125,25718.2738671875,49.04275737263648,-3.682080350085016,-3.74991376186464,0.0678334117796239
2026-02-17 09:30:00+00:00,25709.75,25746.30078125,25709.75,25713.099609375,0,25715.82236328125,25719.336875,48.43596756630745,-3.5494230593176326,-3.709815621355239,0.1603925620376065
2026-02-17 09:35:00+00:00,25741.849609375,25743.75,25703.0,25711.05078125,0,25715.90986328125,25720.811875,56.99047676447989,-0.8443874191507348,-3.136729980914338,2.2923425617636037
2026-02-17 09:40:00+00:00,25724.849609375,25744.349609375,25713.80078125,25743.900390625,0,25714.5623046875,25721.9778515625,52.06417436085741,-0.0715602091149776,-2.5236960265544663,2.4521358174394887
2026-02-17 09:45:00+00:00,25720.349609375,25729.150390625,25714.849609375,25725.44921875,0,25713.46728515625,25722.9728515625,50.8120885342235,0.1757723367445578,-1.9838023538946616,2.15957469063922
2026-02-17 09:50:00+00:00,25724.55078125,25731.849609375,25718.05078125,25720.5,0,25712.45986328125,25724.001875,51.973323924079736,0.7026845112923183,-1.446504980857266,2.149189492149584
2026-02-17 09:55:00+00:00,25716.0,25728.099609375,25713.80078125,25725.0,0,25711.50234375,25724.605859375,49.41620290509293,0.4253860353746859,-1.0721267776108754,1.4975128129855613
2026-02-18 03:45:00+00:00,25742.05078125,25754.650390625,25706.849609375,25754.650390625,0,25712.007421875,25725.686875,56.44677613348541,2.281406690595759,-0.4014200839695486,2.6828267745653074
2026-02-18 03:50:00+00:00,25704.5,25742.0,25704.5,25742.0,0,25712.28994140625,25725.9048828125,46.42937518442664,0.7140510735662247,-0.178325852462394,0.8923769260286186
2026-02-18 03:55:00+00:00,25728.5,25738.19921875,25699.150390625,25705.400390625,0,25712.4099609375,25726.0458984375,52.2607200492707,1.3924584838860028,0.1358310148072854,1.2566274690787174
2026-02-18 04:00:00+00:00,25731.44921875,25736.44921875,25711.94921875,25730.25,0,25713.457421875,25726.0638671875,52.938653081290674,2.143371101839876,0.5373390322138034,1.606032069626072
2026-02-18 04:05:00+00:00,25737.150390625,25745.400390625,25725.849609375,25731.80078125,0,25716.76748046875,25726.3598828125,54.28999131898829,3.1620614096209465,1.062283507695232,2.0997779019257146
2026-02-18 04:10:00+00:00,25741.849609375,25746.650390625,25732.44921875,25738.599609375,0,25719.0,25726.435859375,55.42611704203716,4.299012161762221,1.7096292385086298,2.589382923253591
2026-02-18 04:15:00+00:00,25720.44921875,25744.44921875,25714.05078125,25741.849609375,0,25720.1125,25726.0128515625,49.40389207079971,3.433640283386921,2.054431447484288,1.3792088359026335
2026-02-18 04:20:00+00:00,25702.349609375,25724.19921875,25699.349609375,25722.099609375,0,25721.0625,25725.470859375,44.95499219244849,1.2726690862800751,1.8980789752434453,-0.6254098889633704
2026-02-18 04:25:00+00:00,25665.44921875,25702.0,25656.5,25701.849609375,0,25719.532421875,25724.29984375,37.53398876095519,-3.3785237714109826,0.84275842591256,-4.221282197323543
2026-02-18 04:30:00+00:00,25666.44921875,25669.150390625,25651.05078125,25666.599609375,0,25716.6423828125,25723.1068359375,37.83348745317596,-6.904346964518481,-0.7066626521736483,-6.197684312344833
2026-02-18 04:35:00+00:00,25665.44921875,25674.849609375,25652.30078125,25668.30078125,0,25714.0498046875,25721.9818359375,37.639141479493695,-9.66783411621509,-2.498896944981937,-7.1689371712331535
2026-02-18 04:40:00+00:00,25661.94921875,25674.55078125,25658.5,25666.80078125,0,25711.6998046875,25720.378828125,36.924212113001786,-12.001986908955589,-4.399514937776667,-7.60247197117892
2026-02-18 04:45:00+00:00,25671.349609375,25675.0,25645.900390625,25663.849609375,0,25709.409765625,25718.8578125,40.209103630022334,-12.944075606585102,-6.108427071538355,-6.835648535046747
2026-02-18 04:50:00+00:00,25670.30078125,25675.599609375,25659.849609375,25672.650390625,0,25707.32978515625,25717.5908203125,39.9590594718295,-13.618335654795374,-7.610408788189758,-6.007926866605615
2026-02-18 04:55:00+00:00,25665.349609375,25671.05078125,25646.05078125,25670.94921875,0,25705.109765625,25716.183828125,38.73450340372808,-14.386372643792129,-8.965601559310233,-5.420771084481896
2026-02-18 05:00:00+00:00,25673.0,25675.099609375,25659.349609375,25666.19921875,0,25701.66728515625,25714.968828125,41.70712210185941,-14.213876187666756,-10.015256484981538,-4.1986197026852174
2026-02-18 05:05:00+00:00,25660.75,25684.69921875,25660.75,25673.349609375,0,25698.4623046875,25713.40984375,38.48698543491098,-14.893955873747473,-10.990996362734723,-3.902959511012748
2026-02-18 05:10:00+00:00,25660.75,25667.44921875,25654.69921875,25662.80078125,0,25695.48232421875,25711.80484375,38.48698543491098,-15.25705014776031,-11.844207119739844,-3.4128430280204665
2026-02-18 05:15:00+00:00,25681.849609375,25683.599609375,25658.849609375,25661.900390625,0,25693.347265625,25710.3628515625,46.70649749977508,-13.684496478988876,-12.21226499158965,-1.4722314873992255
2026-02-18 05:20:00+00:00,25691.650390625,25696.80078125,25678.599609375,25681.55078125,0,25692.12978515625,25709.51984375,50.04555666418571,-11.5146613797624,-12.072744269224202,0.5580828894618008
2026-02-18 05:25:00+00:00,25703.19921875,25708.0,25688.05078125,25692.19921875,0,25690.18720703125,25709.2428125,53.72481215486288,-8.762152874616731,-11.410625990302709,2.6484731156859773
2026-02-18 05:30:00+00:00,25706.150390625,25709.0,25698.650390625,25706.0,0,25690.2697265625,25708.1768359375,54.64411942503926,-6.270354404779937,-10.382571673198155,4.1122172684182186
2026-02-18 05:35:00+00:00,25703.849609375,25706.650390625,25697.19921875,25706.0,0,25689.03720703125,25707.5268359375,53.74764591478005,-4.430171721516672,-9.19209168286186,4.761919961345187
2026-02-18 05:40:00+00:00,25700.05078125,25705.849609375,25689.30078125,25703.94921875,0,25687.46728515625,25706.805859375,52.22420755532973,-3.2409872848111263,-8.001870803251713,4.760883518440586
2026-02-18 05:45:00+00:00,25686.55078125,25701.80078125,25683.5,25700.69921875,0,25684.9373046875,25705.7288671875,47.11351502603579,-3.349278825458896,-7.0713524076931495,3.7220735822342537
2026-02-18 05:50:00+00:00,25688.0,25697.69921875,25685.80078125,25688.44921875,0,25682.24482421875,25704.686875,47.70514708586308,-3.280347011714184,-6.313151328497357,3.0328043167831726
2026-02-18 05:55:00+00:00,25693.55078125,25697.55078125,25679.94921875,25687.69921875,0,25680.89990234375,25703.521875,50.011785259741806,-2.7461603683295834,-5.599753136463803,2.8535927681342192
2026-02-18 06:00:00+00:00,25713.650390625,25716.55078125,25687.599609375,25694.900390625,0,25681.46494140625,25702.9498828125,57.34808767046172,-0.6929551520843233,-4.618393539587907,3.925438387503584
2026-02-18 06:05:00+00:00,25698.900390625,25716.400390625,25695.650390625,25711.599609375,0,25683.1375,25702.03390625,51.387904668310775,-0.2530598384764744,-3.7453267993656207,3.4922669608891463
2026-02-18 06:10:00+00:00,25686.900390625,25701.349609375,25676.55078125,25698.44921875,0,25684.16005859375,25701.06890625,47.09918232244049,-0.8627935974654974,-3.168820158985596,2.3060265615200986
2026-02-18 06:15:00+00:00,25688.650390625,25690.55078125,25682.650390625,25687.5,0,25685.3201171875,25700.2029296875,47.78359100168525,-1.1910716867314477,-2.7732704645347668,1.582198777803319
2026-02-18 06:20:00+00:00,25695.55078125,25695.69921875,25687.400390625,25688.19921875,0,25687.0001953125,25700.136953125,50.50286812428234,-0.884237642003427,-2.3954639000284987,1.5112262580250715
2026-02-18 06:25:00+00:00,25701.05078125,25701.900390625,25689.94921875,25695.5,0,25688.48525390625,25699.6359765625,52.62078086390668,-0.1950173774202994,-1.9553745955068589,1.7603572180865594
2026-02-18 06:30:00+00:00,25704.5,25711.599609375,25697.150390625,25702.400390625,0,25690.19521484375,25699.5159765625,53.951499542030014,0.6223437828921305,-1.4398309198270611,2.062174702719192
2026-02-18 06:35:00+00:00,25713.25,25718.400390625,25704.30078125,25705.44921875,0,25692.590234375,25700.3619921875,57.233046803525525,1.95363991951308,-0.761136751959033,2.7147766714721127
2026-02-18 06:40:00+00:00,25709.849609375,25717.400390625,25708.69921875,25712.44921875,0,25694.43271484375,25700.615,55.57555118028491,2.7031582682138837,-0.0682777479244497,2.771436016138333
2026-02-18 06:45:00+00:00,25713.099609375,25721.55078125,25710.5,25710.5,0,25697.0501953125,25700.9130078125,56.86146007418876,3.5188417805184145,0.6491461577641231,2.869695622754292
2026-02-18 06:50:00+00:00,25720.30078125,25723.0,25711.94921875,25714.099609375,0,25700.027734375,25701.65203125,59.64855489147049,4.692261755622894,1.4577692773358777,3.2344924782870166
2026-02-18 06:55:00+00:00,25711.75,25722.94921875,25703.650390625,25720.400390625,0,25701.52275390625,25701.966015625,55.09659559811928,4.876021217536618,2.1414196653760253,2.7346015521605924
2026-02-18 07:00:00+00:00,25722.69921875,25726.19921875,25709.900390625,25713.900390625,0,25703.0751953125,25701.935,59.37207755071152,5.837867064132297,2.8807091451272795,2.957157919005017
2026-02-18 07:05:00+00:00,25732.25,25734.400390625,25722.44921875,25722.44921875,0,25704.527734375,25702.233984375,62.707619201735,7.286807276548643,3.761928771411553,3.5248785051370906
2026-02-18 07:10:00+00:00,25726.349609375,25732.349609375,25718.05078125,25732.0,0,25705.5376953125,25702.5819921875,59.45980069668544,7.868289874295442,4.583200991988331,3.285088882307111
2026-02-18 07:15:00+00:00,25713.94921875,25729.55078125,25713.69921875,25725.099609375,0,25706.04267578125,25702.51796875,53.2210945928658,7.24499533692142,5.115559860974949,2.12943547594647
2026-02-18 07:20:00+00:00,25726.80078125,25728.5,25711.900390625,25715.19921875,0,25707.38017578125,25702.8159765625,58.12488945647841,7.699290980443038,5.632306084868567,2.066984895574471
2026-02-18 07:25:00+00:00,25731.849609375,25733.900390625,25719.55078125,25726.55078125,0,25709.6451171875,25703.25796875,59.90321445651068,8.370234927864658,6.179891853467785,2.190343074396873
2026-02-18 07:30:00+00:00,25737.0,25742.05078125,25722.150390625,25732.19921875,0,25712.0951171875,25703.1609765625,61.690507763057255,9.211373341906436,6.786188151155516,2.4251851907509216
2026-02-18 07:35:00+00:00,25731.75,25742.05078125,25730.69921875,25736.69921875,0,25714.005078125,25703.298984375,58.81270361979581,9.34660858548159,7.298272238020731,2.048336347460859
2026-02-18 07:40:00+00:00,25731.5,25733.5,25718.400390625,25732.94921875,0,25714.89755859375,25703.5219921875,58.67234415053978,9.326105045998702,7.703838799616325,1.6222662463823765
2026-02-18 07:45:00+00:00,25740.849609375,25745.599609375,25730.94921875,25730.94921875,0,25716.99501953125,25703.84796875,62.29637450906001,9.949598404855353,8.152990720664132,1.796607684191219
2026-02-18 07:50:00+00:00,25744.849609375,25753.19921875,25739.55078125,25741.94921875,0,25719.89248046875,25704.4249609375,63.76051995461078,10.643792934955854,8.651151163522478,1.9926417714333768
2026-02-18 07:55:00+00:00,25728.05078125,25746.849609375,25717.80078125,25745.150390625,0,25721.8625,25704.1449609375,54.23507947616239,9.726303295468824,8.866181589911747,0.8601217055570771
2026-02-18 08:00:00+00:00,25727.55078125,25730.5,25722.94921875,25727.25,0,25723.4625,25704.6059765625,53.9766068837121,8.856745278251765,8.864294327579751,-0.0075490493279861
2026-02-18 08:05:00+00:00,25721.349609375,25730.94921875,25719.849609375,25726.19921875,0,25724.47744140625,25704.46296875,50.74641702270106,7.579855681822664,8.607406598428334,-1.027550916605669
2026-02-18 08:10:00+00:00,25724.69921875,25729.44921875,25718.099609375,25721.44921875,0,25725.48740234375,25704.32796875,52.40334628650256,6.760268789385009,8.23797903661967,-1.4777102472346613
2026-02-18 08:15:00+00:00,25735.5,25739.19921875,25723.30078125,25724.599609375,0,25726.59990234375,25704.2949609375,57.38192788493271,6.902702990020771,7.970923827299891,-1.06822083727912
2026-02-18 08:20:00+00:00,25700.0,25746.150390625,25699.150390625,25735.150390625,0,25726.107421875,25703.45796875,41.87718534401811,4.103724623106245,7.197483986461163,-3.093759363354917
2026-02-18 08:25:00+00:00,25724.30078125,25726.55078125,25695.75,25699.19921875,0,25726.66748046875,25703.535,51.53157637769058,3.8025506219855743,6.518497313566045,-2.715946691580471
2026-02-18 08:30:00+00:00,25725.44921875,25728.19921875,25719.94921875,25724.44921875,0,25726.92490234375,25703.9969921875,51.93788212403344,3.614867423133546,5.937771335479545,-2.322903912345999
2026-02-18 08:35:00+00:00,25735.44921875,25735.44921875,25725.25,25726.55078125,0,25728.10986328125,25705.3969921875,55.44064160038215,4.224347909239441,5.595086650231525,-1.370738740992084
2026-02-18 08:40:00+00:00,25756.80078125,25757.349609375,25733.05078125,25735.05078125,0,25729.81494140625,25707.2040234375,61.83613567737687,6.356978940701083,5.7474651083254376,0.6095138323756455
2026-02-18 08:45:00+00:00,25771.599609375,25771.69921875,25750.599609375,25756.94921875,0,25731.782421875,25709.32703125,65.5290618303345,9.135932802208115,6.4251586471019735,2.710774155106144
2026-02-18 08:50:00+00:00,25790.55078125,25791.25,25770.69921875,25771.650390625,0,25734.99248046875,25711.8990625,69.58754036246964,12.720837056356686,7.684294328952916,5.03654272740377
2026-02-18 08:55:00+00:00,25785.19921875,25792.44921875,25778.94921875,25789.900390625,0,25738.55498046875,25714.1760546875,67.18210884729744,14.957650650845608,9.138965593331456,5.818685057514152
2026-02-18 09:00:00+00:00,25779.099609375,25789.900390625,25774.69921875,25784.19921875,0,25741.169921875,25716.35203125,64.4476300107397,16.053103851358173,10.5217932449368,5.531310606421373
2026-02-18 09:05:00+00:00,25781.0,25793.05078125,25778.25,25778.80078125,0,25743.62744140625,25718.6650390625,64.92661745111488,16.88002166399383,11.793438928748207,5.086582735245623
2026-02-18 09:10:00+00:00,25779.80078125,25784.55078125,25774.30078125,25780.599609375,0,25745.76748046875,25720.8010546875,64.33755635011718,17.239862652080774,12.882723673414722,4.357138978666052
2026-02-18 09:15:00+00:00,25781.44921875,25781.94921875,25768.44921875,25779.650390625,0,25748.25244140625,25723.2150390625,64.81017776825004,17.456822968651977,13.797543532462171,3.659279436189804
2026-02-18 09:20:00+00:00,25787.44921875,25790.55078125,25778.30078125,25781.849609375,0,25751.04990234375,25725.7490234375,66.54793338764875,17.906500447807048,14.619334915531148,3.2871655322759
2026-02-18 09:25:00+00:00,25792.150390625,25796.05078125,25786.94921875,25786.94921875,0,25753.61494140625,25727.9550390625,67.88608240516692,18.429771437768068,15.381422219978532,3.048349217789536
2026-02-18 09:30:00+00:00,25814.55078125,25826.75,25794.75,25794.75,0,25757.1,25730.413046875,73.35531363505082,20.416641449126477,16.38846606580812,4.028175383318352
2026-02-18 09:35:00+00:00,25825.69921875,25825.69921875,25807.94921875,25813.650390625,0,25761.982421875,25732.863046875,75.58400776690645,22.629971754904545,17.636767203627407,4.993204551277138
2026-02-18 09:40:00+00:00,25821.94921875,25827.150390625,25818.5,25823.900390625,0,25766.70234375,25735.1790234375,73.36116857558527,23.80702573515373,18.870818909932677,4.936206825221056
2026-02-18 09:45:00+00:00,25818.30078125,25827.44921875,25817.099609375,25820.05078125,0,25771.54990234375,25737.468046875,71.16823904647227,24.16687044065111,19.930029216076363,4.236841224574746
2026-02-18 09:50:00+00:00,25817.30078125,25822.400390625,25814.099609375,25816.849609375,0,25776.17998046875,25739.813046875,70.54578502365955,24.09362204249919,20.76274778136093,3.3308742611382627
2026-02-18 09:55:00+00:00,25805.69921875,25818.94921875,25805.05078125,25815.44921875,0,25779.68994140625,25742.196015625,63.59627906199032,22.83618173576542,21.17743457224183,1.6587471635235929
2026-02-19 03:45:00+00:00,25853.900390625,25879.599609375,25837.099609375,25866.30078125,0,25787.3849609375,25745.5140234375,74.73308900337038,25.43587404689606,22.02912246717268,3.406751579723384
2026-02-19 03:50:00+00:00,25850.19921875,25877.349609375,25849.80078125,25853.650390625,0,25793.6798828125,25748.6469921875,72.88915949820363,26.887552328586025,23.000808439455348,3.8867438891306776
2026-02-19 03:55:00+00:00,25817.650390625,25851.900390625,25811.80078125,25850.25,0,25798.28994140625,25750.7269921875,59.08295311127669,25.12200854126786,23.42504845981785,1.6969600814500083
2026-02-19 04:00:00+00:00,25804.30078125,25821.150390625,25803.80078125,25817.75,0,25801.73251953125,25752.835,54.52155927756869,22.38753093962077,23.21754495577844,-0.8300140161576657
2026-02-19 04:05:00+00:00,25790.650390625,25821.19921875,25780.25,25805.05078125,0,25803.425,25754.91,50.24958108268879,18.90108535069885,22.35425303476252,-3.453167684063672
2026-02-19 04:10:00+00:00,25779.900390625,25792.05078125,25776.80078125,25790.75,0,25803.8400390625,25756.735,47.11845964266156,15.096592819769285,20.902720991763875,-5.80612817199459
2026-02-19 04:15:00+00:00,25809.25,25812.94921875,25773.900390625,25780.94921875,0,25804.775,25759.008984375,55.30666576018111,14.285103489899484,19.579197491391,-5.294094001491516
2026-02-19 04:20:00+00:00,25782.650390625,25810.55078125,25782.650390625,25808.30078125,0,25804.64755859375,25760.6409765625,48.04566481319909,11.364621888264082,17.936282370765618,-6.571660482501535
2026-02-19 04:25:00+00:00,25772.849609375,25789.099609375,25769.849609375,25783.599609375,0,25804.33505859375,25762.00796875,45.66669610769243,8.165155213042453,15.982056939220984,-7.816901726178532
2026-02-19 04:30:00+00:00,25786.55078125,25786.55078125,25763.400390625,25772.55078125,0,25804.61259765625,25763.473984375,49.43597167717531,6.658371326895576,14.117319816755904,-7.458948489860328
2026-02-19 04:35:00+00:00,25779.599609375,25793.900390625,25776.05078125,25785.849609375,0,25804.6025390625,25764.868984375,47.63061522504583,4.847454328326421,12.263346719070007,-7.415892390743586
2026-02-19 04:40:00+00:00,25756.44921875,25783.30078125,25750.69921875,25778.650390625,0,25803.3525390625,25765.7359765625,42.1144642098557,1.5266482616025314,10.116007027576511,-8.58935876597398
2026-02-19 04:45:00+00:00,25756.849609375,25765.849609375,25747.44921875,25757.75,0,25801.82255859375,25766.466953125,42.23905745215573,-1.0605805814047926,7.880689505780252,-8.941270087185044
2026-02-19 04:50:00+00:00,25754.05078125,25761.75,25742.099609375,25757.30078125,0,25799.917578125,25767.31296875,41.56556134025645,-3.298793678273796,5.644792868969442,-8.943586547243239
2026-02-19 04:55:00+00:00,25746.69921875,25754.94921875,25733.650390625,25752.80078125,0,25796.525,25767.79296875,39.77172266011454,-5.601235777779948,3.3955871396195647,-8.996822917399513
2026-02-19 05:00:00+00:00,25739.5,25752.400390625,25736.80078125,25746.75,0,25792.2150390625,25767.93796875,38.04037256320312,-7.915608311264805,1.1333480494426906,-9.048956360707496
2026-02-19 05:05:00+00:00,25716.400390625,25743.19921875,25714.099609375,25739.94921875,0,25786.93759765625,25767.738984375,33.066420186553415,-11.48136066443476,-1.3895936933327997,-10.09176697110196
2026-02-19 05:10:00+00:00,25735.05078125,25739.5,25708.75,25716.599609375,0,25782.77509765625,25768.161015625,39.899308327724704,-12.65641911732382,-3.642958778131004,-9.013460339192818
2026-02-19 05:15:00+00:00,25723.150390625,25736.75,25718.05078125,25735.19921875,0,25778.067578125,25768.0880078125,37.28389967103684,-14.382135173094866,-5.790794057123778,-8.591341115971089
2026-02-19 05:20:00+00:00,25733.650390625,25737.0,25718.25,25722.94921875,0,25774.46513671875,25768.1240234375,40.96116314383584,-14.732686098006525,-7.579172465300328,-7.153513632706197
2026-02-19 05:25:00+00:00,25734.849609375,25740.5,25719.94921875,25732.75,0,25768.51259765625,25768.081015625,41.38388676244419,-14.74377622609245,-9.012093217458752,-5.7316830086336985
2026-02-19 05:30:00+00:00,25734.900390625,25746.0,25726.150390625,25734.75,0,25762.74765625,25768.1440234375,41.40301978644903,-14.58039390506383,-10.125753354979768,-4.454640550084061
2026-02-19 05:35:00+00:00,25726.94921875,25745.05078125,25726.25,25734.80078125,0,25758.21259765625,25768.0530078125,39.24307774644995,-14.92051099508899,-11.084704883001612,-3.8358061120873774
2026-02-19 05:40:00+00:00,25715.80078125,25736.849609375,25713.849609375,25727.30078125,0,25753.78759765625,25767.55203125,36.377510531025415,-15.9062842309213,-12.04902075258555,-3.857263478335751
2026-02-19 05:45:00+00:00,25705.650390625,25720.69921875,25703.849609375,25715.30078125,0,25749.53759765625,25766.768046875,33.9469745763887,-17.30706326348445,-13.10062925476533,-4.206434008719121
2026-02-19 05:50:00+00:00,25683.25,25709.75,25679.849609375,25705.150390625,0,25744.705078125,25765.87203125,29.295159323313428,-19.99423397118153,-14.47935019804857,-5.51488377313296
2026-02-19 05:55:00+00:00,25688.650390625,25692.44921875,25681.150390625,25682.400390625,0,25738.67509765625,25765.0940234375,31.72424136883673,-21.440912236794247,-15.871662605797706,-5.569249630996541
2026-02-19 06:00:00+00:00,25686.94921875,25693.099609375,25683.44921875,25687.69921875,0,25733.8900390625,25764.406015625,31.358764677338016,-22.465714762714924,-17.19047303718115,-5.275241725533775
2026-02-19 06:05:00+00:00,25684.599609375,25688.94921875,25671.900390625,25686.44921875,0,25729.4775390625,25763.6040234375,30.830464611814577,-23.200036409656605,-18.39238571167624,-4.807650697980364
2026-02-19 06:10:00+00:00,25678.900390625,25685.650390625,25667.94921875,25683.650390625,0,25724.09501953125,25762.47203125,29.530886046099937,-23.96561029077202,-19.5070306274954,-4.458579663276623
2026-02-19 06:15:00+00:00,25664.44921875,25680.05078125,25658.849609375,25679.349609375,0,25718.3375,25761.761015625,26.48260128268764,-25.445106554710947,-20.694645812938507,-4.750460741772439
2026-02-19 06:20:00+00:00,25658.650390625,25664.650390625,25652.69921875,25664.5,0,25713.44755859375,25760.4480078125,25.3517416251741,-26.77686790475491,-21.911090231301788,-4.86577767345312
2026-02-19 06:25:00+00:00,25658.69921875,25663.94921875,25650.849609375,25657.19921875,0,25708.5400390625,25759.1130078125,25.380636053512006,-27.511226059003093,-23.031117396842053,-4.48010866216104
2026-02-19 06:30:00+00:00,25652.099609375,25661.599609375,25642.05078125,25658.650390625,0,25703.44248046875,25757.446015625,24.026926442672888,-28.29952420909467,-24.08479875929258,-4.214725449802092
2026-02-19 06:35:00+00:00,25637.75,25655.849609375,25637.099609375,25652.94921875,0,25697.99501953125,25755.065,21.359346172942963,-29.73933320322249,-25.21570564807856,-4.523627555143925
2026-02-19 06:40:00+00:00,25603.5,25636.55078125,25601.0,25636.55078125,0,25691.19501953125,25751.7030078125,16.617137405497147,-33.260672635056835,-26.824699045474212,-6.43597358958262
2026-02-19 06:45:00+00:00,25611.400390625,25615.69921875,25586.849609375,25602.849609375,0,25685.94501953125,25748.12,20.975536001574383,-35.010287209741364,-28.461816678327647,-6.548470531413717
2026-02-19 06:50:00+00:00,25633.349609375,25639.69921875,25607.55078125,25611.80078125,0,25680.8599609375,25745.0830078125,31.662714311164198,-34.2311553983418,-29.61568442233048,-4.61547097601132
2026-02-19 06:55:00+00:00,25626.0,25634.900390625,25614.05078125,25631.900390625,0,25676.00244140625,25742.021015625,30.190400956395607,-33.81691948031221,-30.45593143392683,-3.36098804638538
2026-02-19 07:00:00+00:00,25614.0,25630.69921875,25608.599609375,25625.400390625,0,25670.019921875,25738.681015625,27.908531640063003,-34.06426262738023,-31.17759767261751,-2.886664954762722
2026-02-19 07:05:00+00:00,25593.80078125,25621.400390625,25591.849609375,25613.75,0,25662.96748046875,25734.961015625,24.545494364715992,-35.48118695768062,-32.03831552963013,-3.442871428050488
2026-02-19 07:10:00+00:00,25582.55078125,25602.55078125,25569.44921875,25594.19921875,0,25655.35,25730.983046875,22.89101136892839,-37.08440474400777,-33.04753337250566,-4.036871371502109
2026-02-19 07:15:00+00:00,25584.05078125,25585.55078125,25568.19921875,25580.69921875,0,25648.205078125,25726.915078125,23.630166823902115,-37.79821463649933,-33.9976696253044,-3.8005450111949273
2026-02-19 07:20:00+00:00,25592.19921875,25613.400390625,25580.05078125,25584.44921875,0,25642.025,25722.9160546875,27.68547691996453,-37.27670071025932,-34.653475842295386,-2.623224867963934
2026-02-19 07:25:00+00:00,25597.5,25602.400390625,25590.0,25593.349609375,0,25636.61748046875,25718.5750390625,30.279149381446487,-36.020447127470106,-34.92687009933033,-1.0935770281397763
2026-02-19 07:30:00+00:00,25598.44921875,25599.94921875,25586.25,25598.400390625,0,25632.37744140625,25714.0300390625,30.758076947555796,-34.54999228764791,-34.85149453699385,0.3015022493459369
2026-02-19 07:35:00+00:00,25628.0,25629.80078125,25597.5,25597.75,0,25629.344921875,25710.1510546875,43.71949420576411,-30.646867144907446,-34.01056905857657,3.363701913669125
2026-02-19 07:40:00+00:00,25624.55078125,25631.400390625,25618.5,25628.75,0,25626.225,25706.2760546875,42.71442856571698,-27.51476242173885,-32.71140773120903,5.196645309470178
2026-02-19 07:45:00+00:00,25607.0,25624.55078125,25598.5,25623.849609375,0,25622.34501953125,25702.0700390625,37.93554916365897,-26.14733799564783,-31.398593784096796,5.251255788448962
2026-02-19 07:50:00+00:00,25630.75,25634.30078125,25604.55078125,25606.75,0,25619.9375,25698.5710546875,46.63617108996263,-22.883431815709628,-29.695561390419364,6.812129574709736
2026-02-19 07:55:00+00:00,25619.69921875,25636.25,25604.69921875,25630.599609375,0,25617.7,25693.88703125,43.57518950767122,-20.947004317858955,-27.945849975907283,6.998845658048328
2026-02-19 08:00:00+00:00,25591.30078125,25620.55078125,25575.849609375,25617.94921875,0,25614.33251953125,25688.7090625,36.87671115801168,-21.456550388575124,-26.64799005844085,5.19143966986573
2026-02-19 08:05:00+00:00,25600.94921875,25606.80078125,25578.650390625,25591.05078125,0,25611.44501953125,25684.3750390625,40.23802483024818,-20.84157237687032,-25.48670652212675,4.645134145256431
2026-02-19 08:10:00+00:00,25600.55078125,25608.900390625,25594.5,25600.55078125,0,25608.867578125,25680.3000390625,40.14296068981788,-20.15402538904891,-24.420170295511184,4.266144906462273
2026-02-19 08:15:00+00:00,25587.30078125,25605.69921875,25584.0,25600.5,0,25606.3451171875,25676.233046875,37.011432530037,-20.442653528058145,-23.62466694202058,3.1820134139624336
2026-02-19 08:20:00+00:00,25579.94921875,25591.25,25565.30078125,25587.599609375,0,25605.167578125,25672.2340234375,35.36309680989483,-21.022271403027844,-23.10418783422203,2.081916431194188
2026-02-19 08:25:00+00:00,25562.44921875,25582.69921875,25561.849609375,25581.900390625,0,25602.72001953125,25667.2980078125,31.739402153081613,-22.632829323269107,-23.00991613203145,0.3770868087623427
2026-02-19 08:30:00+00:00,25552.5,25569.19921875,25549.849609375,25562.849609375,0,25598.6775390625,25662.695,29.8656632090872,-24.430408342566807,-23.29401457413852,-1.1363937684282843
2026-02-19 08:35:00+00:00,25566.650390625,25568.400390625,25545.5,25552.55078125,0,25595.71005859375,25658.571015625,35.68147753562276,-24.431552671445388,-23.521522193599896,-0.910030477845492
2026-02-19 08:40:00+00:00,25571.400390625,25577.44921875,25559.900390625,25566.099609375,0,25593.580078125,25654.2680078125,37.55344454347441,-23.775109593829256,-23.572239673645768,-0.2028699201834882
2026-02-19 08:45:00+00:00,25598.599609375,25601.69921875,25568.30078125,25570.900390625,0,25593.82001953125,25650.6480078125,47.05573976703227,-20.82012267155369,-23.02181627322735,2.201693601673661
2026-02-19 08:50:00+00:00,25580.94921875,25609.94921875,25571.150390625,25599.75,0,25593.73994140625,25647.1380078125,42.53274562729727,-19.6757039911754,-22.35259381681696,2.676889825641563
2026-02-19 08:55:00+00:00,25547.099609375,25580.44921875,25545.349609375,25579.650390625,0,25591.8923828125,25642.9430078125,35.48781523553856,-21.25510886135089,-22.133096825723747,0.8779879643728563
2026-02-19 09:00:00+00:00,25564.55078125,25572.05078125,25545.849609375,25545.849609375,0,25590.5099609375,25639.1530078125,40.92085756002418,-20.85819459169943,-21.87811637891889,1.019921787219456
2026-02-19 09:05:00+00:00,25567.900390625,25575.55078125,25561.150390625,25564.05078125,0,25589.02998046875,25635.57703125,41.93172570009534,-20.0423163437772,-21.51095637189055,1.4686400281133487
2026-02-19 09:10:00+00:00,25518.25,25573.150390625,25518.25,25568.150390625,0,25585.02001953125,25631.15203125,32.93586714905429,-23.13540795045992,-21.835846687604423,-1.299561262855498
2026-02-19 09:15:00+00:00,25515.900390625,25522.19921875,25488.19921875,25517.94921875,0,25579.4150390625,25627.14203125,32.57965880068068,-25.48255217420956,-22.56518778492545,-2.91736438928411
2026-02-19 09:20:00+00:00,25522.69921875,25525.599609375,25512.19921875,25513.849609375,0,25574.3224609375,25622.895,34.77778985676045,-26.488726719322585,-23.34989557180488,-3.1388311475177098
2026-02-19 09:25:00+00:00,25523.349609375,25535.400390625,25511.099609375,25520.55078125,0,25570.13994140625,25618.898984375,34.99612656871179,-26.92329126498589,-24.06457471044108,-2.858716554544813
2026-02-19 09:30:00+00:00,25504.650390625,25521.75,25467.25,25521.75,0,25563.8349609375,25614.318984375,31.70947147654292,-28.44861949859842,-24.94138366807255,-3.507235830525868
2026-02-19 09:35:00+00:00,25489.400390625,25512.30078125,25448.900390625,25504.400390625,0,25557.32001953125,25609.41,29.29327037882021,-30.536000656004035,-26.060307065658847,-4.475693590345188
2026-02-19 09:40:00+00:00,25447.599609375,25498.94921875,25442.0,25488.05078125,0,25550.1349609375,25603.663984375,23.914281468960795,-35.157959888663754,-27.879837630259832,-7.278122258403922
2026-02-19 09:45:00+00:00,25410.150390625,25447.55078125,25407.94921875,25447.55078125,0,25540.59501953125,25597.3280078125,20.31516296851396,-41.36589457363516,-30.5770490189349,-10.78884555470026
2026-02-19 09:50:00+00:00,25404.44921875,25412.94921875,25390.5,25410.30078125,0,25530.78994140625,25591.1009765625,19.825970985598858,-46.21304919635077,-33.70424905441808,-12.508800141932689
2026-02-19 09:55:00+00:00,25416.44921875,25419.30078125,25390.55078125,25403.44921875,0,25522.24736328125,25585.316953125,23.97564118413767,-48.52676806946329,-36.66875285742712,-11.858015212036165
2026-02-20 03:45:00+00:00,25452.900390625,25485.5,25386.75,25406.349609375,0,25515.894921875,25580.7099609375,34.9838368839161,-46.87871338378682,-38.71074496269906,-8.167968421087757
2026-02-20 03:50:00+00:00,25431.55078125,25479.44921875,25431.55078125,25453.25,0,25509.35,25575.56796875,32.056068264753335,-46.75637483792525,-40.3198709377443,-6.436503900180952
2026-02-20 03:55:00+00:00,25382.099609375,25432.0,25380.349609375,25432.0,0,25500.82998046875,25569.4709765625,26.51986571865268,-50.07251219700265,-42.27039918959597,-7.802113007406682
2026-02-20 04:00:00+00:00,25466.349609375,25468.849609375,25381.75,25381.75,0,25495.81494140625,25565.1059765625,44.20087679784411,-45.37920087209932,-42.89215952609664,-2.487041346002677
2026-02-20 04:05:00+00:00,25469.150390625,25479.400390625,25456.69921875,25466.599609375,0,25490.70244140625,25560.9109765625,44.67745401569923,-40.96153906914333,-42.50603543470598,1.544496365562651
2026-02-20 04:10:00+00:00,25482.30078125,25486.599609375,25450.349609375,25469.44921875,0,25484.8875,25557.2680078125,46.96774237226897,-35.98457585094002,-41.20174351795279,5.217167667012774
2026-02-20 04:15:00+00:00,25507.900390625,25514.75,25480.599609375,25481.650390625,0,25481.23505859375,25554.2530078125,51.20282650193252,-29.633030976558075,-38.88800100967385,9.254970033115775
2026-02-20 04:20:00+00:00,25504.05078125,25523.849609375,25496.599609375,25508.05078125,0,25479.0826171875,25551.1600390625,50.54908919564456,-24.62614236726222,-36.035629281191525,11.409486913929308
2026-02-20 04:25:00+00:00,25520.80078125,25524.69921875,25498.55078125,25503.900390625,0,25476.8951171875,25548.5340625,53.34055149246414,-19.08654425608256,-32.645812276169735,13.559268020087174
2026-02-20 04:30:00+00:00,25496.349609375,25523.44921875,25491.94921875,25520.25,0,25473.317578125,25545.7060546875,48.9928499323295,-16.479413643264706,-29.41253254958873,12.933118906324026
2026-02-20 04:35:00+00:00,25475.099609375,25512.599609375,25468.94921875,25497.44921875,0,25471.16005859375,25543.138046875,45.520279353131,-15.944147053240158,-26.71885545031902,10.77470839707886
2026-02-20 04:40:00+00:00,25480.44921875,25501.80078125,25474.30078125,25475.400390625,0,25469.3875,25540.5190234375,46.54743149759272,-14.916329494924868,-24.35835025924019,9.442020764315323
2026-02-20 04:45:00+00:00,25538.05078125,25543.0,25479.900390625,25479.900390625,0,25470.155078125,25538.613046875,56.13692838360001,-9.346076228495804,-21.355895453091318,12.00981922459551
2026-02-20 04:50:00+00:00,25544.849609375,25554.650390625,25531.5,25538.55078125,0,25471.230078125,25536.9900390625,57.11488217062527,-4.333053035668854,-17.951326969606825,13.61827393393797
2026-02-20 04:55:00+00:00,25550.80078125,25572.5,25543.75,25543.75,0,25473.53759765625,25535.7260546875,57.9976490003916,0.1186461172364943,-14.337332352238162,14.455978469474656
2026-02-20 05:00:00+00:00,25570.849609375,25577.75,25550.94921875,25550.94921875,0,25477.61005859375,25535.26703125,60.91645062029504,5.204429222878389,-10.428980037214853,15.63340926009324
2026-02-20 05:05:00+00:00,25578.400390625,25578.400390625,25564.150390625,25570.5,0,25484.15009765625,25535.1840234375,61.98782505142483,9.732048915644556,-6.396774246642971,16.128823162287524
2026-02-20 05:10:00+00:00,25596.650390625,25602.80078125,25576.30078125,25576.650390625,0,25493.47509765625,25535.436015625,64.5194169191651,14.624263217207044,-2.192566753872968,16.81682997108001
2026-02-20 05:15:00+00:00,25588.75,25606.0,25581.94921875,25595.599609375,0,25502.69013671875,25535.36703125,62.57650698317036,17.660305788602273,1.7780077546220805,15.882298033980192
2026-02-20 05:20:00+00:00,25587.94921875,25593.94921875,25577.05078125,25588.849609375,0,25511.26513671875,25535.176015625,62.37148598639553,19.77383458911572,5.377173121520809,14.396661467594914
2026-02-20 05:25:00+00:00,25584.19921875,25593.849609375,25574.05078125,25588.30078125,0,25517.830078125,25534.891015625,61.35767274883583,20.905245078527518,8.482787512922151,12.422457565605365
2026-02-20 05:30:00+00:00,25579.19921875,25590.30078125,25569.30078125,25584.849609375,0,25525.2125,25533.915,59.95826478169455,21.15458098813906,11.017146207965537,10.137434780173525
2026-02-20 05:35:00+00:00,25571.0,25586.349609375,25564.849609375,25579.55078125,0,25534.65751953125,25532.843984375,57.636798063359365,20.454783057055465,12.904673577783525,7.550109479271942
2026-02-20 05:40:00+00:00,25561.849609375,25583.900390625,25560.75,25570.400390625,0,25539.43251953125,25531.9409765625,55.07401418934105,18.943459693022305,14.11243080083128,4.831028892191025
2026-02-20 05:45:00+00:00,25577.80078125,25582.94921875,25563.349609375,25563.349609375,0,25544.8650390625,25530.8819921875,58.53523266303407,18.81595270903199,15.053135182471424,3.762817526560566
2026-02-20 05:50:00+00:00,25568.849609375,25583.19921875,25562.150390625,25577.650390625,0,25549.19248046875,25529.865,55.93113644889292,17.78757366649006,15.600022879275151,2.18755078721491
2026-02-20 05:55:00+00:00,25585.5,25597.05078125,25563.400390625,25568.400390625,0,25553.0724609375,25529.748984375,59.53713479569166,18.10739248738173,16.10149680089647,2.0058956864852604
2026-02-20 06:00:00+00:00,25593.900390625,25602.599609375,25580.25,25585.5,0,25557.56494140625,25529.6080078125,61.25947489734288,18.821727368569555,16.64554291443109,2.1761844541384647
2026-02-20 06:05:00+00:00,25599.650390625,25605.19921875,25586.05078125,25593.25,0,25561.507421875,25529.59,62.43806630199415,19.625588288377912,17.241551989220454,2.384036299157458
2026-02-20 06:10:00+00:00,25600.849609375,25606.650390625,25595.44921875,25599.75,0,25566.732421875,25529.8609765625,62.69298606422057,20.12740459833003,17.81872251104237,2.308682087287661
2026-02-20 06:15:00+00:00,25592.400390625,25620.05078125,25586.94921875,25600.25,0,25572.5974609375,25530.11,59.62275924594542,19.6171816406204,18.178414336957974,1.4387673036624236
2026-02-20 06:20:00+00:00,25583.849609375,25600.849609375,25582.650390625,25592.30078125,0,25577.76748046875,25530.5380078125,56.60172863696376,18.31176307956048,18.20508408547848,0.1066789940819994
2026-02-20 06:25:00+00:00,25598.150390625,25610.75,25581.099609375,25583.599609375,0,25580.7724609375,25531.451015625,60.23105310313079,18.221121251612203,18.208291518705224,0.0128297329069795
2026-02-20 06:30:00+00:00,25587.30078125,25602.05078125,25580.55078125,25597.80078125,0,25582.89501953125,25531.8640234375,56.37885478485315,17.076961564453086,17.982025527854795,-0.9050639634017088
2026-02-20 06:35:00+00:00,25592.80078125,25594.05078125,25582.80078125,25586.75,0,25584.99501953125,25532.29203125,57.85053521744239,16.42467734728052,17.67055589173994,-1.2458785444594191
2026-02-20 06:40:00+00:00,25603.099609375,25604.5,25591.19921875,25592.44921875,0,25586.60751953125,25532.38203125,60.53546681895156,16.54801158770715,17.446047030933382,-0.898035443226231
2026-02-20 06:45:00+00:00,25634.900390625,25639.599609375,25602.099609375,25602.44921875,0,25589.43251953125,25533.4610546875,67.43378353663994,18.992874108404067,17.75541244642752,1.2374616619765462
2026-02-20 06:50:00+00:00,25648.099609375,25651.19921875,25635.19921875,25635.19921875,0,25592.00498046875,25535.4810546875,69.79386220546492,21.744850808569023,18.553300118855823,3.1915506897132038
2026-02-20 06:55:00+00:00,25653.44921875,25663.349609375,25646.650390625,25648.05078125,0,25595.23994140625,25537.2590234375,70.72002721897454,24.079902808032784,19.658620656691216,4.421282151341568
2026-02-20 07:00:00+00:00,25643.0,25658.349609375,25640.599609375,25652.94921875,0,25597.99248046875,25538.761015625,66.43515794234531,24.80138874427212,20.6871742742074,4.11421447006472
2026-02-20 07:05:00+00:00,25632.75,25649.19921875,25632.0,25643.349609375,0,25600.42001953125,25541.051015625,62.43871305190418,24.2663547770062,21.40301037476716,2.8633444022390435
2026-02-20 07:10:00+00:00,25606.80078125,25636.94921875,25604.94921875,25633.349609375,0,25601.80009765625,25542.8690234375,53.64120823383051,21.500605816589086,21.422529463131543,0.0780763534575434
2026-02-20 07:15:00+00:00,25608.55078125,25623.849609375,25588.44921875,25605.94921875,0,25603.67763671875,25544.5860546875,54.11079360851373,19.22828847362325,20.983681265229887,-1.755392791606635
2026-02-20 07:20:00+00:00,25612.25,25613.69921875,25600.650390625,25607.55078125,0,25606.19765625,25546.3640625,55.14509950291465,17.523951441682584,20.29173530052043,-2.767783858837845
2026-02-20 07:25:00+00:00,25594.599609375,25613.19921875,25573.30078125,25612.099609375,0,25607.03759765625,25548.163046875,49.42133311828242,14.580933131001077,19.14957486661656,-4.568641735615483
2026-02-20 07:30:00+00:00,25587.900390625,25609.75,25585.5,25594.25,0,25607.99013671875,25550.133046875,47.409931372052384,11.574574461596058,17.634574785612458,-6.0600003240164
2026-02-20 07:35:00+00:00,25561.94921875,25588.900390625,25560.80078125,25588.25,0,25606.81259765625,25552.4200390625,40.52872197100319,7.017082312209823,15.511076290931932,-8.49399397872211
2026-02-20 07:40:00+00:00,25554.599609375,25566.30078125,25535.75,25562.349609375,0,25604.84755859375,25555.3090234375,38.810661449494425,2.7801372044341406,12.964888473632374,-10.184751269198234
2026-02-20 07:45:00+00:00,25546.30078125,25559.150390625,25538.900390625,25554.5,0,25602.180078125,25558.1460546875,36.90811774032131,-1.2331039378914284,10.125289991327614,-11.358393929219044
2026-02-20 07:50:00+00:00,25549.849609375,25551.44921875,25532.0,25545.650390625,0,25599.630078125,25560.8140625,38.30100061562312,-4.080231319334416,7.284185729195209,-11.364417048529624
2026-02-20 07:55:00+00:00,25568.5,25573.30078125,25540.30078125,25549.19921875,0,25598.43505859375,25563.1260546875,45.15390224349257,-4.776607863837853,4.872027010588597,-9.648634874426447
2026-02-20 08:00:00+00:00,25593.5,25593.5,25565.650390625,25567.5,0,25598.917578125,25566.3650390625,52.73260395685418,-3.2734657506844087,3.242928458333996,-6.516394209018404
2026-02-20 08:05:00+00:00,25573.19921875,25609.599609375,25568.69921875,25593.5,0,25597.67001953125,25570.18703125,47.04744572196468,-3.677921394213626,1.8587584878244712,-5.536679882038098
2026-02-20 08:10:00+00:00,25573.0,25580.099609375,25556.0,25574.75,0,25596.95498046875,25572.3200390625,46.99390219308634,-3.9687810563082166,0.6932505789979335,-4.66203163530615
2026-02-20 08:15:00+00:00,25580.900390625,25587.400390625,25568.75,25572.849609375,0,25596.3599609375,25574.5550390625,49.45080632562351,-3.5212036926350265,-0.1496402753286584,-3.371563417306368
2026-02-20 08:20:00+00:00,25565.19921875,25583.25,25565.150390625,25580.900390625,0,25594.46494140625,25576.2130078125,44.98782041193551,-4.382925124882604,-0.9962972452394476,-3.3866278796431564
2026-02-20 08:25:00+00:00,25601.150390625,25602.900390625,25561.400390625,25564.900390625,0,25592.77744140625,25578.0780078125,55.00191779572078,-2.14021538376619,-1.225080872944796,-0.915134510821394
2026-02-20 08:30:00+00:00,25593.0,25611.80078125,25593.0,25600.75,0,25590.0224609375,25579.8569921875,52.66148530631549,-1.0088903044452309,-1.181842759244883,0.1729524547996521
2026-02-20 08:35:00+00:00,25596.150390625,25601.849609375,25577.44921875,25592.19921875,0,25587.15751953125,25581.363984375,53.48539253267388,0.1402860361013154,-0.9174170001756434,1.0577030362769588
2026-02-20 08:40:00+00:00,25602.150390625,25602.150390625,25591.80078125,25595.849609375,0,25585.1150390625,25583.48,55.088607407922176,1.5176716472233238,-0.43039927069585,1.9480709179191735
2026-02-20 08:45:00+00:00,25630.55078125,25632.80078125,25601.650390625,25601.650390625,0,25585.005078125,25586.5890234375,61.80014246604655,4.845082741154329,0.6246971316741858,4.220385609480143
2026-02-20 08:50:00+00:00,25604.55078125,25634.150390625,25602.5,25630.5,0,25584.892578125,25589.0710546875,53.864187852777526,5.322740062714729,1.5643057178822946,3.7584343448324335
2026-02-20 08:55:00+00:00,25591.099609375,25607.30078125,25587.05078125,25604.349609375,0,25584.02001953125,25590.13203125,50.26776512379374,4.563287044704339,2.164101983246704,2.399185061457635
2026-02-20 09:00:00+00:00,25600.75,25604.849609375,25585.900390625,25592.0,0,25583.44501953125,25591.2500390625,52.70744502975331,4.686102456009394,2.668502077799242,2.017600378210152
2026-02-20 09:05:00+00:00,25607.75,25617.44921875,25595.75,25600.69921875,0,25584.1025390625,25592.3890234375,54.452841107385325,5.28732703802234,3.192267069843861,2.0950599681784787
2026-02-20 09:10:00+00:00,25625.55078125,25637.599609375,25607.05078125,25607.5,0,25585.98505859375,25593.483046875,58.63377075177927,7.118122841158765,3.9774382241068422,3.1406846170519227
2026-02-20 09:15:00+00:00,25649.849609375,25652.849609375,25625.94921875,25625.94921875,0,25590.380078125,25594.91203125,63.55207434596017,10.409756863940856,5.263901952073645,5.145854911867211
2026-02-20 09:20:00+00:00,25632.55078125,25650.599609375,25614.599609375,25649.94921875,0,25594.27763671875,25595.6300390625,58.24288386209984,11.490079203857022,6.509137402430321,4.980941801426701
2026-02-20 09:25:00+00:00,25642.80078125,25642.80078125,25629.150390625,25632.099609375,0,25599.10263671875,25596.7110546875,60.35620576951663,13.023208339644045,7.811951589873066,5.2112567497709765
2026-02-20 09:30:00+00:00,25598.0,25649.650390625,25595.30078125,25646.900390625,0,25601.51015625,25596.9120703125,48.74425901131401,10.502113764094249,8.349984024717303,2.152129739376944
2026-02-20 09:35:00+00:00,25574.19921875,25598.80078125,25570.349609375,25597.05078125,0,25601.7951171875,25596.7120703125,43.91093310575233,6.508577187651099,7.981702657304062,-1.4731254696529632
2026-02-20 09:40:00+00:00,25571.94921875,25576.05078125,25563.0,25573.69921875,0,25600.717578125,25596.5670703125,43.47209016388112,3.1260789902917168,7.010577923901594,-3.884498933609877
2026-02-20 09:45:00+00:00,25554.44921875,25572.599609375,25552.30078125,25570.849609375,0,25599.780078125,25596.2360546875,40.1141406758892,-0.9556626628000232,5.417329806561271,-6.372992469361294
2026-02-20 09:50:00+00:00,25567.0,25568.349609375,25538.900390625,25553.0,0,25599.480078125,25596.3390625,43.48576285279,-3.141515736722795,3.7055606979044575,-6.847076434627253
2026-02-20 09:55:00+00:00,25565.900390625,25577.44921875,25551.650390625,25566.30078125,0,25598.730078125,25596.1010546875,43.25598236213797,-4.905996064026112,1.9832493455183435,-6.889245409544456
2026-02-23 03:45:00+00:00,25698.349609375,25706.650390625,25627.150390625,25678.400390625,0,25605.38759765625,25598.6910546875,66.33257271179227,4.333234760040796,2.453246428422834,1.8799883316179613
2026-02-23 03:50:00+00:00,25737.349609375,25740.650390625,25697.05078125,25697.400390625,0,25612.19755859375,25601.728046875,70.17834205235587,14.633677887039084,4.8893327201460846,9.744345166893
2026-02-23 03:55:00+00:00,25760.0,25766.44921875,25732.55078125,25736.30078125,0,25620.54755859375,25605.0500390625,72.16686753604752,24.343928843954927,8.780251944907853,15.563676899047074
2026-02-23 04:00:00+00:00,25740.5,25770.69921875,25736.900390625,25759.05078125,0,25627.7650390625,25607.86703125,67.96512811896176,30.118696074085165,13.047940770743317,17.070755303341848
2026-02-23 04:05:00+00:00,25728.69921875,25768.25,25728.5,25740.400390625,0,25634.09248046875,25610.4240234375,65.480485210721,33.358480487160705,17.110048714026796,16.24843177313391
2026-02-23 04:10:00+00:00,25730.25,25740.5,25718.599609375,25728.69921875,0,25639.07744140625,25613.181015625,65.65816002334046,35.640328540288465,20.81610467927913,14.824223861009331
2026-02-23 04:15:00+00:00,25741.400390625,25749.0,25727.150390625,25730.25,0,25645.919921875,25616.33203125,66.97440305147798,37.91143349171398,24.2351704417661,13.676263049947876
2026-02-23 04:20:00+00:00,25716.80078125,25746.650390625,25711.099609375,25740.599609375,0,25652.20498046875,25618.7050390625,61.384620530988,37.29638809334938,26.84741397208276,10.44897412126662
2026-02-23 04:25:00+00:00,25729.19921875,25743.94921875,25711.94921875,25717.900390625,0,25658.62744140625,25621.5430078125,63.05813070474787,37.37853399954838,28.953637977575884,8.424896021972497
2026-02-23 04:30:00+00:00,25729.55078125,25735.5,25721.05078125,25728.650390625,0,25664.71748046875,25624.2780078125,63.106954645069294,37.04497200013793,30.571904782088296,6.473067218049636
2026-02-23 04:35:00+00:00,25727.69921875,25737.44921875,25717.94921875,25729.55078125,0,25669.82490234375,25626.77,62.63741925659408,36.21376633677573,31.700277093025782,4.513489243749948
2026-02-23 04:40:00+00:00,25717.849609375,25731.25,25705.150390625,25727.19921875,0,25673.22490234375,25628.428984375,60.07669704184808,34.364120509791974,32.23304577637902,2.131074733412952
2026-02-23 04:45:00+00:00,25728.5,25733.69921875,25712.849609375,25717.349609375,0,25678.02236328125,25630.0369921875,61.89091055792574,33.37295769794582,32.461028160692386,0.9119295372534352
2026-02-23 04:50:00+00:00,25725.5,25733.0,25719.650390625,25727.900390625,0,25682.15732421875,25631.4780078125,61.049353810246856,31.976770791821764,32.36417668691826,-0.3874058950964993
2026-02-23 04:55:00+00:00,25705.55078125,25726.30078125,25695.94921875,25726.30078125,0,25687.53486328125,25632.7290234375,55.63218950381473,28.92709384779664,31.67676011909394,-2.749666271297301
2026-02-23 05:00:00+00:00,25700.19921875,25709.650390625,25693.55078125,25706.44921875,0,25693.83486328125,25634.0780078125,54.24171277716592,25.78118705293309,30.497645505861776,-4.716458452928684
2026-02-23 05:05:00+00:00,25689.55078125,25706.349609375,25684.150390625,25700.099609375,0,25699.71494140625,25635.7330078125,51.484296578203725,22.17319455492907,28.83275531567524,-6.659560760746167
2026-02-23 05:10:00+00:00,25656.80078125,25690.5,25655.150390625,25689.599609375,0,25704.83251953125,25636.6980078125,44.06485272888379,16.481198215413315,26.362443895622853,-9.881245680209538
2026-02-23 05:15:00+00:00,25653.30078125,25664.19921875,25646.599609375,25656.94921875,0,25709.14755859375,25637.5190234375,43.34592331783764,11.554634721884211,23.400882060875126,-11.846247338990914
2026-02-23 05:20:00+00:00,25671.900390625,25677.69921875,25653.150390625,25653.650390625,0,25714.44755859375,25639.0650390625,48.18405631004914,9.046844302771206,20.53007450925434,-11.483230206483135
2026-02-23 05:25:00+00:00,25667.900390625,25676.94921875,25665.0,25671.80078125,0,25712.92509765625,25640.6650390625,47.2495438259613,6.659864979505073,17.75603260330449,-11.096167623799415
2026-02-23 05:30:00+00:00,25683.599609375,25692.0,25666.75,25667.849609375,0,25710.23759765625,25643.098046875,51.246167389542,5.96618791734727,15.398063666113046,-9.431875748765776
2026-02-23 05:35:00+00:00,25679.400390625,25684.05078125,25652.30078125,25683.150390625,0,25706.2076171875,25645.5940625,50.15163834288062,5.019737578993954,13.322398448689228,-8.302660869695274
2026-02-23 05:40:00+00:00,25696.55078125,25697.94921875,25674.400390625,25680.5,0,25704.01015625,25648.5990625,54.43232078609791,5.589134001034836,11.775745559158349,-6.186611558123513
2026-02-23 05:45:00+00:00,25673.44921875,25699.19921875,25673.44921875,25696.099609375,0,25701.24765625,25651.0710546875,48.402777368980495,4.1286887875212415,10.246334204830926,-6.117645417309685
2026-02-23 05:50:00+00:00,25663.25,25678.400390625,25660.19921875,25673.44921875,0,25697.89765625,25652.9660546875,45.9810953185018,2.12380185343136,8.621827734551013,-6.498025881119654
2026-02-23 05:55:00+00:00,25661.94921875,25666.0,25652.5,25663.19921875,0,25693.92509765625,25654.3350390625,45.66728007789375,0.4250525961979292,6.982472706880397,-6.557420110682468
2026-02-23 06:00:00+00:00,25655.19921875,25662.400390625,25654.849609375,25662.0,0,25690.84501953125,25655.9750390625,43.989526422779306,-1.449181751730066,5.296141815158306,-6.745323566888372
2026-02-23 06:05:00+00:00,25668.349609375,25670.849609375,25651.849609375,25655.05078125,0,25687.8025390625,25657.88203125,47.99785975211049,-1.852050074161525,3.86650343729434,-5.718553511455865
2026-02-23 06:10:00+00:00,25667.849609375,25671.19921875,25662.150390625,25668.599609375,0,25684.71748046875,25659.621015625,47.85762303262131,-2.1864677048506564,2.655909208865341,-4.842376913715997
2026-02-23 06:15:00+00:00,25648.30078125,25671.19921875,25634.94921875,25667.650390625,0,25680.74755859375,25661.283046875,42.615116730691376,-3.983009485822549,1.3281254699277627,-5.311134955750312
2026-02-23 06:20:00+00:00,25658.900390625,25664.75,25631.650390625,25648.69921875,0,25677.80009765625,25662.438046875,46.06505924379721,-4.499613159110595,0.1625777441200911,-4.662190903230687
2026-02-23 06:25:00+00:00,25648.94921875,25666.44921875,25648.599609375,25658.80078125,0,25673.82255859375,25663.55703125,43.42551822215563,-5.646907660582656,-0.9993193368204584,-4.647588323762197
2026-02-23 06:30:00+00:00,25660.55078125,25664.400390625,25646.05078125,25649.44921875,0,25670.57509765625,25664.8450390625,47.22245125391253,-5.555952125720069,-1.9106458946003804,-3.645306231119688
2026-02-23 06:35:00+00:00,25664.69921875,25673.349609375,25657.05078125,25660.5,0,25668.53251953125,25666.096015625,48.552087547937575,-5.0904454858609824,-2.546605812852501,-2.5438396730084816
2026-02-23 06:40:00+00:00,25662.0,25673.30078125,25651.55078125,25664.75,0,25666.62255859375,25666.725,47.70985893394796,-4.88304382516435,-3.013893415314871,-1.869150409849479
2026-02-23 06:45:00+00:00,25670.44921875,25682.94921875,25660.19921875,25661.599609375,0,25665.66748046875,25668.04296875,50.59869980140696,-3.99089067134264,-3.209292866520425,-0.7815978048222156
2026-02-23 06:50:00+00:00,25654.849609375,25673.5,25653.150390625,25669.94921875,0,25665.569921875,25669.31796875,45.59072477016706,-4.490843328072515,-3.4656029588308432,-1.0252403692416716
2026-02-23 06:55:00+00:00,25651.349609375,25658.94921875,25647.650390625,25654.75,0,25665.47236328125,25670.3299609375,44.525908708328274,-5.110568704963953,-3.7945961080574655,-1.3159725969064873
2026-02-23 07:00:00+00:00,25654.099609375,25655.55078125,25636.400390625,25651.900390625,0,25664.58232421875,25671.256953125,45.60098301280644,-5.318495211591653,-4.099375928764303,-1.21911928282735
2026-02-23 07:05:00+00:00,25661.849609375,25664.099609375,25653.19921875,25653.849609375,0,25664.27978515625,25671.9829296875,48.62282793386535,-4.802557344002707,-4.240012211811984,-0.5625451321907233
2026-02-23 07:10:00+00:00,25684.849609375,25684.849609375,25660.150390625,25660.75,0,25664.34228515625,25672.6829296875,56.36899947026573,-2.5088446859881515,-3.893778706647218,1.3849340206590663
2026-02-23 07:15:00+00:00,25663.150390625,25690.849609375,25661.75,25685.0,0,25663.52978515625,25673.294921875,48.88111756867956,-2.414177350663522,-3.597858435450479,1.183681084786957
2026-02-23 07:20:00+00:00,25655.900390625,25668.94921875,25643.55078125,25662.69921875,0,25661.497265625,25673.5569140625,46.65134082122773,-2.890843371700612,-3.4564554227005058,0.5656120509998939
2026-02-23 07:25:00+00:00,25638.349609375,25657.650390625,25636.75,25655.75,0,25659.74228515625,25674.36390625,41.693100444140434,-4.631417893913749,-3.691447916943155,-0.9399699769705944
2026-02-23 07:30:00+00:00,25638.25,25643.150390625,25631.55078125,25638.05078125,0,25658.49228515625,25675.644921875,41.66603382234846,-5.950282237317879,-4.1432147810181,-1.8070674562997784
2026-02-23 07:35:00+00:00,25649.94921875,25654.900390625,25639.0,25639.5,0,25657.89228515625,25677.204921875,46.092530457013225,-5.982500016481936,-4.511071828110868,-1.4714281883710676
2026-02-23 07:40:00+00:00,25637.5,25657.599609375,25636.150390625,25649.099609375,0,25657.00732421875,25678.8659375,42.40507807968153,-6.93266529911125,-4.995390522310945,-1.9372747768003045
2026-02-23 07:45:00+00:00,25645.19921875,25653.25,25627.69921875,25636.69921875,0,25655.8498046875,25680.429921875,45.318641071513305,-6.983909363287239,-5.393094290506204,-1.5908150727810355
2026-02-23 07:50:00+00:00,25655.05078125,25659.0,25644.05078125,25644.849609375,0,25655.20986328125,25682.2129296875,48.88198192276906,-6.158589506299904,-5.546193333664944,-0.61239617263496
2026-02-23 07:55:00+00:00,25667.400390625,25668.44921875,25652.650390625,25655.099609375,0,25656.16484375,25681.5939453125,53.01537423213774,-4.456634004312946,-5.328281467794545,0.8716474634815992
2026-02-23 08:00:00+00:00,25646.900390625,25680.30078125,25646.44921875,25667.44921875,0,25655.56484375,25679.7849609375,46.319843243292745,-4.7077328673804,-5.204171747711717,0.4964388803313166
2026-02-23 08:05:00+00:00,25643.849609375,25652.599609375,25640.25,25648.05078125,0,25655.30986328125,25677.461953125,45.40089822229994,-5.094180533687904,-5.182173504906955,0.0879929712190508
2026-02-23 08:10:00+00:00,25663.400390625,25666.75,25632.349609375,25647.150390625,0,25655.45234375,25675.9199609375,51.97621346607246,-3.7792931009244057,-4.901597424110445,1.1223043231860397
2026-02-23 08:15:00+00:00,25652.19921875,25669.400390625,25652.19921875,25663.099609375,0,25654.82734375,25674.3899609375,48.38126762245282,-3.599582548460603,-4.641194448980477,1.0416119005198743
2026-02-23 08:20:00+00:00,25652.55078125,25660.69921875,25650.75,25653.0,0,25654.3548828125,25672.8359765625,48.50166158203087,-3.389717927035236,-4.390899144591429,1.0011812175561934
2026-02-23 08:25:00+00:00,25637.94921875,25656.349609375,25637.94921875,25652.75,0,25652.7298828125,25670.766953125,43.91982653446307,-4.3514618227600295,-4.383011680225149,0.0315498574651194
2026-02-23 08:30:00+00:00,25623.75,25643.0,25609.349609375,25638.400390625,0,25651.17490234375,25668.9059375,39.965952722098535,-6.188076777274546,-4.744024699635029,-1.4440520776395172
2026-02-23 08:35:00+00:00,25626.900390625,25638.30078125,25618.5,25623.650390625,0,25649.95244140625,25666.8599609375,41.230111701211406,-7.305187511974509,-5.256257262102925,-2.048930249871584
2026-02-23 08:40:00+00:00,25629.849609375,25633.30078125,25615.0,25627.25,0,25648.73994140625,25664.8659375,42.451807338452376,-7.861901406551624,-5.777386090992665,-2.084515315558959
2026-02-23 08:45:00+00:00,25643.650390625,25644.349609375,25619.75,25630.69921875,0,25647.82998046875,25663.1849609375,47.90880590657228,-7.1075619204602845,-6.043421256886189,-1.064140663574095
2026-02-23 08:50:00+00:00,25648.400390625,25651.349609375,25638.5,25643.55078125,0,25646.00751953125,25661.7959765625,49.67752460861762,-6.056639965026989,-6.04606499851435,-0.0105749665126388
2026-02-23 08:55:00+00:00,25673.44921875,25673.94921875,25641.44921875,25648.0,0,25646.5224609375,25660.6949609375,57.81250766724185,-3.1660494091738656,-5.470061880646253,2.3040124714723875
2026-02-23 09:00:00+00:00,25693.599609375,25709.44921875,25673.349609375,25673.650390625,0,25648.407421875,25660.056953125,62.99497003359101,0.7421771947992966,-4.227614065557143,4.969791260356439
2026-02-23 09:05:00+00:00,25680.5,25702.75,25676.55078125,25694.30078125,0,25650.51494140625,25659.5559375,58.006274719849216,2.7507371515384875,-2.831943822138017,5.582680973676505
2026-02-23 09:10:00+00:00,25670.94921875,25684.19921875,25661.75,25680.05078125,0,25652.14990234375,25658.9709375,54.61062054311029,3.5311621216133062,-1.5593226333877523,5.090484755001059
2026-02-23 09:15:00+00:00,25698.55078125,25699.75,25668.099609375,25670.05078125,0,25654.57998046875,25659.1509375,61.60572771139516,6.3041990682904725,0.0133817069478925,6.29081736134258
2026-02-23 09:20:00+00:00,25678.849609375,25699.849609375,25672.80078125,25697.94921875,0,25656.6474609375,25659.5919140625,55.08069606312253,6.833360183856712,1.3773774023296566,5.455982781527055
2026-02-23 09:25:00+00:00,25673.0,25683.55078125,25669.599609375,25679.150390625,0,25658.0375,25659.9858984375,53.27636749376018,6.703436547231831,2.442589231310092,4.26084731592174
2026-02-23 09:30:00+00:00,25717.19921875,25724.30078125,25674.150390625,25674.150390625,0,25661.144921875,25660.891875,63.10970140744943,10.051115688940628,3.964294522836199,6.086821166104428
2026-02-23 09:35:00+00:00,25710.599609375,25728.94921875,25708.900390625,25718.25,0,25663.3048828125,25661.745859375,61.04387141894813,12.032934032853518,5.578022424839663,6.454911608013855
2026-02-23 09:40:00+00:00,25710.75,25717.94921875,25705.69921875,25710.19921875,0,25666.49736328125,25662.2888671875,61.07514032765347,13.460510232129309,7.154519986297592,6.305990245831717
2026-02-23 09:45:00+00:00,25716.150390625,25722.400390625,25709.19921875,25712.099609375,0,25670.11240234375,25663.0238671875,62.24700493790105,14.856385877061255,8.694893164450324,6.161492712610933
2026-02-23 09:50:00+00:00,25717.30078125,25719.25,25705.5,25716.25,0,25672.807421875,25663.4388671875,62.50595588984804,15.872486151558403,10.13041176187194,5.742074389686465
2026-02-23 09:55:00+00:00,25704.25,25722.5,25700.0,25719.30078125,0,25675.4099609375,25664.0548828125,57.67298283188797,15.446605114178965,11.193650432333346,4.252954681845619
2026-02-24 03:45:00+00:00,25571.44921875,25641.80078125,25570.849609375,25641.80078125,0,25671.3548828125,25662.2188671875,31.219999188279203,4.343113431172242,9.823543032101126,-5.480429600928884
2026-02-24 03:50:00+00:00,25560.0,25581.400390625,25549.55078125,25571.25,0,25667.457421875,25660.1798828125,29.94478438183081,-5.319025576096465,6.795029310461608,-12.114054886558073
2026-02-24 03:55:00+00:00,25548.650390625,25570.5,25547.94921875,25559.400390625,0,25663.70244140625,25658.04890625,28.69358915328378,-13.733843773232364,2.689254693722814,-16.423098466955178
2026-02-24 04:00:00+00:00,25513.900390625,25549.75,25509.19921875,25548.599609375,0,25658.05244140625,25654.959921875,25.219092331415798,-22.942218784970464,-2.437040002015842,-20.505178782954623
2026-02-24 04:05:00+00:00,25508.150390625,25528.44921875,25506.849609375,25512.80078125,0,25651.96748046875,25651.7659375,24.68641671388339,-30.35399728379707,-8.020431458372087,-22.333565825424984
2026-02-24 04:10:00+00:00,25499.44921875,25514.55078125,25483.599609375,25507.650390625,0,25644.757421875,25648.78890625,23.86495272296682,-36.50914232807554,-13.71817363231278,-22.79096869576276
2026-02-24 04:15:00+00:00,25525.349609375,25535.599609375,25497.349609375,25500.30078125,0,25638.6048828125,25646.117890625,31.20349958586496,-38.84936278495297,-18.74441146284082,-20.104951322112157
2026-02-24 04:20:00+00:00,25511.599609375,25526.30078125,25494.94921875,25525.25,0,25630.51240234375,25643.3708984375,29.57377832647508,-41.33700715674786,-23.26293060162223,-18.07407655512563
2026-02-24 04:25:00+00:00,25516.349609375,25520.400390625,25510.099609375,25511.650390625,0,25621.64990234375,25640.486875,30.91611778404948,-42.43602189640296,-27.097548860578375,-15.338473035824585
2026-02-24 04:30:00+00:00,25514.05078125,25525.30078125,25506.849609375,25516.5,0,25613.32744140625,25637.47390625,30.61201703569353,-42.99685424203926,-30.277409936870555,-12.719444305168707
2026-02-24 04:35:00+00:00,25516.25,25532.650390625,25513.0,25513.25,0,25605.59248046875,25634.55890625,31.308137559464257,-42.770823908940656,-32.77609273128458,-9.994731177656078
2026-02-24 04:40:00+00:00,25484.69921875,25517.55078125,25483.80078125,25515.69921875,0,25594.89990234375,25630.84390625,27.106655756228943,-44.62318925869113,-35.14551203676589,-9.477677221925234
2026-02-24 04:45:00+00:00,25500.30078125,25501.44921875,25475.19921875,25484.0,0,25585.9724609375,25627.7529296875,31.96846781793421,-44.321377190728526,-36.98068506755842,-7.340692123170108
2026-02-24 04:50:00+00:00,25488.5,25515.0,25487.30078125,25500.5,0,25576.7474609375,25624.4959375,30.321128729529065,-44.521200688017416,-38.488788191650215,-6.032412496367201
2026-02-24 04:55:00+00:00,25495.5,25499.80078125,25486.599609375,25487.849609375,0,25565.6625,25621.3239453125,32.541718913704315,-43.61198889030129,-39.51342833138043,-4.098560558920859
2026-02-24 05:00:00+00:00,25500.69921875,25510.349609375,25493.55078125,25495.099609375,0,25555.16748046875,25618.1009375,34.21857322304119,-41.98788824946678,-40.0083203149977,-1.979567934469074
2026-02-24 05:05:00+00:00,25504.0,25508.25,25499.44921875,25499.650390625,0,25544.82998046875,25614.4839453125,35.31785196967165,-39.97364008927616,-40.0013842698534,0.0277441805772369
2026-02-24 05:10:00+00:00,25498.099609375,25513.25,25492.5,25503.849609375,0,25533.92744140625,25611.1829296875,34.21708287394084,-38.4106718074836,-39.68324177737944,1.272569969895848
2026-02-24 05:15:00+00:00,25472.44921875,25499.650390625,25472.44921875,25497.900390625,0,25521.68486328125,25607.51390625,29.86005400544096,-38.794580561832845,-39.505509534270125,0.71092897243728
2026-02-24 05:20:00+00:00,25465.349609375,25481.150390625,25460.849609375,25472.05078125,0,25509.73984375,25604.05390625,28.76814979289236,-39.21961089715842,-39.44832980684779,0.2287189096893698
2026-02-24 05:25:00+00:00,25471.5,25476.30078125,25462.400390625,25465.650390625,0,25504.7423828125,25600.71890625,31.118065148208245,-38.615035287828505,-39.28167090304393,0.6666356152154265
2026-02-24 05:30:00+00:00,25484.650390625,25487.849609375,25470.349609375,25470.349609375,0,25500.97490234375,25597.4129296875,35.9810943479674,-36.652273546471406,-38.75579143172943,2.1035178852580216
2026-02-24 05:35:00+00:00,25495.55078125,25501.099609375,25480.400390625,25484.55078125,0,25498.319921875,25594.5739453125,39.77647881206658,-33.82726069587079,-37.7700852845577,3.942824588686911
2026-02-24 05:40:00+00:00,25505.849609375,25512.5,25494.44921875,25495.5,0,25497.9173828125,25591.786953125,43.20262750373187,-30.406876752287644,-36.29744357810369,5.890566825816045
2026-02-24 05:45:00+00:00,25508.650390625,25512.05078125,25497.099609375,25505.69921875,0,25497.9423828125,25588.8589453125,44.13345233511888,-27.15714750301413,-34.46938436308578,7.31223686007165
2026-02-24 05:50:00+00:00,25504.44921875,25519.150390625,25503.55078125,25508.150390625,0,25498.1923828125,25585.599921875,42.9952074530213,-24.636716388878995,-32.50285076824442,7.866134379365427
2026-02-24 05:55:00+00:00,25518.150390625,25519.349609375,25503.650390625,25504.30078125,0,25497.832421875,25583.024921875,47.72991300890227,-21.28828837052424,-30.259938288700383,8.971649918176144
2026-02-24 06:00:00+00:00,25506.55078125,25520.69921875,25501.55078125,25517.099609375,0,25497.57998046875,25580.2789453125,44.36990409298632,-19.347599492950398,-28.07747052955039,8.729871036599995
2026-02-24 06:05:00+00:00,25522.19921875,25524.5,25503.849609375,25506.55078125,0,25497.8724609375,25577.454921875,49.53148362607507,-16.35832288524398,-25.733641000689108,9.375318115445127
2026-02-24 06:10:00+00:00,25501.55078125,25525.19921875,25500.599609375,25523.349609375,0,25497.2474609375,25574.441953125,43.76160175517545,-15.477046222389616,-23.682322045029213,8.205275822639596
2026-02-24 06:15:00+00:00,25499.19921875,25503.44921875,25489.099609375,25500.599609375,0,25496.394921875,25571.374921875,43.1451884964056,-14.797799734715229,-21.905417582966415,7.107617848251191
2026-02-24 06:20:00+00:00,25488.849609375,25498.75,25488.55078125,25498.150390625,0,25496.60244140625,25568.3929296875,40.44499047049945,-14.922600530873751,-20.508854172547885,5.5862536416741335
2026-02-24 06:25:00+00:00,25472.55078125,25493.400390625,25471.69921875,25488.099609375,0,25495.21494140625,25565.3689453125,36.56406888349247,-16.15051222409238,-19.637185782856783,3.486673558764405
2026-02-24 06:30:00+00:00,25463.25,25474.25,25456.400390625,25472.05078125,0,25493.95244140625,25562.0959375,34.52801407729807,-17.67044254243592,-19.243837134772612,1.573394592336694
2026-02-24 06:35:00+00:00,25458.400390625,25476.150390625,25456.69921875,25462.75,0,25492.0974609375,25558.666953125,33.481110200984574,-19.0467620007621,-19.204422107970515,0.1576601072084145
2026-02-24 06:40:00+00:00,25466.05078125,25470.55078125,25447.150390625,25458.400390625,0,25490.3650390625,25555.1149609375,36.73968784566102,-19.2977302786494,-19.22308374210629,-0.0746465365431063
2026-02-24 06:45:00+00:00,25446.30078125,25466.94921875,25442.05078125,25464.5,0,25487.480078125,25551.07296875,32.33581236910469,-20.8499392681224,-19.54845484730951,-1.301484420812887
2026-02-24 06:50:00+00:00,25421.05078125,25448.849609375,25419.05078125,25445.05078125,0,25483.62763671875,25546.025,27.75520584939791,-23.84269629100163,-20.407303136047936,-3.435393154953694
2026-02-24 06:55:00+00:00,25429.25,25434.05078125,25417.099609375,25420.900390625,0,25481.46767578125,25540.7380078125,31.16512074375997,-25.261668573421048,-21.37817622352256,-3.883492349898489
2026-02-24 07:00:00+00:00,25428.80078125,25433.099609375,25421.400390625,25429.30078125,0,25479.640234375,25535.7040234375,31.078570538486574,-26.121351845133177,-22.32681134784468,-3.7945404972884944
2026-02-24 07:05:00+00:00,25427.5,25439.80078125,25426.5,25428.150390625,0,25477.440234375,25530.8350390625,30.811733264967277,-26.60097967231559,-23.181645012738866,-3.419334659576723
2026-02-24 07:10:00+00:00,25418.05078125,25432.30078125,25417.400390625,25428.5,0,25474.11025390625,25525.2250390625,28.872432569197045,-27.42739522441116,-24.030795055073327,-3.3966001693378303
2026-02-24 07:15:00+00:00,25392.55078125,25420.80078125,25387.75,25417.30078125,0,25468.96025390625,25519.4990625,24.407792201177514,-29.7964969222121,-25.183935428501083,-4.612561493711016
2026-02-24 07:20:00+00:00,25401.69921875,25401.69921875,25387.44921875,25392.80078125,0,25463.752734375,25514.073046875,28.6693716003234,-30.583279626505828,-26.263804268102035,-4.319475358403793
2026-02-24 07:25:00+00:00,25404.69921875,25408.25,25395.69921875,25401.349609375,0,25458.55517578125,25507.823046875,30.061781595582858,-30.611861179710104,-27.13341565042365,-3.4784455292864536
2026-02-24 07:30:00+00:00,25421.900390625,25425.0,25396.5,25405.05078125,0,25454.427734375,25502.0490625,37.584966779469056,-28.91322776065499,-27.48937807246992,-1.4238496881850722
2026-02-24 07:35:00+00:00,25418.55078125,25422.599609375,25411.099609375,25421.650390625,0,25449.44775390625,25496.205078125,36.755814965594446,-27.52009944503516,-27.49552234698297,-0.0245770980521875
2026-02-24 07:40:00+00:00,25424.599609375,25433.25,25415.25,25418.80078125,0,25445.3501953125,25490.3740625,39.35752313111635,-25.63247017986214,-27.12291191355881,1.4904417336966669
2026-02-24 07:45:00+00:00,25422.599609375,25425.75,25410.150390625,25424.599609375,0,25440.37021484375,25484.4800390625,38.78933294892805,-24.02099459968304,-26.50252845078365,2.481533851100618
2026-02-24 07:50:00+00:00,25398.94921875,25424.0,25398.19921875,25421.849609375,0,25435.24013671875,25478.3740234375,32.76546658700289,-24.37133982632804,-26.07629072589253,1.7049508995644942
2026-02-24 07:55:00+00:00,25378.650390625,25408.05078125,25378.650390625,25397.75,0,25429.2126953125,25474.518046875,28.65260195729209,-25.98737049733245,-26.05850668018052,0.0711361828480683
2026-02-24 08:00:00+00:00,25339.849609375,25380.19921875,25336.599609375,25378.94921875,0,25421.7626953125,25470.1150390625,22.76918388318701,-30.05255804016997,-26.857316952178408,-3.195241087991562
2026-02-24 08:05:00+00:00,25377.849609375,25380.150390625,25328.0,25339.849609375,0,25417.02763671875,25466.6990234375,36.51744706075484,-29.8637157100311,-27.45859670374895,-2.4051190062821526
2026-02-24 08:10:00+00:00,25365.44921875,25379.19921875,25358.650390625,25377.650390625,0,25412.13759765625,25463.73,34.36743551452449,-30.36464002305001,-28.03980536760916,-2.3248346554408528
2026-02-24 08:15:00+00:00,25363.94921875,25374.80078125,25359.400390625,25365.900390625,0,25407.4150390625,25460.8459765625,34.10585230313231,-30.53072442757912,-28.537989179603155,-1.9927352479759608
2026-02-24 08:20:00+00:00,25374.650390625,25375.650390625,25359.30078125,25363.05078125,0,25402.84501953125,25458.35,37.74628318875155,-29.459264316566987,-28.722244206995924,-0.7370201095710627
2026-02-24 08:25:00+00:00,25411.94921875,25416.150390625,25373.900390625,25373.900390625,0,25401.12744140625,25456.0819921875,48.43875005759375,-25.30867806216702,-28.039530978030143,2.7308529158631245
2026-02-24 08:30:00+00:00,25388.75,25414.5,25384.5,25412.099609375,0,25399.51240234375,25453.625,43.44099210597082,-23.619026189779103,-27.15543002037994,3.5364038306008325
2026-02-24 08:35:00+00:00,25409.900390625,25411.5,25382.05078125,25388.349609375,0,25398.544921875,25451.496015625,48.64344210805527,-20.33885152548828,-25.79211432140161,5.453262795913329
2026-02-24 08:40:00+00:00,25440.5,25443.55078125,25407.25,25409.25,0,25399.1298828125,25450.025,55.08096417861462,-15.096137846619968,-23.65291902644528,8.556781179825315
2026-02-24 08:45:00+00:00,25434.19921875,25446.099609375,25418.0,25440.05078125,0,25399.46484375,25448.383984375,53.59132688661648,-11.319189305097098,-21.18617308217565,9.866983777078548
2026-02-24 08:50:00+00:00,25405.099609375,25436.55078125,25391.900390625,25434.75,0,25398.81728515625,25446.7919921875,47.2373972275652,-10.552384337461262,-19.05941533323277,8.507030995771508
2026-02-24 08:55:00+00:00,25408.849609375,25421.5,25403.0,25406.44921875,0,25399.6322265625,25444.96296875,48.09150973644819,-9.532210823359492,-17.153974431258117,7.621763607898625
2026-02-24 09:00:00+00:00,25397.30078125,25413.599609375,25389.80078125,25407.94921875,0,25399.4123046875,25443.138984375,45.64111286029241,-9.545574435407616,-15.63229443208802,6.086719996680403
2026-02-24 09:05:00+00:00,25417.0,25425.19921875,25395.099609375,25395.55078125,0,25400.02734375,25441.568984375,50.29351101800873,-7.875815377206891,-14.080998621111792,6.2051832439049015
2026-02-24 09:10:00+00:00,25381.25,25423.5,25381.25,25417.400390625,0,25397.99482421875,25439.18,43.086442058040646,-9.329698560926772,-13.13073860907479,3.8010400481480175
2026-02-24 09:15:00+00:00,25396.05078125,25403.349609375,25361.900390625,25380.44921875,0,25396.86982421875,25437.021015625,46.50433599899664,-9.181770373692416,-12.340944961998316,3.1591745883059
2026-02-24 09:20:00+00:00,25412.80078125,25423.30078125,25395.400390625,25395.400390625,0,25396.2798828125,25435.3150390625,50.15270922423935,-7.62505432530088,-11.39776683465883,3.77271250935795
2026-02-24 09:25:00+00:00,25424.849609375,25427.75,25411.5,25412.650390625,0,25396.3923828125,25434.363046875,52.65407916332332,-5.357349715304736,-10.189683410788012,4.8323336954832765
2026-02-24 09:30:00+00:00,25406.849609375,25443.599609375,25406.349609375,25425.05078125,0,25396.78740234375,25433.193046875,48.72072972558019,-4.955503086785029,-9.142847345987416,4.187344259202387
2026-02-24 09:35:00+00:00,25413.75,25422.400390625,25401.150390625,25406.900390625,0,25398.5423828125,25432.038046875,50.254876381882646,-4.033734503624146,-8.121024777514762,4.087290273890616
2026-02-24 09:40:00+00:00,25421.19921875,25426.099609375,25409.19921875,25413.099609375,0,25402.60986328125,25430.7690234375,51.92692417251712,-2.671342984012881,-7.031088418814386,4.359745434801505
2026-02-24 09:45:00+00:00,25435.55078125,25436.44921875,25416.650390625,25422.19921875,0,25405.494921875,25429.5690234375,55.0609002852494,-0.4286455770925386,-5.710599850470016,5.281954273377478
2026-02-24 09:50:00+00:00,25441.099609375,25441.5,25429.44921875,25435.900390625,0,25409.27744140625,25428.2740234375,56.24850906190623,1.7759799406048842,-4.213283892255036,5.98926383285992
2026-02-24 09:55:00+00:00,25460.25,25464.55078125,25435.75,25442.349609375,0,25414.09248046875,25427.306015625,60.16153457422767,5.010678046313842,-2.36849150454126,7.379169550855102
2026-02-25 03:45:00+00:00,25561.80078125,25573.900390625,25512.900390625,25515.05078125,0,25423.45,25428.453046875,73.6300441641917,15.588800957666535,1.222966987900299,14.365833969766236
2026-02-25 03:50:00+00:00,25568.5,25575.150390625,25552.849609375,25562.19921875,0,25431.2775390625,25429.4600390625,74.24855055454957,24.233264552512992,5.825026500822838,18.408238051690155
2026-02-25 03:55:00+00:00,25582.900390625,25594.900390625,25567.150390625,25568.80078125,0,25440.98505859375,25430.98703125,75.57474930905978,31.87857899089795,11.03573699883786,20.842841992060087
2026-02-25 04:00:00+00:00,25579.05078125,25585.900390625,25559.099609375,25584.849609375,0,25449.442578125,25432.1240625,74.4706224002537,37.19811771480818,16.268213142031925,20.92990457277625
2026-02-25 04:05:00+00:00,25569.19921875,25587.80078125,25568.55078125,25578.80078125,0,25455.8775390625,25433.47703125,71.58820488357104,40.15605768123351,21.045782049872244,19.11027563136126
2026-02-25 04:10:00+00:00,25561.75,25585.0,25560.75,25570.44921875,0,25462.255078125,25434.728046875,69.40081221512412,41.4216734505826,25.12096033001432,16.300713120568282
2026-02-25 04:15:00+00:00,25575.94921875,25587.400390625,25560.5,25561.650390625,0,25470.79755859375,25436.4700390625,71.20679534602974,43.07391210519563,28.711550685050582,14.362361420145046
2026-02-25 04:20:00+00:00,25574.0,25587.349609375,25559.150390625,25576.75,0,25479.055078125,25438.4990234375,70.5908628822198,43.72203705277207,31.713647958594883,12.008389094177184
2026-02-25 04:25:00+00:00,25600.599609375,25603.25,25572.900390625,25573.19921875,0,25489.22001953125,25441.246015625,73.90769481289706,45.85347658232058,34.541613683340024,11.311862898980555
2026-02-25 04:30:00+00:00,25618.19921875,25622.44921875,25594.80078125,25600.849609375,0,25499.27998046875,25444.4419921875,75.84856536308939,48.404818539005646,37.314254654473146,11.0905638845325
2026-02-25 04:35:00+00:00,25629.849609375,25631.30078125,25617.5,25617.5,0,25511.7099609375,25447.71796875,77.06477719965122,50.78148720405443,40.0077011643894,10.773786039665026
2026-02-25 04:40:00+00:00,25631.75,25632.900390625,25618.900390625,25628.75,0,25523.494921875,25451.426953125,77.26588614954086,52.216441254116944,42.44944918233492,9.766992071782028
2026-02-25 04:45:00+00:00,25639.400390625,25652.5,25631.599609375,25631.599609375,0,25534.82490234375,25455.7939453125,78.09847059435711,53.35592141437883,44.6307436287437,8.725177785635125
2026-02-25 04:50:00+00:00,25630.900390625,25639.900390625,25629.94921875,25638.900390625,0,25545.12744140625,25459.826953125,74.81987942634001,52.96256915915001,46.29710873482497,6.66546042432504
2026-02-25 04:55:00+00:00,25635.19921875,25639.650390625,25630.69921875,25630.69921875,0,25556.544921875,25463.954921875,75.38273931363081,52.39375161121643,47.516437310103264,4.877314301113167
2026-02-25 05:00:00+00:00,25643.30078125,25645.05078125,25633.5,25635.0,0,25568.0224609375,25468.2709375,76.45109672802838,51.99729553678117,48.41260895543885,3.584686581342318
2026-02-25 05:05:00+00:00,25634.05078125,25649.650390625,25626.19921875,25643.650390625,0,25578.6650390625,25472.5909375,72.57815978970838,50.35622829285785,48.80133282292265,1.554895469935197
2026-02-25 05:10:00+00:00,25619.900390625,25635.5,25618.900390625,25634.150390625,0,25587.88251953125,25477.1379296875,66.98751437239642,47.36782560695792,48.514631379729714,-1.146805772771792
2026-02-25 05:15:00+00:00,25616.599609375,25625.400390625,25607.5,25619.05078125,0,25596.65751953125,25481.4359375,65.7158884350996,44.22337000567859,47.656379104919495,-3.433009099240905
2026-02-25 05:20:00+00:00,25620.150390625,25628.150390625,25613.400390625,25616.650390625,0,25604.6525390625,25485.7449609375,66.45362775964128,41.53904836643415,46.43291295722243,-4.893864590788283
2026-02-25 05:25:00+00:00,25612.349609375,25624.05078125,25611.44921875,25621.099609375,0,25607.17998046875,25489.5539453125,63.2343252523105,38.34028335430412,44.81438703663876,-6.474103682334643
2026-02-25 05:30:00+00:00,25615.05078125,25626.75,25613.19921875,25614.099609375,0,25609.50751953125,25493.4839453125,63.88671760306171,35.61268022252625,42.97404567381626,-7.361365451290013
2026-02-25 05:35:00+00:00,25621.05078125,25630.80078125,25614.150390625,25616.349609375,0,25611.4150390625,25497.41296875,65.35721036361235,33.54845919082072,41.08892837721716,-7.540469186396436
2026-02-25 05:40:00+00:00,25616.0,25630.05078125,25608.55078125,25621.19921875,0,25613.2625,25501.2809765625,63.03051887237347,31.14596205269845,39.10033511231342,-7.954373059614966
2026-02-25 05:45:00+00:00,25607.099609375,25620.0,25602.30078125,25615.5,0,25615.15751953125,25505.443984375,59.04174281144469,28.19872131567172,36.92001235298508,-8.721291037313364
2026-02-25 05:50:00+00:00,25608.599609375,25611.400390625,25597.599609375,25608.099609375,0,25617.5,25510.04296875,59.50683322656723,25.68793474032645,34.67359683045336,-8.985662090126908
2026-02-25 05:55:00+00:00,25613.30078125,25617.5,25606.80078125,25607.849609375,0,25619.367578125,25515.5119921875,61.001496675885264,23.803076521868206,32.49949276873633,-8.696416246868125
2026-02-25 06:00:00+00:00,25602.150390625,25614.650390625,25599.94921875,25613.30078125,0,25620.77509765625,25519.9980078125,55.74566543215461,21.165585770686448,30.23271136912636,-9.067125598439908
2026-02-25 06:05:00+00:00,25605.150390625,25609.900390625,25601.94921875,25603.19921875,0,25621.00263671875,25524.79203125,56.823529308881525,19.097288620661857,28.00562681943346,-8.908338198771602
2026-02-25 06:10:00+00:00,25588.0,25606.099609375,25581.05078125,25604.75,0,25619.49267578125,25529.273046875,49.413926738356736,15.891072642774816,25.58271598410173,-9.691643341326916
2026-02-25 06:15:00+00:00,25617.650390625,25619.0,25589.849609375,25589.849609375,0,25618.88271484375,25534.133046875,59.29594172066744,15.563258548787417,23.57882449703887,-8.015565948251453
2026-02-25 06:20:00+00:00,25607.44921875,25622.19921875,25606.75,25618.25,0,25617.66767578125,25538.043046875,55.29377557651332,14.315296376298647,21.726118872890822,-7.410822496592178
2026-02-25 06:25:00+00:00,25595.099609375,25609.19921875,25586.30078125,25608.650390625,0,25615.45263671875,25542.1700390625,50.82171858631687,12.189256930603731,19.818746484433408,-7.629489553829675
2026-02-25 06:30:00+00:00,25611.44921875,25611.44921875,25592.650390625,25592.650390625,0,25614.480078125,25546.201015625,55.90620830498891,11.688889942604874,18.192775176067705,-6.503885233462828
2026-02-25 06:35:00+00:00,25606.5,25614.25,25598.44921875,25610.19921875,0,25613.0451171875,25549.521015625,54.083355477427226,10.768848328727472,16.707989806599656,-5.939141477872184
2026-02-25 06:40:00+00:00,25600.19921875,25609.099609375,25591.900390625,25606.05078125,0,25610.8900390625,25552.841015625,51.769134081090506,9.422669661689724,15.25092577761767,-5.828256115927946
2026-02-25 06:45:00+00:00,25606.75,25615.5,25599.69921875,25599.69921875,0,25609.525,25556.8740234375,53.974221433508575,8.783159869431984,13.957372595980534,-5.17421272654855
2026-02-25 06:50:00+00:00,25599.44921875,25609.650390625,25588.650390625,25608.5,0,25608.50244140625,25560.686015625,51.16654072847379,7.59962793966406,12.68582366471724,-5.08619572505318
2026-02-25 06:55:00+00:00,25592.5,25599.849609375,25588.55078125,25599.5,0,25607.2974609375,25564.59,48.57631718373007,6.031400254636537,11.354938982701102,-5.323538728064564
2026-02-25 07:00:00+00:00,25536.19921875,25596.75,25534.75,25591.94921875,0,25603.09990234375,25566.973984375,33.6940872874284,0.2427675213002658,9.132504690420934,-8.889737169120668
2026-02-25 07:05:00+00:00,25528.599609375,25537.849609375,25504.94921875,25535.44921875,0,25598.91240234375,25569.9209765625,32.25748846542345,-4.901489271444007,6.3257058980479455,-11.227195169491951
2026-02-25 07:10:00+00:00,25504.30078125,25530.25,25503.05078125,25528.849609375,0,25593.37490234375,25572.0859765625,28.127973898648392,-10.814400520499476,2.897684614338462,-13.712085134837938
2026-02-25 07:15:00+00:00,25467.849609375,25505.150390625,25467.849609375,25504.5,0,25585.71484375,25573.186953125,23.30763558238216,-18.23156805300096,-1.3281659191294215,-16.903402133871534
2026-02-25 07:20:00+00:00,25480.099609375,25490.849609375,25461.900390625,25464.25,0,25578.91982421875,25574.291953125,27.78648859681184,-22.857764062191563,-5.63408554774185,-17.223678514449713
2026-02-25 07:25:00+00:00,25472.19921875,25491.44921875,25465.599609375,25479.0,0,25572.1748046875,25575.5989453125,26.70336543822951,-26.85201985643289,-9.87767240948006,-16.97434744695283
2026-02-25 07:30:00+00:00,25462.05078125,25472.44921875,25440.30078125,25471.650390625,0,25564.84736328125,25576.5649609375,25.33709612956679,-30.484978585751374,-13.999133644734323,-16.485844941017056
2026-02-25 07:35:00+00:00,25463.150390625,25469.900390625,25444.900390625,25461.19921875,0,25557.33984375,25577.403984375,25.780208606299094,-32.89618848239115,-17.77854461226569,-15.117643870125464
2026-02-25 07:40:00+00:00,25462.599609375,25476.5,25461.400390625,25463.80078125,0,25550.3623046875,25577.9449609375,25.69794025127908,-34.45436467226682,-21.11370862426592,-13.340656048000902
2026-02-25 07:45:00+00:00,25478.5,25479.44921875,25457.69921875,25462.400390625,0,25544.02978515625,25578.69296875,32.40418676392096,-34.014108421630226,-23.69378858373878,-10.320319837891446
2026-02-25 07:50:00+00:00,25456.349609375,25485.19921875,25455.0,25478.44921875,0,25537.447265625,25578.6149609375,28.53974295577977,-35.04853587145044,-25.964738041281112,-9.083797830169328
2026-02-25 07:55:00+00:00,25460.30078125,25461.150390625,25428.400390625,25455.69921875,0,25529.57978515625,25576.5849609375,30.140194241133443,-35.144378015938855,-27.80066603621266,-7.343711979726194
2026-02-25 08:00:00+00:00,25461.25,25480.94921875,25460.099609375,25460.099609375,0,25522.26982421875,25574.4399609375,30.54265278146032,-34.74324112896284,-29.1891810547627,-5.554060074200137
2026-02-25 08:05:00+00:00,25466.400390625,25479.25,25460.099609375,25461.30078125,0,25515.83486328125,25572.1099609375,32.80464733789094,-33.62216834852006,-30.075778513514173,-3.54638983500589
2026-02-25 08:10:00+00:00,25462.05078125,25469.400390625,25461.75,25467.30078125,0,25508.36494140625,25569.7699609375,31.860962398999614,-32.707653745914286,-30.6021535599942,-2.1055001859200893
2026-02-25 08:15:00+00:00,25467.400390625,25469.849609375,25450.5,25462.349609375,0,25501.4099609375,25567.733984375,34.36190717933475,-31.19166744050017,-30.72005633609539,-0.4716111044047792
2026-02-25 08:20:00+00:00,25473.19921875,25474.80078125,25463.19921875,25467.55078125,0,25495.0599609375,25565.96296875,37.05869453123835,-29.185883704740263,-30.413221809824364,1.227338105084101
2026-02-25 08:25:00+00:00,25472.650390625,25474.69921875,25466.05078125,25473.80078125,0,25488.35498046875,25563.8969921875,36.904152438081816,-27.325579218551862,-29.79569329156987,2.470114073018003
2026-02-25 08:30:00+00:00,25443.900390625,25473.05078125,25439.30078125,25473.05078125,0,25480.5775390625,25561.295,29.87568392764635,-27.850120384999173,-29.406578710255733,1.5564583252565605
2026-02-25 08:35:00+00:00,25435.650390625,25453.5,25430.150390625,25445.30078125,0,25472.73505859375,25557.996015625,28.21507466995681,-28.60182505517878,-29.245627979240343,0.6438029240615641
2026-02-25 08:40:00+00:00,25457.099609375,25464.94921875,25436.30078125,25436.400390625,0,25468.780078125,25554.7740234375,37.88240280596302,-27.15377194714165,-28.827256772820604,1.6734848256789547
2026-02-25 08:45:00+00:00,25493.80078125,25495.75,25454.849609375,25457.30078125,0,25467.04013671875,25552.053046875,50.23254085609783,-22.78208389871361,-27.61822219799921,4.836138299285597
2026-02-25 08:50:00+00:00,25473.0,25502.44921875,25472.400390625,25494.19921875,0,25465.47509765625,25548.878046875,44.79646725097557,-20.75666887332045,-26.245911533063456,5.489242659743006
2026-02-25 08:55:00+00:00,25448.55078125,25475.650390625,25448.55078125,25473.349609375,0,25464.51015625,25545.0610546875,39.39937831887863,-20.88362704290193,-25.17345463503116,4.289827592129221
2026-02-25 09:00:00+00:00,25475.69921875,25480.849609375,25449.5,25449.5,0,25464.29013671875,25541.95703125,47.03077399786893,-18.579418320576224,-23.85464737214017,5.275229051563947
2026-02-25 09:05:00+00:00,25477.94921875,25482.599609375,25474.900390625,25476.349609375,0,25464.57763671875,25538.81203125,47.61950760966924,-16.382908144161775,-22.36029952654449,5.97739138238272
2026-02-25 09:10:00+00:00,25471.44921875,25478.599609375,25457.94921875,25478.25,0,25465.04755859375,25535.375,46.027914594165935,-14.993814323392144,-20.887002485914024,5.893188162521881
2026-02-25 09:15:00+00:00,25450.349609375,25473.349609375,25446.150390625,25471.599609375,0,25464.40751953125,25531.7009765625,41.212617728294255,-15.417782997163158,-19.79315858816385,4.375375591000694
2026-02-25 09:20:00+00:00,25458.349609375,25460.69921875,25439.94921875,25451.05078125,0,25464.19501953125,25528.4699609375,43.62096793219139,-14.936074317101884,-18.82174173395146,3.885667416849575
2026-02-25 09:25:00+00:00,25468.25,25473.55078125,25452.599609375,25459.599609375,0,25463.68251953125,25525.50296875,46.53982557925266,-13.598680807743222,-17.777129548709812,4.178448740966591
2026-02-25 09:30:00+00:00,25501.0,25506.55078125,25469.80078125,25469.80078125,0,25465.9150390625,25523.1199609375,54.86433747937616,-9.783359046192343,-16.17837544820632,6.395016402013976
2026-02-25 09:35:00+00:00,25483.349609375,25501.400390625,25480.25,25499.900390625,0,25467.06748046875,25520.5399609375,50.31686881720985,-8.09066393761168,-14.560833146087392,6.470169208475713
2026-02-25 09:40:00+00:00,25478.5,25485.75,25469.5,25482.69921875,0,25467.92998046875,25517.8089453125,49.11236672244768,-7.0591404387232615,-13.060494604614568,6.001354165891307
2026-02-25 09:45:00+00:00,25481.400390625,25485.19921875,25473.099609375,25477.05078125,0,25468.67998046875,25515.0159375,49.88503976349099,-5.939150520061958,-11.636225787704047,5.69707526764209
2026-02-25 09:50:00+00:00,25475.05078125,25482.80078125,25473.80078125,25481.25,0,25469.32998046875,25512.196953125,48.16097346395991,-5.500504459629156,-10.40908152208907,4.908577062459914
2026-02-25 09:55:00+00:00,25478.650390625,25488.25,25471.05078125,25475.849609375,0,25469.89248046875,25509.62796875,49.23216065180802,-4.80700375604647,-9.288665968880547,4.481662212834079
2026-02-26 03:45:00+00:00,25535.099609375,25566.94921875,25525.80078125,25551.55078125,0,25472.9875,25508.15796875,62.36565157515802,0.2941895018120704,-7.372094874742025,7.666284376554096
2026-02-26 03:50:00+00:00,25498.44921875,25543.099609375,25489.150390625,25534.30078125,0,25474.27744140625,25505.8609375,52.812743812308014,1.363820414648217,-5.624911816863977,6.988732231512194
2026-02-26 03:55:00+00:00,25504.44921875,25519.0,25488.30078125,25499.099609375,0,25477.3048828125,25503.9069140625,54.05353736335504,2.664940697752172,-3.966941313940748,6.63188201169292
2026-02-26 04:00:00+00:00,25518.80078125,25519.69921875,25492.099609375,25505.150390625,0,25481.46240234375,25502.179921875,56.968254315430414,4.798821224998392,-2.2137888061529205,7.012610031151312
2026-02-26 04:05:00+00:00,25545.0,25547.44921875,25516.400390625,25518.849609375,0,25485.857421875,25501.319921875,61.739861474440055,8.505943689651758,-0.0698423069919849,8.575785996643743
2026-02-26 04:10:00+00:00,25555.900390625,25556.30078125,25538.80078125,25543.30078125,0,25488.96240234375,25500.084921875,63.55079369784923,12.182997366351628,2.3807256276767377,9.802271738674891
2026-02-26 04:15:00+00:00,25557.19921875,25565.599609375,25547.05078125,25555.30078125,0,25493.17236328125,25499.079921875,63.77083705618895,15.028652520559262,4.9103110062532425,10.11834151430602
2026-02-26 04:20:00+00:00,25510.599609375,25559.44921875,25508.19921875,25557.30078125,0,25496.2748046875,25497.389921875,51.70926695707463,13.369539970201004,6.602156799042795,6.767383171158208
2026-02-26 04:25:00+00:00,25518.349609375,25520.599609375,25500.099609375,25509.80078125,0,25498.40732421875,25495.5279296875,53.29153984788827,12.53553965330866,7.788833369895968,4.746706283412692
2026-02-26 04:30:00+00:00,25543.80078125,25543.80078125,25516.75,25517.94921875,0,25501.69990234375,25494.2739453125,58.14203890073144,13.769558361967938,8.984978368310363,4.784579993657575
2026-02-26 04:35:00+00:00,25563.30078125,25563.30078125,25540.25,25543.25,0,25506.29248046875,25493.5359765625,61.44555789434968,16.13501964810348,10.414986624268987,5.7200330238344925
2026-02-26 04:40:00+00:00,25558.25,25572.25,25556.25,25561.94921875,0,25511.6875,25492.5659765625,60.12200642250684,17.401515089972236,11.812292317409636,5.589222772562598
2026-02-26 04:45:00+00:00,25560.75,25562.0,25544.5,25558.599609375,0,25516.80751953125,25491.7919921875,60.57468675752388,18.394905933717386,13.128815040671189,5.266090893046195
2026-02-26 04:50:00+00:00,25538.400390625,25561.69921875,25534.80078125,25560.55078125,0,25520.3150390625,25490.71,54.60681121303213,17.180700223729218,13.939192077282794,3.2415081464464244
2026-02-26 04:55:00+00:00,25526.94921875,25550.25,25519.55078125,25537.650390625,0,25521.6125,25490.525,51.79134420102511,15.120124201959698,14.175378502218177,0.9447456997415228
2026-02-26 05:00:00+00:00,25536.599609375,25544.349609375,25523.55078125,25526.55078125,0,25524.275,25490.685,53.94634470384489,14.103235411948845,14.16094988416431,-0.0577144722154656
2026-02-26 05:05:00+00:00,25529.30078125,25542.30078125,25523.19921875,25538.94921875,0,25526.8150390625,25491.185,52.05118462732666,12.563564339579898,13.841472775247428,-1.2779084356675303
2026-02-26 05:10:00+00:00,25531.80078125,25539.849609375,25521.55078125,25527.599609375,0,25529.33505859375,25492.4640234375,52.664581632060425,11.413525016901986,13.355883223578342,-1.9423582066763565
2026-02-26 05:15:00+00:00,25548.150390625,25551.55078125,25527.099609375,25532.80078125,0,25532.9900390625,25493.8250390625,56.576920336145314,11.686670739683905,13.022040726799457,-1.3353699871155502
2026-02-26 05:20:00+00:00,25525.75,25548.05078125,25525.75,25545.44921875,0,25535.34501953125,25494.8960546875,50.42729328973627,9.980566618047304,12.413745905049026,-2.433179287001721
2026-02-26 05:25:00+00:00,25509.94921875,25528.650390625,25505.44921875,25527.150390625,0,25534.0875,25495.8540234375,46.58113467894222,7.269675521409226,11.384931828321069,-4.11525630691184
2026-02-26 05:30:00+00:00,25521.80078125,25523.44921875,25491.69921875,25506.900390625,0,25535.255078125,25497.02703125,49.68121813268034,6.008336479633726,10.3096127585836,-4.301276278949873
2026-02-26 05:35:00+00:00,25513.55078125,25522.55078125,25509.5,25520.75,0,25535.71015625,25498.0460546875,47.609935607650094,4.293517156540474,9.106393638174977,-4.8128764816345
2026-02-26 05:40:00+00:00,25523.25,25530.44921875,25510.19921875,25513.25,0,25535.9326171875,25498.9410546875,50.23671520370512,3.6747956252693257,8.020074035593845,-4.34527841032452
2026-02-26 05:45:00+00:00,25534.44921875,25538.849609375,25517.44921875,25523.5,0,25535.405078125,25500.503046875,53.1571889596668,4.041549247489456,7.224369077972968,-3.182819830483512
2026-02-26 05:50:00+00:00,25540.650390625,25541.099609375,25526.05078125,25533.69921875,0,25534.642578125,25502.1100390625,54.74105842355384,4.77751466520931,6.734998195420237,-1.9574835302109277
2026-02-26 05:55:00+00:00,25536.75,25570.849609375,25535.19921875,25541.400390625,0,25533.6201171875,25503.6200390625,53.51538682050485,4.988538863817666,6.385706329099723,-1.397167465282057
2026-02-26 06:00:00+00:00,25521.349609375,25537.25,25512.55078125,25535.349609375,0,25534.1576171875,25504.7190234375,48.86325860057493,3.868500577955274,5.882265178870834,-2.01376460091556
2026-02-26 06:05:00+00:00,25502.75,25524.0,25495.75,25522.099609375,0,25533.37763671875,25505.5330078125,43.89971872952219,1.4631627049566305,4.9984446840879935,-3.535281979131363
2026-02-26 06:10:00+00:00,25461.349609375,25501.75,25458.599609375,25501.69921875,0,25529.255078125,25505.4119921875,35.303425284313775,-3.7406307520104742,3.2506295968683,-6.991260348878775
2026-02-26 06:15:00+00:00,25483.349609375,25490.44921875,25452.349609375,25460.349609375,0,25525.25751953125,25505.615,41.8227904356284,-6.020062882089405,1.3964911010767591,-7.416553983166164
2026-02-26 06:20:00+00:00,25469.650390625,25490.650390625,25463.05078125,25483.94921875,0,25520.8275390625,25505.555,39.17552980919825,-8.830153221817454,-0.6488377635020837,-8.181315458315371
2026-02-26 06:25:00+00:00,25453.400390625,25470.650390625,25446.75,25468.900390625,0,25515.46005859375,25505.745,36.24482579386249,-12.22745872192172,-2.9645619551860114,-9.26289676673571
2026-02-26 06:30:00+00:00,25470.19921875,25472.44921875,25450.900390625,25453.30078125,0,25512.05,25506.4359765625,41.14645039329741,-13.40974359411848,-5.053598282972505,-8.356145311145976
2026-02-26 06:35:00+00:00,25472.55078125,25481.69921875,25466.849609375,25469.75,0,25509.330078125,25506.745,41.82075313840065,-13.99562853849784,-6.842004334077573,-7.153624204420267
2026-02-26 06:40:00+00:00,25459.30078125,25475.30078125,25456.25,25471.849609375,0,25505.46513671875,25506.055,39.1022604682984,-15.35214091898888,-8.544031651059836,-6.808109267929044
2026-02-26 06:45:00+00:00,25447.400390625,25468.5,25440.349609375,25458.05078125,0,25501.3701171875,25505.5430078125,36.78920152015481,-17.18930125647603,-10.273085572143074,-6.916215684332954
2026-02-26 06:50:00+00:00,25432.400390625,25446.75,25401.599609375,25446.69921875,0,25496.40009765625,25505.22,34.054709025419186,-19.629363614832982,-12.144341180681057,-7.485022434151926
2026-02-26 06:55:00+00:00,25430.69921875,25445.44921875,25425.25,25432.849609375,0,25490.5275390625,25504.32,33.74833611799116,-21.45310294984301,-14.00609353451345,-7.447009415329564
2026-02-26 07:00:00+00:00,25436.099609375,25445.400390625,25426.400390625,25430.849609375,0,25486.04501953125,25503.4830078125,35.7251947681855,-22.20667835676068,-15.646210498962896,-6.56046785779778
2026-02-26 07:05:00+00:00,25445.400390625,25449.69921875,25431.30078125,25435.400390625,0,25482.817578125,25502.96203125,39.09577881082825,-21.8020762156666,-16.877383642303638,-4.9246925733629645
2026-02-26 07:10:00+00:00,25459.94921875,25461.150390625,25438.349609375,25445.25,0,25479.725,25503.1540234375,44.03934597777446,-20.07603324938464,-17.51711356371984,-2.5589196856647973
2026-02-26 07:15:00+00:00,25452.599609375,25460.69921875,25441.80078125,25457.44921875,0,25476.67744140625,25503.0390234375,42.17687969416408,-19.081227305727225,-17.829936312121315,-1.2512909936059096
2026-02-26 07:20:00+00:00,25430.75,25452.75,25426.650390625,25451.55078125,0,25472.05244140625,25502.2890234375,37.14722634504447,-19.82735983784005,-18.229421017265064,-1.597938820574985
2026-02-26 07:25:00+00:00,25414.80078125,25432.349609375,25412.05078125,25432.25,0,25466.07001953125,25500.5650390625,33.96336101789602,-21.458286139775737,-18.8751940417672,-2.5830920980085352
2026-02-26 07:30:00+00:00,25451.75,25452.25,25413.75,25415.400390625,0,25461.625,25499.933046875,45.59669309625229,-19.544022502945158,-19.008959734002797,-0.5350627689423604
2026-02-26 07:35:00+00:00,25436.599609375,25453.30078125,25430.5,25451.349609375,0,25456.61748046875,25499.0950390625,42.30573985050856,-19.03009756665051,-19.013187300532337,-0.0169102661181739
2026-02-26 07:40:00+00:00,25428.55078125,25437.400390625,25427.05078125,25436.69921875,0,25451.9775390625,25498.038046875,40.62806419632468,-19.052654375063867,-19.021080715438643,-0.0315736596252236
2026-02-26 07:45:00+00:00,25420.650390625,25430.80078125,25403.400390625,25428.19921875,0,25447.87255859375,25496.9500390625,38.993501664178034,-19.48343341299187,-19.11355125494929,-0.3698821580425822
2026-02-26 07:50:00+00:00,25438.05078125,25438.30078125,25414.099609375,25420.349609375,0,25446.7076171875,25496.138046875,44.308011898450815,-18.21083957902374,-18.93300891976418,0.7221693407404395
2026-02-26 07:55:00+00:00,25438.0,25454.75,25432.0,25437.5,0,25444.44013671875,25494.1960546875,44.29588416629253,-17.010313118462363,-18.548469759503817,1.5381566410414536
2026-02-26 08:00:00+00:00,25432.849609375,25449.30078125,25430.650390625,25437.30078125,0,25442.60009765625,25492.8840625,43.01003912004811,-16.286737358837854,-18.096123279370627,1.8093859205327725
2026-02-26 08:05:00+00:00,25439.349609375,25447.150390625,25432.80078125,25434.44921875,0,25441.89755859375,25491.5820703125,45.1731387181664,-15.01571091059668,-17.48004080561584,2.4643298950191586
2026-02-26 08:10:00+00:00,25438.19921875,25448.150390625,25435.099609375,25439.349609375,0,25440.29755859375,25489.9700390625,44.84869109939803,-13.940542308293516,-16.772141106151373,2.8315987978578576
2026-02-26 08:15:00+00:00,25418.80078125,25445.19921875,25417.400390625,25438.05078125,0,25437.61005859375,25487.4460546875,39.67408450822939,-14.48676086992782,-16.315065058906665,1.8283041889788445
2026-02-26 08:20:00+00:00,25441.94921875,25447.75,25415.099609375,25418.650390625,0,25436.74248046875,25485.16703125,47.46386623876999,-12.903019590637996,-15.632655965252932,2.729636374614936
2026-02-26 08:25:00+00:00,25440.80078125,25450.900390625,25431.650390625,25443.19921875,0,25436.4125,25482.8390625,47.13865248986845,-11.606766940589296,-14.827478160320206,3.2207112197309105
2026-02-26 08:30:00+00:00,25427.44921875,25447.25,25419.349609375,25440.80078125,0,25436.16494140625,25481.1760546875,43.41432193466633,-11.523995440518776,-14.16678161635992,2.6427861758411453
2026-02-26 08:35:00+00:00,25439.94921875,25440.349609375,25406.150390625,25425.30078125,0,25436.62744140625,25479.608046875,47.589294852644905,-10.330667394129703,-13.399558771913878,3.0688913777841726
2026-02-26 08:40:00+00:00,25453.44921875,25460.55078125,25438.94921875,25440.099609375,0,25437.494921875,25477.801015625,51.73139262539552,-8.201072287767602,-12.359861475084625,4.158789187317021
2026-02-26 08:45:00+00:00,25445.099609375,25463.150390625,25442.19921875,25456.650390625,0,25437.4798828125,25475.4369921875,49.1444211492637,-7.105192285202065,-11.308927637108113,4.203735351906047
2026-02-26 08:50:00+00:00,25430.150390625,25452.400390625,25428.150390625,25446.69921875,0,25435.98994140625,25472.875,44.82255691593255,-7.358156259997486,-10.518773361685987,3.1606171016885014
2026-02-26 08:55:00+00:00,25442.150390625,25449.400390625,25427.0,25429.55078125,0,25435.46748046875,25470.5030078125,48.720938914957785,-6.5152288184799545,-9.71806445304478,3.202835634564826
2026-02-26 09:00:00+00:00,25462.44921875,25462.5,25431.849609375,25441.650390625,0,25437.05244140625,25468.983984375,54.56825586321296,-4.161288222498115,-8.606709206935449,4.445420984437334
2026-02-26 09:05:00+00:00,25471.25,25478.0,25459.0,25462.44921875,0,25439.87490234375,25467.87,56.86484284364305,-1.5675540578668006,-7.19887817712172,5.631324119254919
2026-02-26 09:10:00+00:00,25513.0,25513.0,25472.099609375,25473.80078125,0,25442.93740234375,25467.3980078125,65.71818473360796,3.8129220432856528,-4.9965181330402455,8.809440176325898
2026-02-26 09:15:00+00:00,25510.650390625,25527.150390625,25503.69921875,25514.80078125,0,25446.63994140625,25467.025,64.91073361874794,7.797509442556475,-2.437712617920901,10.235222060477376
2026-02-26 09:20:00+00:00,25504.55078125,25522.150390625,25486.44921875,25510.0,0,25450.43994140625,25466.48,62.75512016524936,10.343898144918056,0.1186095346468902,10.225288610271168
2026-02-26 09:25:00+00:00,25501.849609375,25511.599609375,25492.05078125,25504.69921875,0,25454.49990234375,25465.553984375,61.77672537638036,12.005574749109655,2.496002577539443,9.509572171570213
2026-02-26 09:30:00+00:00,25486.0,25524.849609375,25477.55078125,25503.650390625,0,25456.89736328125,25464.758984375,56.23642051906658,11.906286158387957,4.378059293709146,7.52822686467881
2026-02-26 09:35:00+00:00,25503.30078125,25507.25,25485.25,25485.25,0,25460.16240234375,25464.626015625,60.41015150674083,13.072931081223942,6.117033651212106,6.955897430011836
2026-02-26 09:40:00+00:00,25486.150390625,25504.0,25475.5,25500.94921875,0,25462.82744140625,25463.9130078125,54.8279371623631,12.469867525542211,7.387600426078127,5.082267099464086
2026-02-26 09:45:00+00:00,25496.099609375,25502.30078125,25483.80078125,25486.94921875,0,25465.66494140625,25463.563984375,57.29336117965782,12.64894495313638,8.439869331489778,4.209075621646601
2026-02-26 09:50:00+00:00,25498.599609375,25503.25,25492.69921875,25496.849609375,0,25468.6849609375,25463.0709765625,57.91492470286725,12.84453045961709,9.32080155711524,3.523728902501849
2026-02-26 09:55:00+00:00,25493.30078125,25501.849609375,25482.94921875,25499.0,0,25472.4099609375,25462.2480078125,56.05278678109487,12.42869201216672,9.942379648125538,2.486312364041183
2026-02-27 03:45:00+00:00,25395.400390625,25470.150390625,25379.55078125,25470.150390625,0,25470.08251953125,25459.3430078125,34.1837293549858,4.151537372286839,8.784211192957798,-4.632673820670959
2026-02-27 03:50:00+00:00,25399.650390625,25417.30078125,25381.30078125,25394.80078125,0,25468.025,25456.601015625,35.36270602431664,-2.041692472314025,6.619030459903433,-8.660722932217459
2026-02-27 03:55:00+00:00,25364.55078125,25417.69921875,25363.5,25398.44921875,0,25464.880078125,25453.4650390625,30.50297554581776,-9.670639765412488,3.361096414840249,-13.031736180252738
2026-02-27 04:00:00+00:00,25367.19921875,25383.55078125,25364.05078125,25365.099609375,0,25461.242578125,25450.7540234375,31.270482146551444,-15.326257134471234,-0.3763742950220474,-14.949882839449186
2026-02-27 04:05:00+00:00,25383.400390625,25383.400390625,25351.75,25367.150390625,0,25457.74013671875,25449.1950390625,35.931710927334535,-18.290237007557156,-3.959146837529069,-14.331090170028084
2026-02-27 04:10:00+00:00,25363.849609375,25383.650390625,25358.05078125,25383.099609375,0,25453.67763671875,25446.8050390625,33.02130402138863,-21.9636141929368,-7.560040308610615,-14.403573884326187
2026-02-27 04:15:00+00:00,25347.349609375,25363.80078125,25346.099609375,25363.80078125,0,25449.53759765625,25444.3590234375,30.75705069377796,-25.907557979855483,-11.22954384285959,-14.678014136995891
2026-02-27 04:20:00+00:00,25336.05078125,25353.900390625,25334.5,25347.44921875,0,25444.2326171875,25442.01203125,29.27662716607783,-29.60363062082979,-14.904361198453632,-14.699269422376158
2026-02-27 04:25:00+00:00,25330.0,25348.150390625,25329.400390625,25336.099609375,0,25437.61015625,25439.208046875,28.48588705109067,-32.644734121640795,-18.452435783091065,-14.19229833854973
2026-02-27 04:30:00+00:00,25327.25,25334.150390625,25322.94921875,25330.30078125,0,25430.41015625,25436.30203125,28.114227912995844,-34.87471852687668,-21.73689233184819,-13.137826195028488
2026-02-27 04:35:00+00:00,25320.0,25328.19921875,25309.400390625,25328.19921875,0,25420.76015625,25433.516015625,27.10999488829715,-36.80277219448544,-24.75006830437564,-12.0527038901098
2026-02-27 04:40:00+00:00,25322.599609375,25332.5,25318.69921875,25319.69921875,0,25411.3576171875,25431.02,28.10169815166026,-37.68657449453167,-27.33736954240685,-10.349204952124818
2026-02-27 04:45:00+00:00,25302.80078125,25324.0,25301.75,25321.94921875,0,25401.2701171875,25428.4280078125,25.280605745672744,-39.52892925815832,-29.775681485557143,-9.75324777260117
2026-02-27 04:50:00+00:00,25314.80078125,25319.75,25292.650390625,25303.099609375,0,25391.91767578125,25426.1100390625,29.875554093919064,-39.56463251447349,-31.733471691340416,-7.831160823133072
2026-02-27 04:55:00+00:00,25324.30078125,25333.0,25314.900390625,25314.900390625,0,25383.83271484375,25423.8740625,33.368974337168126,-38.38389139033825,-33.063555631139984,-5.320335759198265
2026-02-27 05:00:00+00:00,25327.0,25337.05078125,25319.150390625,25324.349609375,0,25375.01767578125,25421.5060546875,34.36940476699641,-36.80606375586285,-33.81205725608456,-2.994006499778294
2026-02-27 05:05:00+00:00,25335.30078125,25346.44921875,25323.44921875,25327.349609375,0,25367.4751953125,25419.0130859375,37.47830447515847,-34.48826110770824,-33.9472980264093,-0.5409630812989406
2026-02-27 05:10:00+00:00,25315.25,25337.5,25313.94921875,25335.19921875,0,25358.43271484375,25416.26609375,33.36670582587044,-33.87878276675838,-33.933594974479114,0.0548122077207366
2026-02-27 05:15:00+00:00,25322.900390625,25326.650390625,25307.650390625,25315.25,0,25349.64775390625,25414.1091015625,36.240861041682685,-32.40490068035433,-33.62785611565416,1.2229554352998306
2026-02-27 05:20:00+00:00,25310.900390625,25325.75,25308.05078125,25322.900390625,0,25340.527734375,25412.03109375,33.77961015355092,-31.83812809778101,-33.269910512079534,1.4317824142985245
2026-02-27 05:25:00+00:00,25304.650390625,25318.0,25304.25,25310.80078125,0,25335.990234375,25409.0891015625,32.540073530016215,-31.529823332544765,-32.92189307617258,1.3920697436278149
2026-02-27 05:30:00+00:00,25322.94921875,25322.94921875,25305.150390625,25305.349609375,0,25332.15517578125,25406.81609375,39.5357735010162,-29.469224212116387,-32.231359303361344,2.762135091244957
2026-02-27 05:35:00+00:00,25336.599609375,25338.19921875,25322.44921875,25322.44921875,0,25330.7576171875,25404.9770703125,44.18561293780841,-26.43004303699854,-31.071096050088784,4.641053013090243
2026-02-27 05:40:00+00:00,25335.0,25337.25,25322.55078125,25335.55078125,0,25329.14765625,25403.2640625,43.76091573443007,-23.8753252797178,-29.631941896014588,5.756616616296789
2026-02-27 05:45:00+00:00,25325.349609375,25341.650390625,25322.5,25334.55078125,0,25326.2451171875,25401.0100390625,41.188784469372855,-22.371514035072323,-28.179856323826137,5.808342288753813
2026-02-27 05:50:00+00:00,25319.25,25327.05078125,25312.30078125,25325.55078125,0,25324.01513671875,25398.6350390625,39.6042898420091,-21.42494683872428,-26.82887442680577,5.403927588081487
2026-02-27 05:55:00+00:00,25306.849609375,25321.19921875,25302.80078125,25319.25,0,25321.99013671875,25396.1150390625,36.527814031754936,-21.42838037475667,-25.748775616395957,4.320395241639282
2026-02-27 06:00:00+00:00,25284.5,25308.75,25284.5,25307.900390625,0,25319.41259765625,25393.018046875,31.741913841578462,-22.96974722208324,-25.19296993753341,2.22322271545017
2026-02-27 06:05:00+00:00,25281.849609375,25291.099609375,25272.19921875,25284.55078125,0,25317.005078125,25389.8910546875,31.21952856504815,-24.12703449167384,-24.979782848361506,0.8527483566876626
2026-02-27 06:10:00+00:00,25295.099609375,25296.349609375,25279.150390625,25282.30078125,0,25315.39755859375,25387.41703125,36.8176731408221,-23.70180902492575,-24.72418808367436,1.022379058748605
2026-02-27 06:15:00+00:00,25302.0,25305.5,25295.150390625,25295.150390625,0,25314.49755859375,25384.618046875,39.57591002618679,-22.54809057206512,-24.288968581352517,1.7408780092873926
2026-02-27 06:20:00+00:00,25306.80078125,25314.19921875,25297.55078125,25302.25,0,25313.7076171875,25381.938046875,41.48968685878283,-21.00425350133446,-23.632025565348904,2.627772064014444
2026-02-27 06:25:00+00:00,25313.400390625,25317.75,25298.400390625,25306.44921875,0,25314.23759765625,25379.6570703125,44.11030596611439,-19.0288652649906,-22.711393505277243,3.682528240286644
2026-02-27 06:30:00+00:00,25312.80078125,25328.80078125,25309.849609375,25313.400390625,0,25314.13759765625,25377.1141015625,43.91784292273019,-17.312175340332033,-21.631549872288204,4.319374531956171
2026-02-27 06:35:00+00:00,25293.099609375,25315.75,25290.349609375,25312.650390625,0,25312.5775390625,25373.907109375,38.04424073924677,-17.341504063577304,-20.773540710546023,3.4320366469687222
2026-02-27 06:40:00+00:00,25284.94921875,25297.099609375,25284.80078125,25292.69921875,0,25310.475,25370.7041015625,35.90486125104816,-17.8170320411773,-20.18223897667228,2.3652069354949816
2026-02-27 06:45:00+00:00,25284.55078125,25288.44921875,25278.75,25285.349609375,0,25307.9375,25367.792109375,35.79887859602597,-18.01833778384025,-19.74945873810588,1.7311209542656236
2026-02-27 06:50:00+00:00,25272.94921875,25298.75,25270.19921875,25284.400390625,0,25305.8224609375,25364.4080859375,32.766058140028164,-18.89619954480077,-19.578806899444853,0.6826073546440874
2026-02-27 06:55:00+00:00,25300.599609375,25313.150390625,25273.19921875,25273.19921875,0,25304.707421875,25361.17109375,44.77449421867996,-17.162912503728876,-19.09562802030166,1.9327155165727845
2026-02-27 07:00:00+00:00,25290.900390625,25309.05078125,25289.69921875,25300.55078125,0,25303.707421875,25357.5641015625,41.94445411658651,-16.383062186610914,-18.55311485356351,2.1700526669525964
2026-02-27 07:05:00+00:00,25282.25,25294.349609375,25282.25,25290.400390625,0,25302.58740234375,25352.9491015625,39.5438294003379,-16.275426436030102,-18.09757717005683,1.822150734026728
2026-02-27 07:10:00+00:00,25277.19921875,25286.5,25274.44921875,25282.55078125,0,25300.29990234375,25348.280078125,38.170163033354285,-16.408532811659825,-17.75976829837743,1.3512354867176055
2026-02-27 07:15:00+00:00,25282.25,25293.69921875,25269.650390625,25276.75,0,25297.582421875,25343.8340625,40.3998038871821,-15.922915281895255,-17.392397695080998,1.469482413185741
2026-02-27 07:20:00+00:00,25283.30078125,25295.099609375,25281.25,25282.150390625,0,25294.9974609375,25339.4630859375,40.87747417736088,-15.277164977582288,-16.969351151581257,1.6921861739989694
2026-02-27 07:25:00+00:00,25276.94921875,25285.55078125,25273.69921875,25283.19921875,0,25292.57744140625,25335.2820703125,38.85058036512797,-15.103813856225315,-16.59624369251007,1.492429836284753
2026-02-27 07:30:00+00:00,25278.69921875,25283.55078125,25274.25,25277.150390625,0,25290.54990234375,25330.7900390625,39.73720213615962,-14.656273076176149,-16.208249569243286,1.5519764930671371
2026-02-27 07:35:00+00:00,25293.05078125,25296.849609375,25278.900390625,25278.900390625,0,25289.8599609375,25326.928046875,46.57807342327026,-12.993758669283125,-15.565351389251257,2.5715927199681303
2026-02-27 07:40:00+00:00,25289.69921875,25295.69921875,25287.349609375,25293.30078125,0,25290.119921875,25322.8000390625,45.28521380770187,-11.8105029810431,-14.814381707609623,3.0038787265665245
2026-02-27 07:45:00+00:00,25284.25,25292.94921875,25283.55078125,25288.80078125,0,25290.23994140625,25318.513046875,43.18633297863124,-11.1835536899016,-14.08821610406802,2.9046624141664203
2026-02-27 07:50:00+00:00,25286.94921875,25290.69921875,25281.650390625,25284.0,0,25289.832421875,25314.386015625,44.55710669133697,-10.349583904084284,-13.340489664071274,2.9909057599869904
2026-02-27 07:55:00+00:00,25300.75,25300.94921875,25287.55078125,25287.55078125,0,25289.769921875,25312.4930078125,51.05895003785015,-8.477327773831348,-12.367857286023291,3.890529512191943
2026-02-27 08:00:00+00:00,25293.0,25302.099609375,25293.0,25300.19921875,0,25289.0798828125,25310.36,47.677617567317554,-7.532086329629237,-11.40070309474448,3.868616765115243
2026-02-27 08:05:00+00:00,25296.5,25307.150390625,25286.94921875,25292.75,0,25288.23486328125,25308.998984375,49.31024544770828,-6.426474527714163,-10.405857381338418,3.979382853624255
2026-02-27 08:10:00+00:00,25300.75,25313.75,25295.80078125,25296.349609375,0,25287.63232421875,25307.67,51.29751328360618,-5.147986938998656,-9.354283292870466,4.20629635387181
2026-02-27 08:15:00+00:00,25327.650390625,25328.55078125,25300.25,25300.25,0,25289.35986328125,25306.555,61.56786032866847,-1.9417562491107676,-7.871777884118527,5.930021635007759
2026-02-27 08:20:00+00:00,25321.05078125,25328.30078125,25312.099609375,25327.19921875,0,25291.16494140625,25305.6990234375,58.31859368013848,0.0659115634698537,-6.284239994600851,6.350151558070705
2026-02-27 08:25:00+00:00,25343.150390625,25343.94921875,25320.650390625,25321.150390625,0,25294.094921875,25305.6150390625,64.98299755773179,3.4010513489592995,-4.347181725888821,7.74823307484812
2026-02-27 08:30:00+00:00,25325.80078125,25352.05078125,25323.94921875,25342.599609375,0,25296.7375,25305.4100390625,57.24472212655936,4.591279762389604,-2.559489428233136,7.15076919062274
2026-02-27 08:35:00+00:00,25332.0,25332.44921875,25315.69921875,25325.599609375,0,25298.30751953125,25305.4500390625,59.118026054274566,5.965997197272372,-0.8543921031320347,6.820389300404408
2026-02-27 08:40:00+00:00,25324.55078125,25340.30078125,25320.19921875,25331.94921875,0,25299.9900390625,25305.3960546875,55.94593602793598,6.38082677220882,0.5926516719361363,5.788175100272684
2026-02-27 08:45:00+00:00,25323.75,25327.349609375,25320.69921875,25324.19921875,0,25302.0650390625,25305.4710546875,55.60055967874137,6.569239738077158,1.7879692851643407,4.781270452912818
2026-02-27 08:50:00+00:00,25318.5,25328.900390625,25316.900390625,25323.19921875,0,25304.130078125,25305.3890625,53.27833218561796,6.223190184406121,2.675013465012697,3.548176719393424
2026-02-27 08:55:00+00:00,25293.55078125,25319.05078125,25291.05078125,25318.650390625,0,25304.6951171875,25305.2040625,43.89560713096003,3.890898124584055,2.9181903969269687,0.9727077276570864
2026-02-27 09:00:00+00:00,25293.94921875,25303.94921875,25287.0,25293.55078125,0,25305.2275390625,25304.78703125,44.06502132138237,2.0510472443893377,2.744761766419443,-0.6937145220301053
2026-02-27 09:05:00+00:00,25298.25,25310.099609375,25293.69921875,25293.75,0,25306.292578125,25304.266015625,45.96183782084345,0.9292771417312906,2.3816648414818125,-1.4523876997505218
2026-02-27 09:10:00+00:00,25293.80078125,25303.349609375,25289.650390625,25298.650390625,0,25307.04765625,25303.60203125,44.28861035845366,-0.3151160542765865,1.8423086623301328,-2.1574247166067195
2026-02-27 09:15:00+00:00,25300.75,25301.0,25287.80078125,25294.099609375,0,25307.4326171875,25302.911015625,47.50321252496338,-0.7321232898430026,1.3274222718955058,-2.059545561738508
2026-02-27 09:20:00+00:00,25300.5,25304.94921875,25290.5,25301.55078125,0,25307.97265625,25302.616015625,47.39725662220153,-1.070438095026475,0.8478501985111098,-1.918288293537585
2026-02-27 09:25:00+00:00,25312.400390625,25314.80078125,25294.69921875,25300.55078125,0,25309.38017578125,25302.406015625,52.79481971638097,-0.3739819170950795,0.6034837753898719,-0.9774656924849514
2026-02-27 09:30:00+00:00,25183.5,25309.44921875,25179.650390625,25309.44921875,0,25304.20771484375,25299.8580078125,24.031231578399527,-10.106715708836418,-1.538556121455386,-8.568159587381032
2026-02-27 09:35:00+00:00,25168.19921875,25190.900390625,25142.349609375,25183.55078125,0,25297.58017578125,25297.128984375,22.466529037430035,-18.83747583673903,-4.998340064512115,-13.839135772226916
2026-02-27 09:40:00+00:00,25167.900390625,25189.5,25162.69921875,25167.849609375,0,25291.3251953125,25294.0280078125,22.435804175003383,-25.48698102000344,-9.09606825561038,-16.39091276439306
2026-02-27 09:45:00+00:00,25170.25,25189.099609375,25166.349609375,25168.80078125,0,25285.0126953125,25290.701015625,23.32372421161645,-30.21882415053915,-13.320619434596134,-16.898204715943017
2026-02-27 09:50:00+00:00,25166.94921875,25179.19921875,25159.349609375,25170.69921875,0,25278.32265625,25287.34,22.926661466251943,-33.845044775313,-17.425504502739507,-16.419540272573492
2026-02-27 09:55:00+00:00,25181.80078125,25188.19921875,25163.849609375,25167.30078125,0,25271.03017578125,25284.4690234375,28.799953652920607,-35.11566227590811,-20.96353605737323,-14.152126218534878
2026-03-02 03:45:00+00:00,24892.94921875,24939.099609375,24722.0,24723.400390625,0,25249.62509765625,25275.9430078125,11.093473406039436,-58.75327171625395,-28.52148318914937,-30.231788527104573
2026-03-02 03:50:00+00:00,24896.5,24957.05078125,24878.80078125,24893.099609375,0,25227.292578125,25267.736015625,11.811247090342931,-76.31996013286334,-38.081178577892175,-38.23878155497117
2026-03-02 03:55:00+00:00,24889.400390625,24920.150390625,24857.099609375,24896.69921875,0,25205.47255859375,25259.8340234375,11.6094290569433,-89.77964257313943,-48.420871376941626,-41.3587711961978
2026-03-02 04:00:00+00:00,24974.55078125,24975.400390625,24885.44921875,24889.75,0,25187.60009765625,25253.688046875,27.59022140005769,-92.50922423491284,-57.23854194853587,-35.27068228637697
2026-03-02 04:05:00+00:00,24949.80078125,24977.25,24923.80078125,24975.69921875,0,25168.86259765625,25246.7820703125,26.11243075675607,-95.5679081666749,-64.90441519216367,-30.66349297451123
2026-03-02 04:10:00+00:00,24963.650390625,24977.099609375,24936.05078125,24948.55078125,0,25150.8576171875,25240.015078125,28.42278991185661,-95.77040784208656,-71.07761372214826,-24.692794119938316
2026-03-02 04:15:00+00:00,24953.19921875,24988.75,24948.599609375,24964.30078125,0,25132.592578125,25232.943046875,27.71843907075882,-95.67137249128427,-75.99636547597547,-19.675007015308807
2026-03-02 04:20:00+00:00,24884.150390625,24951.099609375,24883.19921875,24949.400390625,0,25112.12255859375,25224.358046875,23.56371570377739,-100.01167726639687,-80.79942783405976,-19.21224943233712
2026-03-02 04:25:00+00:00,24945.099609375,24946.099609375,24886.099609375,24886.69921875,0,25094.680078125,25217.0040234375,33.09647942274499,-97.41042079656836,-84.12162642656148,-13.288794370006883
2026-03-02 04:30:00+00:00,24898.25,24953.25,24894.650390625,24946.19921875,0,25074.680078125,25209.10703125,29.999387059495103,-97.99959985671376,-86.89722111259194,-11.102378744121822
2026-03-02 04:35:00+00:00,24884.650390625,24909.599609375,24874.150390625,24898.94921875,0,25054.22255859375,25201.1010546875,29.1467434524714,-98.42927194962613,-89.20363127999877,-9.225640669627351
2026-03-02 04:40:00+00:00,24884.849609375,24894.0,24865.69921875,24885.25,0,25033.4275390625,25193.10703125,29.178498206318352,-97.62831643040408,-90.88856831007983,-6.739748120324251
2026-03-02 04:45:00+00:00,24876.400390625,24887.849609375,24853.69921875,24885.349609375,0,25012.22255859375,25185.1760546875,28.593192696560777,-96.56222552297186,-92.02329975265825,-4.538925770313611
2026-03-02 04:50:00+00:00,24864.599609375,24876.75,24856.849609375,24876.55078125,0,24989.83251953125,25176.4560546875,27.755756675013004,-95.56791775478268,-92.73222335308311,-2.835694401699556
2026-03-02 04:55:00+00:00,24859.599609375,24873.5,24856.400390625,24863.599609375,0,24973.6375,25167.8300390625,27.389723405623712,-94.09866901611896,-93.0055124856903,-1.0931565304286437
2026-03-02 05:00:00+00:00,24872.69921875,24885.25,24853.30078125,24860.94921875,0,24958.8625,25159.6390234375,29.99451269179214,-90.830215620972,-92.57045311274663,1.7402374917746355
2026-03-02 05:05:00+00:00,24855.5,24878.599609375,24843.69921875,24874.05078125,0,24943.24248046875,25151.2050390625,28.546531529358504,-88.60637681427761,-91.77763785305284,3.171261038775228
2026-03-02 05:10:00+00:00,24813.69921875,24857.80078125,24812.25,24855.25,0,24925.41494140625,25141.8340234375,25.34424085545062,-89.1888289393537,-91.259876070313,2.0710471309593146
2026-03-02 05:15:00+00:00,24818.80078125,24837.94921875,24814.0,24814.80078125,0,24908.00751953125,25132.5440234375,26.42896120327387,-88.22180691268295,-90.652262238787,2.4304553261040525
2026-03-02 05:20:00+00:00,24828.849609375,24834.05078125,24818.30078125,24818.400390625,0,24890.3599609375,25123.58203125,28.6287189356768,-85.65717593694353,-89.65324497841831,3.996069041474783
2026-03-02 05:25:00+00:00,24855.150390625,24859.19921875,24826.650390625,24828.599609375,0,24888.47001953125,25115.1110546875,34.176117549390426,-80.57363150082529,-87.83732228289972,7.263690782074434
2026-03-02 05:30:00+00:00,24854.05078125,24868.69921875,24849.30078125,24856.30078125,0,24886.34755859375,25106.3310546875,34.05693137944222,-75.7602976448834,-85.42191735529646,9.661619710413063
2026-03-02 05:35:00+00:00,24858.19921875,24865.400390625,24842.55078125,24853.75,0,24884.7875,25097.7010546875,34.97821390785457,-70.79487242846153,-82.49650836992949,11.701635941467956
2026-03-02 05:40:00+00:00,24843.19921875,24860.349609375,24839.349609375,24859.30078125,0,24878.219921875,25088.8800390625,33.17350787211235,-67.2943840403459,-79.45608350401277,12.161699463666864
2026-03-02 05:45:00+00:00,24831.55078125,24849.19921875,24831.55078125,24844.80078125,0,24872.307421875,25079.7720703125,31.80131542646916,-64.71416867597873,-76.50770053840596,11.79353186242723
2026-03-02 05:50:00+00:00,24825.150390625,24834.94921875,24819.849609375,24830.0,0,24865.382421875,25070.260078125,31.041531235776148,-62.46572148963969,-73.6993047286527,11.233583239013017
2026-03-02 05:55:00+00:00,24803.0,24829.25,24797.55078125,24825.349609375,0,24857.8724609375,25060.460078125,28.50346786111368,-61.75924022268373,-71.31129182745892,9.552051604775189
2026-03-02 06:00:00+00:00,24808.05078125,24813.80078125,24797.44921875,24802.80078125,0,24854.06748046875,25050.69109375,29.910722733595943,-60.09900892836595,-69.06883524764032,8.969826319274375
2026-03-02 06:05:00+00:00,24822.94921875,24825.44921875,24806.25,24807.650390625,0,24847.9599609375,25041.135078125,34.03518182677314,-56.92488957893511,-66.64004611389929,9.71515653496418
2026-03-02 06:10:00+00:00,24821.599609375,24824.5,24807.69921875,24822.099609375,0,24844.12744140625,25031.0140625,33.8409101449016,-53.89698839115954,-64.09143456935135,10.19444617819181
2026-03-02 06:15:00+00:00,24815.30078125,24842.80078125,24813.650390625,24822.19921875,0,24840.6599609375,25020.8990625,32.89711953352962,-51.41296106152368,-61.55573986778582,10.142778806262143
2026-03-02 06:20:00+00:00,24804.19921875,24821.849609375,24793.650390625,24815.900390625,0,24836.62744140625,25010.1200390625,31.24325864911989,-49.76647784244778,-59.19788746271821,9.43140962027043
2026-03-02 06:25:00+00:00,24784.0,24806.25,24782.69921875,24804.25,0,24832.007421875,24999.2840234375,28.441511590041458,-49.52069245322491,-57.26244846081956,7.741756007594645
2026-03-02 06:30:00+00:00,24773.69921875,24784.599609375,24764.400390625,24784.099609375,0,24827.46240234375,24988.1180078125,27.10655482854561,-49.58550192089388,-55.72705915283442,6.141557231940546
2026-03-02 06:35:00+00:00,24770.75,24779.0,24761.599609375,24775.099609375,0,24823.019921875,24977.0419921875,26.71985838105219,-49.30646693777089,-54.44294070982172,5.136473772050827
2026-03-02 06:40:00+00:00,24744.55078125,24781.19921875,24743.25,24768.69921875,0,24816.6125,24965.4580078125,23.51111410985817,-50.615918894727656,-53.67753634680291,3.0616174520752537
2026-03-02 06:45:00+00:00,24727.44921875,24756.0,24721.69921875,24743.5,0,24810.2099609375,24953.6369921875,21.680866983924886,-52.42925041206036,-53.4278791598544,0.9986287477940436
2026-03-02 06:50:00+00:00,24728.55078125,24736.30078125,24718.55078125,24725.30078125,0,24805.9525390625,24942.3369921875,22.10151955211495,-53.16459347649652,-53.37522202318282,0.2106285466863013
2026-03-02 06:55:00+00:00,24735.650390625,24737.25,24721.44921875,24728.44921875,0,24801.79501953125,24931.171015625,24.90113910323045,-52.568502041496686,-53.2138780268456,0.6453759853489132
2026-03-02 07:00:00+00:00,24734.900390625,24741.25,24724.849609375,24734.55078125,0,24797.09755859375,24919.9040234375,24.799741270108512,-51.56223664893332,-52.883549751263146,1.3213131023298246
2026-03-02 07:05:00+00:00,24695.75,24736.80078125,24691.5,24734.150390625,0,24789.1275390625,24907.9430078125,20.18023813483036,-53.3093563296934,-52.9687110669492,-0.3406452627442036
2026-03-02 07:10:00+00:00,24687.900390625,24712.80078125,24684.25,24695.650390625,0,24780.82001953125,24895.686015625,19.399966662543576,-54.69684792340195,-53.31433843823975,-1.3825094851621955
2026-03-02 07:15:00+00:00,24688.599609375,24707.150390625,24679.099609375,24687.5,0,24772.3400390625,24883.4480078125,19.697815907466563,-55.10480995068792,-53.67243274072939,-1.4323772099585312
2026-03-02 07:20:00+00:00,24698.099609375,24711.80078125,24685.25,24687.599609375,0,24765.08505859375,24871.1619921875,23.81703036047891,-54.038628519632766,-53.74567189651008,-0.2929566231226914
2026-03-02 07:25:00+00:00,24697.05078125,24705.400390625,24687.80078125,24697.80078125,0,24758.36005859375,24861.4330078125,23.6726529067287,-52.67114356203092,-53.53076622961424,0.8596226675833236
2026-03-02 07:30:00+00:00,24697.69921875,24706.650390625,24686.849609375,24698.94921875,0,24751.9875,24852.0230078125,23.97947815612521,-50.94778405322722,-53.01416979433684,2.066385741109613
2026-03-02 07:35:00+00:00,24692.900390625,24702.44921875,24692.25,24699.30078125,0,24746.48251953125,24842.5230078125,23.235077396528112,-49.39978458418409,-52.29129275230629,2.891508168122201
2026-03-02 07:40:00+00:00,24695.5,24699.44921875,24689.150390625,24692.900390625,0,24740.85498046875,24833.0280078125,24.60058041662778,-47.416627732840425,-51.31635974841312,3.8997320155726953
2026-03-02 07:45:00+00:00,24699.19921875,24708.80078125,24688.400390625,24695.650390625,0,24734.66748046875,24823.6730078125,26.601383397329457,-45.02741756175237,-50.058571311080975,5.0311537493286025
2026-03-02 07:50:00+00:00,24696.0,24704.599609375,24691.19921875,24696.75,0,24728.3875,24813.9569921875,25.95979545230384,-42.897604620735365,-48.626377973011856,5.728773352276491
2026-03-02 07:55:00+00:00,24679.5,24697.900390625,24671.599609375,24696.30078125,0,24721.5974609375,24809.6880078125,22.89303386700233,-42.05632548323774,-47.31236747505704,5.256041991819295
2026-03-02 08:00:00+00:00,24677.25,24690.650390625,24668.44921875,24677.80078125,0,24715.25,24805.3030078125,22.50264663421663,-41.09741646686962,-46.06937727341956,4.971960806549937
2026-03-02 08:05:00+00:00,24674.94921875,24687.849609375,24669.650390625,24677.900390625,0,24709.7974609375,24801.013984375,22.08786127736332,-40.06132595300005,-44.86776700933566,4.806441056335608
2026-03-02 08:10:00+00:00,24675.349609375,24676.5,24655.55078125,24675.69921875,0,24704.87998046875,24795.0299609375,22.35608088212797,-38.76109480591549,-43.646432568651626,4.885337762736135
2026-03-02 08:15:00+00:00,24661.44921875,24678.5,24658.05078125,24675.150390625,0,24699.41494140625,24789.2629296875,19.806748994852697,-38.40953638092833,-42.59905333110697,4.189516950178643
2026-03-02 08:20:00+00:00,24645.849609375,24665.75,24644.25,24661.05078125,0,24694.4798828125,24782.9069140625,17.407678715563506,-38.94079663763114,-41.86740199241181,2.926605354780669
2026-03-02 08:25:00+00:00,24614.75,24647.0,24604.69921875,24646.69921875,0,24688.844921875,24776.1379296875,13.815077633101254,-41.3941369411732,-41.77274898216409,0.3786120409908875
2026-03-02 08:30:00+00:00,24687.30078125,24740.80078125,24603.94921875,24612.599609375,0,24686.782421875,24772.2009375,43.24299137814281,-37.05701489191415,-40.82960216411411,3.772587272199957
2026-03-02 08:35:00+00:00,24746.5,24780.099609375,24685.30078125,24686.349609375,0,24687.32490234375,24768.2289453125,56.34228197114836,-28.514237831757782,-38.36652929764284,9.85229146588506
2026-03-02 08:40:00+00:00,24787.400390625,24795.5,24745.30078125,24746.25,0,24689.94990234375,24766.011953125,62.740530551717406,-18.23352107856408,-34.33992765382709,16.10640657526301
2026-03-02 08:45:00+00:00,24782.150390625,24794.55078125,24752.349609375,24787.5,0,24694.269921875,24763.961953125,61.49471316247634,-10.389842470467556,-29.549910617155184,19.160068146687628
2026-03-02 08:50:00+00:00,24779.25,24791.30078125,24755.55078125,24782.650390625,0,24698.83740234375,24761.8499609375,60.77671179075547,-4.357477656769333,-24.51142402507801,20.15394636830868
2026-03-02 08:55:00+00:00,24730.30078125,24783.150390625,24727.80078125,24779.5,0,24700.9224609375,24758.92796875,50.13720352920658,-3.4863890260166954,-20.306417025265752,16.820027999249056
2026-03-02 09:00:00+00:00,24799.75,24799.75,24722.5,24730.900390625,0,24706.00498046875,24757.6309765625,60.659881954721264,2.775927368740668,-15.689948146464468,18.46587551520513
2026-03-02 09:05:00+00:00,24837.650390625,24854.349609375,24801.849609375,24801.849609375,0,24713.0349609375,24757.1919921875,65.00068620253123,10.674059096902056,-10.417146697791164,21.09120579469322
2026-03-02 09:10:00+00:00,24864.849609375,24879.349609375,24838.349609375,24838.349609375,0,24721.39248046875,24757.035,67.75080146153823,18.91015058937046,-4.55168724035884,23.461837829729298
2026-03-02 09:15:00+00:00,24872.150390625,24892.400390625,24825.900390625,24865.30078125,0,24730.35498046875,24757.3680078125,68.46703356646856,25.729827036862844,1.504615615085497,24.225211421777345
2026-03-02 09:20:00+00:00,24876.5,24880.44921875,24850.349609375,24871.94921875,0,24739.40498046875,24758.6240234375,68.91005065247214,31.1266383685288,7.429020165774158,23.697618202754644
2026-03-02 09:25:00+00:00,24823.349609375,24881.05078125,24815.19921875,24875.75,0,24745.6125,24758.715,58.15769290654558,30.76027262845309,12.095270658309946,18.665001970143148
2026-03-02 09:30:00+00:00,24862.19921875,24878.25,24808.349609375,24824.69921875,0,24753.9224609375,24759.3819921875,62.73478496208186,33.22180366396788,16.320577259441535,16.90122640452634
2026-03-02 09:35:00+00:00,24862.599609375,24877.099609375,24830.599609375,24863.05078125,0,24763.07744140625,24759.5309765625,62.77997395100478,34.803697560291766,20.01720131961158,14.786496240680188
2026-03-02 09:40:00+00:00,24904.80078125,24904.80078125,24849.0,24863.19921875,0,24774.45498046875,24760.5459765625,67.28321237967778,39.01292503536024,23.816346062761312,15.196578972598928
2026-03-02 09:45:00+00:00,24912.099609375,24913.55078125,24878.94921875,24905.25,0,24786.3125,24761.623984375,68.00424342146188,42.44840379035304,27.542757608279658,14.905646182073385
2026-03-02 09:50:00+00:00,24864.25,24914.849609375,24860.400390625,24913.44921875,0,24795.75751953125,24762.045,58.84786082540814,40.83921285007091,30.202048656637903,10.637164193433
2026-03-02 09:55:00+00:00,24849.75,24886.099609375,24845.19921875,24865.55078125,0,24805.17255859375,24762.408984375,56.37091072171515,37.95635142563333,31.752909210436997,6.203442215196336
2026-03-04 03:45:00+00:00,24385.099609375,24471.19921875,24336.69921875,24421.44921875,0,24792.13505859375,24753.60796875,22.984660038906185,-1.800979727995582,25.04213142275048,-26.84311115074606
2026-03-04 03:50:00+00:00,24340.849609375,24392.05078125,24339.55078125,24387.900390625,0,24778.4400390625,24744.3649609375,21.66848743411758,-36.459276446898,12.741849848820785,-49.20112629571879
2026-03-04 03:55:00+00:00,24342.849609375,24374.44921875,24316.25,24340.55078125,0,24761.21748046875,24735.0609375,21.88621021617034,-63.03817813325804,-2.4141557475949806,-60.62402238566306
2026-03-04 04:00:00+00:00,24332.349609375,24366.5,24326.0,24344.75,0,24740.5099609375,24725.2489453125,21.547592172550992,-83.98132699711641,-18.72758999749927,-65.25373699961715
2026-03-04 04:05:00+00:00,24347.69921875,24362.05078125,24317.150390625,24334.94921875,0,24718.52490234375,24715.7709375,23.41305663035884,-98.20825453863654,-34.62372290572672,-63.584531632909815
2026-03-04 04:10:00+00:00,24408.75,24412.0,24345.19921875,24348.599609375,0,24699.8548828125,24707.639921875,30.49237927122165,-103.36537756075268,-48.37205383673192,-54.99332372402076
2026-03-04 04:15:00+00:00,24365.25,24416.19921875,24353.80078125,24411.5,0,24679.1548828125,24698.8609375,28.47284795366673,-109.69799101043463,-60.63724127147246,-49.06074973896217
2026-03-04 04:20:00+00:00,24359.30078125,24372.0,24349.94921875,24365.75,0,24660.6048828125,24690.366953125,28.1977865452522,-113.88390229141078,-71.28657347546013,-42.59732881595065
2026-03-04 04:25:00+00:00,24325.900390625,24360.099609375,24323.599609375,24359.19921875,0,24636.91240234375,24681.4109765625,26.641689062734088,-118.53005878885232,-80.73527053813858,-37.79478825071375
2026-03-04 04:30:00+00:00,24332.849609375,24346.099609375,24306.599609375,24325.80078125,0,24611.67236328125,24672.65296875,27.537679020314457,-120.26508635763092,-88.64123370203706,-31.62385265559388
2026-03-04 04:35:00+00:00,24367.94921875,24371.80078125,24329.69921875,24335.05078125,0,24586.82734375,24665.1209375,32.05189322690728,-117.45392730772436,-94.40377242317452,-23.05015488454985
2026-03-04 04:40:00+00:00,24413.650390625,24414.80078125,24351.05078125,24368.849609375,0,24563.90234375,24658.8449609375,37.51055663275265,-110.26726844603036,-97.57647162774568,-12.690796818284667
2026-03-04 04:45:00+00:00,24387.0,24417.55078125,24384.30078125,24413.650390625,0,24539.42734375,24652.0139453125,35.709001380977696,-105.50604530286728,-99.16238636277,-6.343658940097271
2026-03-04 04:50:00+00:00,24399.349609375,24425.0,24382.599609375,24387.75,0,24518.22734375,24645.2879296875,37.213848110191215,-99.58824015163918,-99.24755712054385,-0.3406830310953381
2026-03-04 04:55:00+00:00,24419.05078125,24437.349609375,24394.650390625,24399.599609375,0,24496.069921875,24638.9709375,39.641057490021865,-92.24527095023586,-97.84709988648224,5.601828936246392
2026-03-04 05:00:00+00:00,24398.849609375,24420.69921875,24394.150390625,24420.0,0,24472.882421875,24633.0329296875,38.01811495669408,-87.05249373744664,-95.68817865667512,8.635684919228495
2026-03-04 05:05:00+00:00,24390.099609375,24409.30078125,24382.0,24398.94921875,0,24447.14736328125,24627.0769140625,37.30567384545383,-82.6900330295648,-93.08854953125308,10.398516501688276
2026-03-04 05:10:00+00:00,24390.75,24392.349609375,24379.94921875,24391.55078125,0,24421.0798828125,24621.119921875,37.39957837774877,-78.27793113701046,-90.12642585240457,11.84849471539411
2026-03-04 05:15:00+00:00,24400.30078125,24422.400390625,24390.44921875,24391.650390625,0,24397.882421875,24615.1639453125,38.84807587961512,-73.16721427091397,-86.73458353610644,13.567369265192468
2026-03-04 05:20:00+00:00,24398.0,24402.0,24382.80078125,24401.69921875,0,24375.294921875,24609.1829296875,38.61626603028051,-68.51281506789383,-83.09022984246393,14.5774147745701
2026-03-04 05:25:00+00:00,24389.349609375,24399.849609375,24375.69921875,24398.80078125,0,24375.507421875,24603.0159375,37.7052843061322,-64.77549283540793,-79.42728244105274,14.651789605644808
2026-03-04 05:30:00+00:00,24420.69921875,24427.80078125,24388.599609375,24392.44921875,0,24379.49990234375,24597.5719140625,42.95723957262784,-58.60838557679017,-75.26350306820024,16.655117491410067
2026-03-04 05:35:00+00:00,24450.900390625,24453.400390625,24413.19921875,24421.150390625,0,24384.90244140625,24592.679921875,47.54531392232341,-50.69949426360836,-70.35070130728187,19.65120704367351
2026-03-04 05:40:00+00:00,24435.44921875,24461.400390625,24433.849609375,24451.650390625,0,24390.057421875,24587.404921875,45.52774506360229,-45.15786954657597,-65.31213495514069,20.15426540856473
2026-03-04 05:45:00+00:00,24412.05078125,24438.900390625,24409.05078125,24436.400390625,0,24393.275,24581.7259375,42.58097426428474,-42.168063206485385,-60.683320605409634,18.51525739892425
2026-03-04 05:50:00+00:00,24393.30078125,24422.900390625,24390.349609375,24412.150390625,0,24392.5025390625,24576.001953125,40.32839415780846,-40.84080110862487,-56.71481670605269,15.874015597427814
2026-03-04 05:55:00+00:00,24366.150390625,24397.55078125,24363.0,24393.44921875,0,24392.54755859375,24569.7799609375,37.25506242953345,-41.50134428854653,-53.67212222255146,12.170777934004924
2026-03-04 06:00:00+00:00,24364.69921875,24378.5,24354.150390625,24366.94921875,0,24392.81748046875,24563.5749609375,37.09235388554009,-41.66167708006833,-51.27003319405483,9.608356113986504
2026-03-04 06:05:00+00:00,24367.25,24383.349609375,24362.599609375,24365.75,0,24394.8849609375,24557.41296875,37.608166381479016,-41.10903586738641,-49.23783372872115,8.12879786133474
2026-03-04 06:10:00+00:00,24362.19921875,24381.94921875,24360.80078125,24367.05078125,0,24396.35244140625,24551.42796875,36.96189828295336,-40.61048714386197,-47.51236441174932,6.901877267887343
2026-03-04 06:15:00+00:00,24367.75,24372.55078125,24354.30078125,24364.05078125,0,24396.34248046875,24545.8659765625,38.21841945290707,-39.31429135313738,-45.87274980002693,6.558458446889553
2026-03-04 06:20:00+00:00,24369.400390625,24401.05078125,24367.0,24369.05078125,0,24394.12998046875,24540.958984375,38.610233483495456,-37.7190721355837,-44.24201426713829,6.522942131554586
2026-03-04 06:25:00+00:00,24374.5,24380.400390625,24368.150390625,24370.150390625,0,24393.50498046875,24534.70296875,39.8790008645888,-35.63260308752069,-42.52013203121477,6.887528943694079
2026-03-04 06:30:00+00:00,24389.099609375,24391.5,24376.55078125,24376.55078125,0,24392.99248046875,24527.5549609375,43.48042225956393,-32.4271943608328,-40.50154449713838,8.074350136305583
2026-03-04 06:35:00+00:00,24393.400390625,24395.599609375,24378.19921875,24389.80078125,0,24391.7099609375,24519.6749609375,44.53447342381923,-29.20321130589946,-38.24187785889061,9.038666552991144
2026-03-04 06:40:00+00:00,24379.849609375,24402.30078125,24378.44921875,24394.80078125,0,24390.7599609375,24511.6289453125,41.884062304230426,-27.42547253002704,-36.078596793117896,8.65312426309086
2026-03-04 06:45:00+00:00,24369.0,24383.80078125,24366.55078125,24381.150390625,0,24389.70498046875,24503.4239453125,39.83965715166933,-26.5856121568504,-34.1799998658644,7.594387709014001
2026-03-04 06:50:00+00:00,24375.80078125,24385.599609375,24369.55078125,24371.349609375,0,24388.95751953125,24496.3339453125,41.75867409926972,-25.08211948947064,-32.360423790585656,7.278304301115014
2026-03-04 06:55:00+00:00,24368.30078125,24384.94921875,24362.25,24376.650390625,0,24387.35751953125,24487.7049609375,40.23443345200714,-24.21662387269316,-30.73166380700716,6.515039934313997
2026-03-04 07:00:00+00:00,24375.05078125,24381.599609375,24368.94921875,24368.94921875,0,24386.21005859375,24478.45296875,42.27657627893257,-22.724094556160708,-29.13014995683787,6.406055400677161
2026-03-04 07:05:00+00:00,24377.94921875,24387.5,24370.94921875,24375.55078125,0,24385.6400390625,24468.7149609375,43.174466913300165,-21.064555552540696,-27.51703107597844,6.452475523437741
2026-03-04 07:10:00+00:00,24382.55078125,24383.30078125,24357.75,24378.5,0,24383.7326171875,24458.92296875,44.64658235491101,-19.15721880551064,-25.84506862188488,6.687849816374243
2026-03-04 07:15:00+00:00,24385.849609375,24396.19921875,24379.94921875,24383.349609375,0,24380.480078125,24449.1099609375,45.731961618294726,-17.181396389114525,-24.11233417533081,6.930937786216287
2026-03-04 07:20:00+00:00,24394.150390625,24397.900390625,24384.19921875,24386.55078125,0,24378.41513671875,24440.5259765625,48.47000990244278,-14.775417400323931,-22.24495082032944,7.469533420005504
2026-03-04 07:25:00+00:00,24416.80078125,24428.099609375,24393.44921875,24394.80078125,0,24378.65263671875,24431.6180078125,55.12360477260408,-10.915141534176655,-19.97898896309888,9.063847428922228
2026-03-04 07:30:00+00:00,24422.150390625,24431.94921875,24414.75,24418.0,0,24380.0951171875,24422.8090234375,56.55056378478948,-7.339570332387666,-17.45110523695664,10.111534904568972
2026-03-04 07:35:00+00:00,24438.150390625,24438.349609375,24414.5,24423.150390625,0,24383.6951171875,24413.476015625,60.58714778174048,-3.1782017801888287,-14.596524545603078,11.41832276541425
2026-03-04 07:40:00+00:00,24461.0,24461.0,24433.0,24438.94921875,0,24388.51015625,24404.4540234375,65.51446275975495,1.9411093921007705,-11.288997758062308,13.23010715016308
2026-03-04 07:45:00+00:00,24441.44921875,24465.75,24436.30078125,24461.44921875,0,24392.2201171875,24395.9980078125,58.74696787040966,4.370238337432966,-8.157150538963254,12.52738887639622
2026-03-04 07:50:00+00:00,24459.55078125,24460.19921875,24432.30078125,24442.150390625,0,24397.0876953125,24388.1940234375,62.599166434741775,7.667598042895406,-4.992200822591522,12.659798865486929
2026-03-04 07:55:00+00:00,24451.599609375,24476.69921875,24449.75,24459.55078125,0,24401.28017578125,24389.5240234375,59.95097835995874,9.5293379697614,-2.087893064120938,11.617231033882335
2026-03-04 08:00:00+00:00,24435.650390625,24466.349609375,24435.099609375,24451.25,0,24404.59267578125,24391.4200390625,54.931117642279055,9.607067323064255,0.251099013316101,9.355968309748157
2026-03-04 08:05:00+00:00,24447.0,24448.099609375,24418.150390625,24436.05078125,0,24408.21767578125,24393.503046875,57.648732969857925,10.463866084788606,2.2936524276106023,8.170213657178003
2026-03-04 08:10:00+00:00,24462.599609375,24462.650390625,24440.25,24448.05078125,0,24411.89267578125,24396.108046875,61.11902361719008,12.260314112241758,4.286984764536834,7.973329347704924
2026-03-04 08:15:00+00:00,24441.94921875,24469.849609375,24438.69921875,24463.5,0,24414.3201171875,24397.993046875,54.72618359845747,11.880744350415624,5.805736681712593,6.075007668703033
2026-03-04 08:20:00+00:00,24428.55078125,24445.30078125,24426.900390625,24442.599609375,0,24416.75517578125,24398.3890625,50.99892906347204,10.379146310810029,6.72041860753208,3.6587277032779486
2026-03-04 08:25:00+00:00,24437.0,24438.400390625,24415.75,24428.69921875,0,24420.15517578125,24399.8240625,53.16518506999227,9.75841149275584,7.328017184576833,2.430394308179008
2026-03-04 08:30:00+00:00,24451.099609375,24453.900390625,24437.55078125,24437.900390625,0,24423.9201171875,24401.6600390625,56.6122285536142,10.285628990091936,7.9195395456798545,2.366089444412082
2026-03-04 08:35:00+00:00,24494.599609375,24496.19921875,24440.19921875,24451.19921875,0,24430.23505859375,24405.0340234375,65.13742309698847,14.0515614567812,9.145943927900124,4.905617528881077
2026-03-04 08:40:00+00:00,24554.94921875,24556.44921875,24483.30078125,24495.55078125,0,24439.22998046875,24409.476015625,73.04926299500146,21.65616044541821,11.64798723140374,10.008173214014468
2026-03-04 08:45:00+00:00,24567.849609375,24574.25,24541.30078125,24555.349609375,0,24448.725,24413.4740234375,74.38735365403775,28.39647673485888,14.99768513209477,13.39879160276411
2026-03-04 08:50:00+00:00,24535.0,24568.849609375,24533.94921875,24568.349609375,0,24456.3474609375,24415.901015625,65.47301253382199,30.733263088583044,18.144800723392425,12.58846236519062
2026-03-04 08:55:00+00:00,24522.5,24541.30078125,24513.849609375,24536.55078125,0,24463.17998046875,24418.611015625,62.40825133392803,31.216690994337117,20.759178777581365,10.457512216755749
2026-03-04 09:00:00+00:00,24534.25,24553.5,24502.599609375,24523.099609375,0,24470.1849609375,24421.3090234375,64.10897111157769,32.177021222556505,23.04274726657639,9.134273955980111
2026-03-04 09:05:00+00:00,24537.849609375,24543.5,24520.599609375,24534.849609375,0,24476.23740234375,24423.685,64.63680098942335,32.84987532617379,25.004172878495872,7.845702447677915
2026-03-04 09:10:00+00:00,24578.75,24583.75,24539.25,24540.349609375,0,24484.0673828125,24427.2830078125,70.03005391810382,36.26539189224059,27.25641668124481,9.008975210995771
2026-03-04 09:15:00+00:00,24581.19921875,24598.94921875,24548.0,24579.099609375,0,24491.21982421875,24431.105,70.32194410486022,38.72346486403694,29.54982631780324,9.1736385462337
2026-03-04 09:20:00+00:00,24585.55078125,24594.05078125,24570.69921875,24584.849609375,0,24497.44736328125,24435.001015625,70.86488505915507,40.55514565545309,31.75089018533321,8.804255470119877
2026-03-04 09:25:00+00:00,24582.94921875,24602.0,24571.75,24586.349609375,0,24504.52236328125,24438.653984375,70.03991819414776,41.32052424524954,33.66481699731648,7.655707247933066
2026-03-04 09:30:00+00:00,24509.0,24584.44921875,24506.19921875,24582.94921875,0,24506.99482421875,24440.873984375,51.63813290849898,35.550207693151606,34.041895136483504,1.508312556668102
2026-03-04 09:35:00+00:00,24472.19921875,24518.44921875,24471.05078125,24508.650390625,0,24508.0248046875,24442.5309765625,45.26458823100767,27.688498982039164,32.77121590559464,-5.082716923555473
2026-03-04 09:40:00+00:00,24465.94921875,24474.44921875,24457.44921875,24471.150390625,0,24509.53974609375,24443.4359765625,44.265320689797015,20.714926641627244,30.35995805280116,-9.645031411173914
2026-03-04 09:45:00+00:00,24456.900390625,24473.55078125,24451.05078125,24464.849609375,0,24510.034765625,24443.5559765625,42.79237543036887,14.293390209491918,27.146644484139312,-12.853254274647394
2026-03-04 09:50:00+00:00,24470.44921875,24473.0,24453.650390625,24457.099609375,0,24510.42724609375,24444.2559765625,45.70558818324805,10.180202482497409,23.75335608381093,-13.573153601313525
2026-03-04 09:55:00+00:00,24473.94921875,24482.150390625,24457.900390625,24468.400390625,0,24512.02724609375,24445.4939453125,46.46401740858087,7.120808081206633,20.426846483290078,-13.30603840208344
2026-03-05 03:45:00+00:00,24584.849609375,24651.599609375,24553.75,24615.900390625,0,24519.8421875,24449.324921875,63.74524572131523,13.489452653342596,19.03936771730058,-5.549915063957982
2026-03-05 03:50:00+00:00,24607.19921875,24609.5,24557.25,24586.80078125,0,24528.3521484375,24454.1458984375,66.11885102664725,20.10828031495112,19.253150236830688,0.8551300781204283
2026-03-05 03:55:00+00:00,24568.44921875,24610.94921875,24558.849609375,24608.30078125,0,24534.21962890625,24458.2208984375,58.91660866770869,21.973649220028165,19.797250033470185,2.17639918655798
2026-03-05 04:00:00+00:00,24564.5,24586.30078125,24550.099609375,24570.599609375,0,24537.7146484375,24462.1658984375,58.22055465925935,22.869671234322595,20.41173427364067,2.457936960681927
2026-03-05 04:05:00+00:00,24534.25,24569.849609375,24533.599609375,24566.30078125,0,24536.6796875,24465.6069140625,53.05051716513714,20.89795433686595,20.508978286285725,0.3889760505802258
2026-03-05 04:10:00+00:00,24596.849609375,24599.599609375,24530.69921875,24533.30078125,0,24538.1296875,24470.18890625,60.80688003225778,24.10870960282409,21.2289245495934,2.8797850532306946
2026-03-05 04:15:00+00:00,24604.94921875,24616.55078125,24583.75,24596.30078125,0,24541.6271484375,24474.8998828125,61.68880202485051,26.995638156182395,22.3822672709112,4.613370885271198
2026-03-05 04:20:00+00:00,24648.900390625,24651.150390625,24603.19921875,24604.55078125,0,24547.94716796875,24480.387890625,66.14110024076561,32.45591055518162,24.39699592776528,8.058914627416335
2026-03-05 04:25:00+00:00,24628.5,24656.5,24626.900390625,24648.849609375,0,24552.65966796875,24485.1758984375,62.50982234916221,34.73665223610442,26.464927189433112,8.271725046671307
2026-03-05 04:30:00+00:00,24623.25,24649.0,24623.150390625,24628.25,0,24556.9296875,24489.772890625,61.5729433830587,35.70889540792268,28.31372083313103,7.395174574791653
2026-03-05 04:35:00+00:00,24628.599609375,24647.900390625,24622.400390625,24622.400390625,0,24559.42216796875,24494.747890625,62.194721054537816,36.49043487549716,29.94906364160425,6.541371233892903
2026-03-05 04:40:00+00:00,24596.25,24630.25,24595.150390625,24629.44921875,0,24560.17470703125,24499.292890625,56.26581870594136,34.10631109082533,30.780513131448476,3.3257979593768567
2026-03-05 04:45:00+00:00,24596.0,24608.650390625,24594.400390625,24597.05078125,0,24560.69716796875,24503.696875,56.221214414311646,31.829788910919888,30.990368287342758,0.8394206235771335
2026-03-05 04:50:00+00:00,24581.44921875,24598.19921875,24574.400390625,24594.30078125,0,24560.62216796875,24507.95984375,53.55986169280406,28.522710192635717,30.49683666840135,-1.9741264757656367
2026-03-05 04:55:00+00:00,24564.55078125,24584.599609375,24538.55078125,24582.599609375,0,24563.39970703125,24511.74984375,50.56616918914239,24.258625468137325,29.249194428348545,-4.99056896021122
2026-03-05 05:00:00+00:00,24559.599609375,24572.05078125,24550.30078125,24563.69921875,0,24567.7697265625,24515.3828515625,49.68981184305435,20.24640149774132,27.4486358422271,-7.202234344485785
2026-03-05 05:05:00+00:00,24627.69921875,24629.55078125,24559.69921875,24559.94921875,0,24575.8572265625,24520.2858203125,59.96674218690252,22.30464042837048,26.419836759455777,-4.115196331085301
2026-03-05 05:10:00+00:00,24650.94921875,24653.94921875,24625.849609375,24627.849609375,0,24585.55966796875,24525.5878125,62.76340706489042,25.517737705315085,26.239416948627643,-0.7216792433125576
2026-03-05 05:15:00+00:00,24641.55078125,24660.150390625,24639.80078125,24651.05078125,0,24594.11474609375,24530.5358203125,60.9110158141073,26.99458827608396,26.390451214118908,0.6041370619650515
2026-03-05 05:20:00+00:00,24644.25,24645.75,24629.25,24639.94921875,0,24602.62978515625,24535.0848046875,61.264606882066566,28.059356591915275,26.724232289678184,1.3351243022370909
2026-03-05 05:25:00+00:00,24666.55078125,24672.05078125,24645.75,24646.25,0,24606.71484375,24539.9728125,64.14998615702768,30.352791735749637,27.44994417889248,2.902847556857157
2026-03-05 05:30:00+00:00,24648.099609375,24672.5,24639.05078125,24667.19921875,0,24608.75986328125,24544.171796875,60.15724256442762,30.3318535166909,28.02632604645216,2.3055274702387365
2026-03-05 05:35:00+00:00,24655.150390625,24667.69921875,24645.650390625,24649.150390625,0,24613.094921875,24548.0548046875,61.15227762974624,30.532242265104287,28.52750929018259,2.0047329749216978
2026-03-05 05:40:00+00:00,24643.19921875,24657.400390625,24643.19921875,24656.400390625,0,24617.0298828125,24552.0898046875,58.48603825996591,29.387926379786222,28.69959270810332,0.6883336716829049
2026-03-05 05:45:00+00:00,24655.900390625,24662.94921875,24636.650390625,24639.849609375,0,24623.11240234375,24556.016796875,60.45914482633157,29.16967634707544,28.793609435897743,0.3760669111776948
2026-03-05 05:50:00+00:00,24634.650390625,24658.099609375,24626.099609375,24657.650390625,0,24625.00244140625,24559.6778125,55.690071890204585,26.971108072477364,28.429109163213667,-1.4580010907363032
2026-03-05 05:55:00+00:00,24612.900390625,24639.94921875,24607.69921875,24635.099609375,0,24625.4,24563.2228125,51.23529256704994,23.20617728101206,27.38452278677335,-4.178345505761289
2026-03-05 06:00:00+00:00,24624.94921875,24638.30078125,24611.75,24613.650390625,0,24624.20244140625,24566.781796875,53.45644419667099,20.95314739703099,26.09824770882488,-5.14510031179389
2026-03-05 06:05:00+00:00,24603.400390625,24625.599609375,24593.69921875,24624.80078125,0,24622.9474609375,24569.5978125,49.14506675681848,17.230175900782342,24.324633347216373,-7.094457446434031
2026-03-05 06:10:00+00:00,24590.349609375,24605.849609375,24589.849609375,24603.94921875,0,24621.30244140625,24572.5658203125,46.68906490362636,13.0758746470201,22.07488160717712,-8.999006960157018
2026-03-05 06:15:00+00:00,24569.69921875,24593.150390625,24567.75,24590.75,0,24618.357421875,24575.3887890625,43.02513274216549,8.024742792680627,19.264853844277823,-11.240111051597196
2026-03-05 06:20:00+00:00,24594.599609375,24594.599609375,24556.900390625,24569.19921875,0,24618.27490234375,24578.54078125,48.29420374528974,5.9622091926394205,16.604324913950144,-10.642115721310724
2026-03-05 06:25:00+00:00,24579.099609375,24597.55078125,24560.349609375,24594.849609375,0,24617.4298828125,24581.10078125,45.47495602410551,3.0418514240300283,13.891830215966122,-10.849978791936094
2026-03-05 06:30:00+00:00,24590.150390625,24596.05078125,24578.05078125,24580.19921875,0,24617.86494140625,24583.011796875,47.81399906376747,1.600700663166208,11.43360430540614,-9.832903642239932
2026-03-05 06:35:00+00:00,24588.25,24595.80078125,24574.44921875,24590.80078125,0,24619.04990234375,24583.6778125,47.43712596546733,0.3017542261550261,9.207234289555917,-8.90548006340089
2026-03-05 06:40:00+00:00,24615.5,24616.30078125,24584.849609375,24587.150390625,0,24621.844921875,24584.6308203125,53.14066597075132,1.4544115279168182,7.656669737228097,-6.202258209311279
2026-03-05 06:45:00+00:00,24602.349609375,24616.19921875,24592.900390625,24615.650390625,0,24620.57744140625,24585.9778125,50.3038977315824,1.2918821101739013,6.383712211817259,-5.091830101643358
2026-03-05 06:50:00+00:00,24619.150390625,24635.650390625,24602.400390625,24603.19921875,0,24618.9875,24587.9108203125,53.70417402118701,2.4900552061262715,5.604980810679062,-3.1149256045527904
2026-03-05 06:55:00+00:00,24648.849609375,24651.75,24611.599609375,24619.19921875,0,24619.35244140625,24590.2028125,59.03946087973673,5.769586561011238,5.637901960745498,0.1316846002657401
2026-03-05 07:00:00+00:00,24650.30078125,24665.94921875,24647.0,24649.150390625,0,24619.65498046875,24592.4518359375,59.28635708340436,8.389032683084224,6.188128105213243,2.200904577870981
2026-03-05 07:05:00+00:00,24652.69921875,24654.19921875,24632.650390625,24650.650390625,0,24618.96240234375,24593.9308203125,59.71852089136732,10.53703212137043,7.0579089084446816,3.479123212925749
2026-03-05 07:10:00+00:00,24645.80078125,24657.599609375,24641.25,24653.150390625,0,24618.8474609375,24595.2228515625,57.81755144240745,11.549554819499464,7.9562380906556385,3.593316728843824
2026-03-05 07:15:00+00:00,24631.44921875,24646.5,24619.400390625,24645.80078125,0,24617.66240234375,24596.1408203125,53.9686169522117,11.066368986754242,8.578264269875358,2.4881047168788832
2026-03-05 07:20:00+00:00,24652.650390625,24654.349609375,24626.80078125,24632.099609375,0,24618.1349609375,24597.53484375,58.37681866042912,12.252953694867756,9.31320215487384,2.9397515399939174
2026-03-05 07:25:00+00:00,24653.44921875,24657.599609375,24643.69921875,24653.150390625,0,24618.01240234375,24600.423828125,58.53793386916583,13.106703459692651,10.071902415837602,3.034801043855051
2026-03-05 07:30:00+00:00,24633.30078125,24660.849609375,24633.150390625,24653.94921875,0,24617.944921875,24603.645859375,52.96872512564659,12.018948820052174,10.461311696680518,1.5576371233716555
2026-03-05 07:35:00+00:00,24644.099609375,24647.150390625,24632.55078125,24633.150390625,0,24619.5048828125,24607.2088671875,55.416920696348285,11.89119630244386,10.747288617833188,1.1439076846106726
2026-03-05 07:40:00+00:00,24639.650390625,24656.599609375,24632.900390625,24644.69921875,0,24620.23994140625,24610.8638671875,54.16586441422557,11.300669656997345,10.857964825666018,0.4427048313313246
2026-03-05 07:45:00+00:00,24631.05078125,24646.25,24627.0,24640.69921875,0,24621.6224609375,24614.0758984375,51.73479777920368,10.02321504552674,10.691014869638163,-0.6677998241114231
2026-03-05 07:50:00+00:00,24638.19921875,24645.55078125,24621.75,24631.19921875,0,24624.01494140625,24617.3608984375,53.59909321254796,9.478381346561946,10.44848816502292,-0.9701068184609748
2026-03-05 07:55:00+00:00,24651.0,24651.349609375,24629.05078125,24638.650390625,0,24628.07998046875,24618.68390625,56.815827874953854,9.964646538581292,10.351719839734596,-0.3870733011533041
2026-03-05 08:00:00+00:00,24639.19921875,24671.30078125,24628.25,24651.55078125,0,24630.3099609375,24619.32390625,53.15726623611968,9.290693452116102,10.139514562210898,-0.8488211100947964
2026-03-05 08:05:00+00:00,24614.05078125,24642.44921875,24605.80078125,24639.599609375,0,24632.05751953125,24620.2359375,46.31297272176999,6.650647518821643,9.441741153533048,-2.7910936347114053
2026-03-05 08:10:00+00:00,24619.80078125,24629.94921875,24606.25,24614.69921875,0,24633.5400390625,24621.341953125,47.96273721719475,4.965134066595056,8.54641973614545,-3.581285669550395
2026-03-05 08:15:00+00:00,24615.400390625,24635.099609375,24615.30078125,24619.849609375,0,24634.89755859375,24622.9649609375,46.77805245692972,3.236964057683508,7.4845286004530625,-4.247564542769554
2026-03-05 08:20:00+00:00,24592.599609375,24618.5,24588.05078125,24616.099609375,0,24633.7525390625,24622.8799609375,41.11165559050831,0.0272304859390715,5.993068977550265,-5.965838491611193
2026-03-05 08:25:00+00:00,24573.69921875,24594.75,24569.75,24593.94921875,0,24632.32001953125,24622.2549609375,37.099826142229816,-3.995551826519659,3.9953448167362806,-7.990896643255939
2026-03-05 08:30:00+00:00,24578.19921875,24586.099609375,24564.80078125,24572.5,0,24630.2724609375,24620.8409375,38.63523136550274,-6.742796637401625,1.8477165259087,-8.590513163310325
2026-03-05 08:35:00+00:00,24552.900390625,24581.099609375,24552.900390625,24578.650390625,0,24625.475,24619.3289453125,33.6605531833892,-10.836495566014491,-0.6891258924759387,-10.147369673538552
2026-03-05 08:40:00+00:00,24553.75,24563.19921875,24547.349609375,24553.30078125,0,24620.6474609375,24617.9389453125,33.968048976018395,-13.852541607626335,-3.321809035506018,-10.530732572120318
2026-03-05 08:45:00+00:00,24531.94921875,24567.650390625,24529.55078125,24554.150390625,0,24614.6099609375,24616.0059375,30.111198372150312,-17.796770582015597,-6.216801344807934,-11.579969237207663
2026-03-05 08:50:00+00:00,24590.94921875,24600.0,24529.650390625,24531.25,0,24611.8673828125,24615.899921875,47.48846801709672,-15.977613561019098,-8.168963788050167,-7.808649772968931
2026-03-05 08:55:00+00:00,24611.25,24617.400390625,24576.900390625,24591.099609375,0,24610.857421875,24616.204921875,51.91841141948154,-12.750831481193018,-9.085337326678738,-3.66549415451428
2026-03-05 09:00:00+00:00,24582.5,24612.75,24576.44921875,24611.5,0,24607.34990234375,24616.2259375,45.99992816308124,-12.370864535678264,-9.742442768478645,-2.6284217671996224
2026-03-05 09:05:00+00:00,24672.5,24673.900390625,24580.150390625,24583.599609375,0,24608.30244140625,24618.384921875,60.99126191085134,-4.752703942627704,-8.744495003308455,3.9917910606807503
2026-03-05 09:10:00+00:00,24726.80078125,24759.44921875,24669.80078125,24672.44921875,0,24612.97744140625,24621.7289453125,66.95245733217456,5.60178851850651,-5.875238298945462,11.477026817451971
2026-03-05 09:15:00+00:00,24758.400390625,24762.75,24712.75,24727.05078125,0,24618.69248046875,24624.34296875,69.84081747169634,16.17121112602399,-1.4659484139515713,17.637159539975563
2026-03-05 09:20:00+00:00,24846.55078125,24853.75,24753.69921875,24757.05078125,0,24629.0375,24628.255,76.11279756763409,31.29975047093103,5.0871913630249495,26.21255910790608
2026-03-05 09:25:00+00:00,24848.94921875,24853.900390625,24799.849609375,24846.25,0,24639.932421875,24632.40296875,76.25747502157768,42.98723072154826,12.667199234729612,30.32003148681865
2026-03-05 09:30:00+00:00,24790.69921875,24853.25,24768.05078125,24849.19921875,0,24647.557421875,24635.331953125,65.82932694495818,47.00748184985059,19.53525575775381,27.472226092096783
2026-03-05 09:35:00+00:00,24774.30078125,24796.44921875,24765.599609375,24789.400390625,0,24653.7224609375,24637.486953125,63.20877157142071,48.31341598911604,25.29088780402625,23.022528185089783
2026-03-05 09:40:00+00:00,24714.80078125,24784.69921875,24714.099609375,24772.650390625,0,24657.5025390625,24638.8209765625,54.70010905167936,44.03956477641623,29.040623198504253,14.998941577911976
2026-03-05 09:45:00+00:00,24716.849609375,24759.400390625,24713.75,24716.0,0,24662.64248046875,24640.0549609375,54.92511387679856,40.35266974764818,31.30303250833304,9.04963723931514
2026-03-05 09:50:00+00:00,24719.05078125,24730.650390625,24706.05078125,24717.19921875,0,24667.60498046875,24641.5719921875,55.18267111243957,37.17980935049491,32.47838787676541,4.701421473729496
2026-03-05 09:55:00+00:00,24737.44921875,24748.44921875,24715.900390625,24719.849609375,0,24673.707421875,24643.20296875,57.3750454794564,35.73793015784395,33.13029633298112,2.6076338248628304
2026-03-06 03:45:00+00:00,24594.400390625,24656.400390625,24591.75,24656.400390625,0,24673.7974609375,24642.39796875,40.70315451872579,22.789680339868937,31.062173134358684,-8.272492794489747
2026-03-06 03:50:00+00:00,24647.599609375,24652.75,24588.349609375,24594.900390625,0,24677.49248046875,24643.091953125,46.88457278181566,16.629141034158238,28.175566714318595,-11.546425680160358
2026-03-06 03:55:00+00:00,24681.19921875,24683.0,24644.19921875,24647.44921875,0,24682.64248046875,24644.216953125,50.40131367832744,14.293312513626006,25.39911587418008,-11.105803360554074
2026-03-06 04:00:00+00:00,24650.44921875,24681.5,24649.30078125,24681.5,0,24687.519921875,24645.1579296875,47.31383865729386,9.847369228155005,22.288766544975065,-12.441397316820062
2026-03-06 04:05:00+00:00,24648.400390625,24676.55078125,24639.80078125,24650.349609375,0,24692.25244140625,24646.3189453125,47.10678156056082,6.088420316711563,19.048697299322363,-12.9602769826108
2026-03-06 04:10:00+00:00,24678.849609375,24680.80078125,24641.25,24647.80078125,0,24699.5974609375,24648.501953125,50.56901622203515,5.502988673080836,16.33955557407406,-10.836566900993224
2026-03-06 04:15:00+00:00,24657.900390625,24688.099609375,24655.75,24678.349609375,0,24702.94501953125,24649.76796875,48.22991321390761,3.3104422864962544,13.733732916558498,-10.423290630062244
2026-03-06 04:20:00+00:00,24643.849609375,24666.25,24638.94921875,24658.19921875,0,24704.575,24651.06296875,46.67062712820564,0.4340494077041512,11.07379621478763,-10.639746807083478
2026-03-06 04:25:00+00:00,24625.150390625,24643.599609375,24618.849609375,24643.30078125,0,24706.70751953125,24651.76296875,44.60386957579821,-3.316156758388388,8.195805620152427,-11.511962378540815
2026-03-06 04:30:00+00:00,24635.0,24647.5,24616.94921875,24624.30078125,0,24704.83251953125,24652.69796875,45.96134097594144,-5.430837687566964,5.4704769586085495,-10.901314646175514
2026-03-06 04:35:00+00:00,24653.599609375,24661.099609375,24622.80078125,24634.650390625,0,24701.1724609375,24653.4599609375,48.5264446655473,-5.542019574393635,3.267977652008113,-8.809997226401748
2026-03-06 04:40:00+00:00,24653.349609375,24657.849609375,24648.94921875,24654.0,0,24695.919921875,24654.4799609375,48.49312494103623,-5.585913991995767,1.4971993232073373,-7.0831133152031045
2026-03-06 04:45:00+00:00,24673.5,24675.44921875,24651.099609375,24652.349609375,0,24687.2673828125,24655.566953125,51.39029544013743,-3.9492084973317114,0.4079177590995277,-4.357126256431238
2026-03-06 04:50:00+00:00,24669.099609375,24674.349609375,24658.75,24674.150390625,0,24678.27490234375,24655.971953125,50.71936864666488,-2.972912464505498,-0.2682482856214774,-2.7046641788840207
2026-03-06 04:55:00+00:00,24651.75,24675.650390625,24647.400390625,24669.19921875,0,24671.32744140625,24656.0009375,48.05545659205197,-3.5581432440339995,-0.926227277303982,-2.6319159667300176
2026-03-06 05:00:00+00:00,24619.099609375,24652.69921875,24618.849609375,24652.349609375,0,24663.5673828125,24655.3289453125,43.43226504950145,-6.580698312107415,-2.057121484264669,-4.523576827842747
2026-03-06 05:05:00+00:00,24621.599609375,24630.55078125,24608.75,24618.599609375,0,24658.90732421875,24654.844921875,43.87748296299437,-8.674373099776858,-3.380571807367107,-5.293801292409751
2026-03-06 05:10:00+00:00,24620.150390625,24629.099609375,24613.30078125,24620.94921875,0,24654.07236328125,24654.6189453125,43.6629492610496,-10.331470533423271,-4.770751552578341,-5.56071898084493
2026-03-06 05:15:00+00:00,24586.5,24622.30078125,24585.30078125,24620.80078125,0,24647.44482421875,24653.2959375,38.90616852190452,-14.196390332912417,-6.655879308645156,-7.540511024267259
2026-03-06 05:20:00+00:00,24596.69921875,24621.05078125,24575.75,24587.19921875,0,24640.40732421875,24652.1609375,41.00406304330608,-16.24906628313329,-8.574516703542782,-7.674549579590506
2026-03-06 05:25:00+00:00,24593.849609375,24598.099609375,24584.19921875,24596.69921875,0,24640.37978515625,24651.3719140625,40.58473671927853,-17.899432903293928,-10.439499943493011,-7.459932959800916
2026-03-06 05:30:00+00:00,24635.69921875,24636.849609375,24594.900390625,24594.900390625,0,24639.784765625,24651.20390625,48.856636793782144,-15.650042665205548,-11.48160848783552,-4.168434177370028
2026-03-06 05:35:00+00:00,24635.94921875,24647.80078125,24626.30078125,24636.55078125,0,24637.522265625,24651.1298828125,48.90240258944529,-13.689408801572426,-11.9231685505829,-1.766240250989526
2026-03-06 05:40:00+00:00,24617.599609375,24637.55078125,24615.099609375,24636.099609375,0,24635.87978515625,24650.860859375,45.67188459831268,-13.461081493300298,-12.23075113912638,-1.2303303541739172
2026-03-06 05:45:00+00:00,24606.30078125,24621.400390625,24599.69921875,24617.400390625,0,24633.7748046875,24650.222890625,43.75514820566314,-14.030120956980682,-12.590625102697242,-1.4394958542834395
2026-03-06 05:50:00+00:00,24600.150390625,24619.599609375,24600.150390625,24606.599609375,0,24629.83984375,24649.2058984375,42.70453835551495,-14.806691629866693,-13.033838408131134,-1.7728532217355577
2026-03-06 05:55:00+00:00,24607.25,24607.55078125,24593.900390625,24600.19921875,0,24627.30732421875,24648.5669140625,44.36517817919008,-14.68002811426777,-13.363076349358462,-1.3169517649093088
2026-03-06 06:00:00+00:00,24620.44921875,24620.849609375,24602.55078125,24607.75,0,24626.1373046875,24648.6948828125,47.41660064652808,-13.360567418410938,-13.362574563168955,0.0020071447580196
2026-03-06 06:05:00+00:00,24635.55078125,24635.650390625,24618.349609375,24620.75,0,24626.65732421875,24649.0098828125,50.74520728571943,-10.969861688969104,-12.884031988328989,1.9141702993598848
2026-03-06 06:10:00+00:00,24616.400390625,24654.55078125,24615.80078125,24634.849609375,0,24625.72734375,24649.0298828125,46.70744828205152,-10.49945546431627,-12.407116683526446,1.9076612192101765
2026-03-06 06:15:00+00:00,24632.44921875,24634.0,24611.69921875,24616.5,0,24624.66982421875,24649.826875,50.27806901280965,-8.731003267341293,-11.671894000289416,2.940890732948123
2026-03-06 06:20:00+00:00,24619.849609375,24634.900390625,24613.900390625,24632.400390625,0,24622.99482421875,24650.7498828125,47.582661847245134,-8.251062228206138,-10.987727645872765,2.736665417666625
2026-03-06 06:25:00+00:00,24625.69921875,24630.19921875,24611.94921875,24619.30078125,0,24620.60478515625,24651.6998828125,48.95098177269397,-7.314375341666164,-10.253057185031444,2.938681843365279
2026-03-06 06:30:00+00:00,24609.650390625,24627.55078125,24608.94921875,24625.849609375,0,24617.63232421875,24652.8348828125,45.44582217836948,-7.777397542053222,-9.7579252564358,1.9805277143825768
2026-03-06 06:35:00+00:00,24626.5,24629.55078125,24606.19921875,24610.099609375,0,24616.36982421875,24654.2898828125,49.53179473505703,-6.707404529053747,-9.14782111095939,2.4404165819056427
2026-03-06 06:40:00+00:00,24608.849609375,24631.44921875,24605.44921875,24626.80078125,0,24615.85732421875,24655.827890625,45.67279959772562,-7.200661625374778,-8.758389213842467,1.5577275884676889
2026-03-06 06:45:00+00:00,24610.0,24623.349609375,24603.94921875,24608.599609375,0,24615.27734375,24656.20890625,45.96827050908019,-7.413288740724965,-8.489369119218967,1.0760803784940016
2026-03-06 06:50:00+00:00,24608.849609375,24612.75,24600.099609375,24610.599609375,0,24614.7123046875,24656.1608984375,45.700597875831065,-7.587164066244441,-8.308928108624063,0.7217640423796219
2026-03-06 06:55:00+00:00,24578.30078125,24609.69921875,24576.05078125,24609.69921875,0,24614.30234375,24656.0769140625,39.176694739210056,-10.07387131910582,-8.661916750720415,-1.4119545683854042
2026-03-06 07:00:00+00:00,24595.05078125,24598.0,24578.25,24578.25,0,24614.219921875,24654.5279296875,43.90509245396535,-10.571161943775223,-9.043765789331378,-1.5273961544438457
2026-03-06 07:05:00+00:00,24586.150390625,24597.900390625,24584.94921875,24594.849609375,0,24613.8349609375,24651.714921875,42.03511998379738,-11.550310694514335,-9.54507477036797,-2.0052359241463678
2026-03-06 07:10:00+00:00,24599.849609375,24602.0,24586.05078125,24586.05078125,0,24612.04248046875,24648.54390625,45.85746856747904,-11.093007385894452,-9.854661293473267,-1.238346092421185
2026-03-06 07:15:00+00:00,24595.5,24603.30078125,24583.80078125,24599.80078125,0,24610.02001953125,24643.522890625,44.84628282013948,-10.955282665341656,-10.074785567846943,-0.8804970974947111
2026-03-06 07:20:00+00:00,24596.94921875,24611.25,24595.400390625,24596.0,0,24608.9875,24638.482890625,45.27923644780766,-10.606924962172345,-10.181213446712023,-0.4257115154603177
2026-03-06 07:25:00+00:00,24603.69921875,24607.44921875,24592.150390625,24597.19921875,0,24608.857421875,24634.742890625,47.35224440301553,-9.674656961546134,-10.079902149678848,0.4052451881327137
2026-03-06 07:30:00+00:00,24600.099609375,24614.25,24591.900390625,24603.599609375,0,24608.8548828125,24631.2588671875,46.34397091525853,-9.121143384571042,-9.888150396657286,0.7670070120862444
2026-03-06 07:35:00+00:00,24595.099609375,24610.05078125,24593.599609375,24600.75,0,24608.24736328125,24628.86484375,44.91338839789609,-8.982394646089233,-9.706999246543676,0.7246046004544429
2026-03-06 07:40:00+00:00,24602.650390625,24603.599609375,24594.25,24595.44921875,0,24607.357421875,24626.580859375,47.54668153504814,-8.16898337353632,-9.399396071942205,1.2304126984058836
2026-03-06 07:45:00+00:00,24597.80078125,24606.69921875,24593.25,24602.05078125,0,24605.469921875,24624.155859375,46.024922914215885,-7.825464937792276,-9.08460984511222,1.2591449073199428
2026-03-06 07:50:00+00:00,24607.150390625,24614.849609375,24593.599609375,24597.849609375,0,24605.007421875,24621.5498828125,49.38809895912903,-6.721309689695772,-8.61194981402893,1.8906401243331583
2026-03-06 07:55:00+00:00,24609.650390625,24613.150390625,24602.75,24605.849609375,0,24603.86748046875,24621.8548828125,50.28020581606934,-5.58020447036688,-8.00560074529652,2.425396274929641
2026-03-06 08:00:00+00:00,24584.19921875,24610.650390625,24576.900390625,24609.0,0,24602.0849609375,24620.586875,42.13723748697934,-6.652877003991307,-7.735055997035479,1.082178993044172
2026-03-06 08:05:00+00:00,24600.400390625,24623.5,24573.849609375,24584.0,0,24600.82001953125,24618.9708984375,47.91933664410193,-6.12507252031719,-7.413059301691821,1.2879867813746315
2026-03-06 08:10:00+00:00,24594.94921875,24608.05078125,24592.19921875,24600.44921875,0,24600.0849609375,24617.8608984375,46.2448641852184,-6.076600410367973,-7.145767523427052,1.0691671130590787
2026-03-06 08:15:00+00:00,24581.849609375,24596.599609375,24572.400390625,24596.599609375,0,24597.85244140625,24616.5298828125,42.40968701065314,-7.014357762571308,-7.119485571255904,0.1051278086845961
2026-03-06 08:20:00+00:00,24575.150390625,24596.5,24569.94921875,24580.94921875,0,24596.16748046875,24614.4558984375,40.55726031535035,-8.203542850340455,-7.336297027072815,-0.8672458232676394
2026-03-06 08:25:00+00:00,24554.900390625,24574.599609375,24553.94921875,24574.25,0,24593.4125,24612.3958984375,35.50840749490932,-10.657137516252988,-8.00046512490885,-2.656672391344138
2026-03-06 08:30:00+00:00,24567.05078125,24581.94921875,24543.80078125,24555.69921875,0,24591.32255859375,24610.859921875,40.309900489339,-11.48875872867211,-8.698123845661502,-2.790634883010608
2026-03-06 08:35:00+00:00,24584.900390625,24585.0,24564.55078125,24566.44921875,0,24591.6525390625,24610.054921875,46.59974213771665,-10.585487321270191,-9.07559654078324,-1.509890780486952
2026-03-06 08:40:00+00:00,24585.75,24605.69921875,24584.099609375,24584.099609375,0,24591.1875,24609.069921875,46.88663286172119,-9.689388606682767,-9.198354953963149,-0.4910336527196222
2026-03-06 08:45:00+00:00,24609.25,24615.900390625,24585.44921875,24587.19921875,0,24592.34248046875,24608.1829296875,54.21387133451559,-7.002252706573927,-8.759134504485303,1.756881797911376
2026-03-06 08:50:00+00:00,24611.69921875,24612.55078125,24603.099609375,24610.05078125,0,24592.9349609375,24607.349921875,54.91201011405858,-4.6217697767824575,-7.931661558944734,3.3098917821622766
2026-03-06 08:55:00+00:00,24593.0,24616.44921875,24592.30078125,24612.44921875,0,24592.8099609375,24605.739921875,48.79469295431908,-4.195724877066823,-7.184474222569152,2.9887493455023293
2026-03-06 09:00:00+00:00,24583.099609375,24602.30078125,24581.30078125,24593.44921875,0,24592.11748046875,24604.019921875,45.88039245080012,-4.6038892376673175,-6.668357225588785,2.064467987921468
2026-03-06 09:05:00+00:00,24568.900390625,24592.44921875,24567.75,24583.80078125,0,24590.3775390625,24602.3629296875,42.005458744300064,-6.003911366482498,-6.535468053767528,0.5315566872850299
2026-03-06 09:10:00+00:00,24543.44921875,24569.19921875,24534.94921875,24569.19921875,0,24587.54501953125,24600.849921875,36.11728908178131,-9.06266707148825,-7.040907857311672,-2.021759214176577
2026-03-06 09:15:00+00:00,24488.80078125,24559.75,24446.599609375,24543.5,0,24582.230078125,24598.1939453125,27.276087280238627,-15.71526935237489,-8.775780156324316,-6.939489196050573
2026-03-06 09:20:00+00:00,24512.75,24534.80078125,24484.69921875,24488.400390625,0,24577.73505859375,24596.0459375,34.80774300614124,-18.83785175931189,-10.78819447692183,-8.049657282390058
2026-03-06 09:25:00+00:00,24482.55078125,24515.349609375,24481.599609375,24512.150390625,0,24571.97255859375,24593.966953125,30.51603325265671,-23.47869757090666,-13.326295095718798,-10.152402475187865
2026-03-06 09:30:00+00:00,24461.75,24492.80078125,24459.44921875,24481.80078125,0,24564.7025390625,24591.26796875,27.9589549030556,-28.506445955255916,-16.362325267626222,-12.144120687629693
2026-03-06 09:35:00+00:00,24460.05078125,24465.349609375,24445.69921875,24460.94921875,0,24557.22255859375,24588.5919921875,27.754356870988914,-32.25625549051256,-19.54111131220349,-12.715144178309068
2026-03-06 09:40:00+00:00,24441.650390625,24464.099609375,24431.5,24460.150390625,0,24550.0951171875,24584.711015625,25.57208389962049,-36.29438522764031,-22.89176609529085,-13.40261913234945
2026-03-06 09:45:00+00:00,24434.900390625,24443.849609375,24416.650390625,24441.099609375,0,24541.8201171875,24580.6900390625,24.801676651555056,-39.58301239800858,-26.230015355834404,-13.352997042174174
2026-03-06 09:50:00+00:00,24446.80078125,24454.25,24434.0,24434.0,0,24534.4126953125,24577.2740625,28.8702987330729,-40.7591647762456,-29.135845239916645,-11.623319536328951
2026-03-06 09:55:00+00:00,24469.400390625,24474.400390625,24443.150390625,24447.25,0,24528.790234375,24574.5360546875,35.956869754605364,-39.41334193410512,-31.19134457875434,-8.22199735535078
2026-03-09 03:45:00+00:00,23777.25,23958.099609375,23744.75,23868.05078125,0,24488.89521484375,24558.078046875,8.38935004106844,-93.12404360981964,-43.577884384967405,-49.54615922485223
2026-03-09 03:50:00+00:00,23719.19921875,23786.80078125,23715.099609375,23774.349609375,0,24447.11015625,24540.31703125,7.846027261829477,-138.77466657672267,-62.61724082331845,-76.15742575340421
2026-03-09 03:55:00+00:00,23736.80078125,23748.69921875,23697.849609375,23720.94921875,0,24405.59765625,24522.6440625,9.754487216888537,-171.55523324222304,-84.40483930709937,-87.15039393512367
2026-03-09 04:00:00+00:00,23764.400390625,23799.30078125,23735.349609375,23736.75,0,24364.57265625,24505.2210546875,12.80380658400898,-193.08128975944052,-106.1401293975676,-86.94116036187295
2026-03-09 04:05:00+00:00,23766.19921875,23782.400390625,23751.44921875,23764.849609375,0,24323.5951171875,24488.21703125,13.010115248517453,-207.60258091527064,-126.43261970110822,-81.16996121416244
2026-03-09 04:10:00+00:00,23738.69921875,23776.69921875,23737.599609375,23765.55078125,0,24280.067578125,24470.34203125,12.522325533189004,-218.80755169644908,-144.9076061001764,-73.89994559627269
2026-03-09 04:15:00+00:00,23763.900390625,23773.349609375,23711.849609375,23737.400390625,0,24237.67763671875,24453.223046875,15.64367138014238,-223.08249171222636,-160.5425832225864,-62.53990848963994
2026-03-09 04:20:00+00:00,23777.099609375,23784.30078125,23751.25,23761.75,0,24196.8826171875,24436.2510546875,17.307929565880755,-222.8366239415409,-173.0013913663773,-49.83523257516359
2026-03-09 04:25:00+00:00,23774.69921875,23786.400390625,23763.30078125,23776.5,0,24156.46259765625,24419.55203125,17.24131154748764,-220.29602794380844,-182.46031868186355,-37.835709261944885
2026-03-09 04:30:00+00:00,23757.099609375,23789.25,23750.650390625,23773.900390625,0,24115.87255859375,24402.1640234375,16.732777065832607,-217.1989939020641,-189.40805372590367,-27.790940176160436
2026-03-09 04:35:00+00:00,23809.349609375,23813.099609375,23756.5,23758.599609375,0,24079.167578125,24386.1740234375,23.90832696617153,-208.1292493519541,-193.15229285111377,-14.976956500840288
2026-03-09 04:40:00+00:00,23807.25,23834.150390625,23805.19921875,23808.69921875,0,24045.0900390625,24370.1190234375,23.81949881571981,-198.81897104372547,-194.2856284896361,-4.533342554089359
2026-03-09 04:45:00+00:00,23764.44921875,23806.19921875,23755.849609375,23806.19921875,0,24007.675,24353.231015625,22.02319560756796,-192.6731575282356,-193.963134297356,1.2899767691204147
2026-03-09 04:50:00+00:00,23776.75,23797.19921875,23761.75,23764.5,0,23972.3849609375,24337.2,23.801712200351787,-184.68109706705943,-192.1067268512967,7.425629784237259
2026-03-09 04:55:00+00:00,23782.599609375,23787.69921875,23758.099609375,23776.30078125,0,23938.42744140625,24320.9509765625,24.68149012635645,-175.84824784315424,-188.85503104966824,13.006783206514
2026-03-09 05:00:00+00:00,23753.099609375,23785.19921875,23749.900390625,23781.849609375,0,23903.0798828125,24304.2899609375,23.225139290665997,-169.27723209401665,-184.93947125853796,15.662239164521282
2026-03-09 05:05:00+00:00,23774.0,23791.75,23744.849609375,23752.30078125,0,23869.69736328125,24287.77296875,26.532685122286765,-160.53264748749643,-180.05810650432963,19.5254590168332
2026-03-09 05:10:00+00:00,23782.099609375,23787.30078125,23763.94921875,23774.349609375,0,23837.05732421875,24271.5049609375,27.83027144770344,-151.2059226463498,-174.28766973273366,23.08174708638387
2026-03-09 05:15:00+00:00,23754.650390625,23784.900390625,23754.0,23783.400390625,0,23802.4498046875,24254.658984375,26.1449581738747,-144.36519644435612,-168.30317507505816,23.937978630702048
2026-03-09 05:20:00+00:00,23851.44921875,23862.349609375,23750.150390625,23754.94921875,0,23771.55224609375,24239.613984375,39.95422053175484,-129.63862186080223,-160.57026443220698,30.93164257140475
2026-03-09 05:25:00+00:00,23861.69921875,23896.0,23847.30078125,23852.650390625,0,23775.77470703125,24224.8459765625,41.20779045519393,-115.80568027128538,-151.61734760002267,35.811667328737286
2026-03-09 05:30:00+00:00,23849.0,23871.650390625,23836.55078125,23862.349609375,0,23782.26474609375,24209.923984375,40.09105230039221,-104.66122576073758,-142.22612323216566,37.56489747142808
2026-03-09 05:35:00+00:00,23830.30078125,23854.150390625,23824.69921875,23848.650390625,0,23786.93974609375,24194.4769921875,38.4391770411057,-96.2287705799863,-133.0266527017298,36.7978821217435
2026-03-09 05:40:00+00:00,23818.599609375,23837.30078125,23784.44921875,23830.650390625,0,23789.64970703125,24178.89296875,37.40069254574635,-89.45894880070773,-124.3131119215254,34.85416312081766
2026-03-09 05:45:00+00:00,23834.099609375,23837.099609375,23787.44921875,23819.5,0,23793.0447265625,24163.431953125,39.72374605047263,-81.89901494172227,-115.83029252556476,33.9312775838425
2026-03-09 05:50:00+00:00,23847.0,23864.75,23831.849609375,23834.05078125,0,23798.459765625,24148.1789453125,41.66410204858787,-74.01357674090104,-107.46694936863204,33.453372627731
2026-03-09 05:55:00+00:00,23877.75,23888.650390625,23840.05078125,23846.80078125,0,23804.15224609375,24134.0499609375,46.1167266054316,-64.53907585147317,-98.88137466520028,34.34229881372711
2026-03-09 06:00:00+00:00,23882.150390625,23890.0,23863.900390625,23877.25,0,23809.40478515625,24119.6849609375,46.74317636150223,-56.0295174882267,-90.31100322980556,34.28148574157886
2026-03-09 06:05:00+00:00,23901.099609375,23904.80078125,23881.44921875,23881.44921875,0,23815.7248046875,24105.80796875,49.467673337587584,-47.21235297299791,-81.69127317844404,34.47892020544613
2026-03-09 06:10:00+00:00,23897.650390625,23932.0,23891.55078125,23901.05078125,0,23822.75234375,24092.123984375,48.97652447233965,-40.04143693716105,-73.36130593018744,33.31986899302639
2026-03-09 06:15:00+00:00,23892.94921875,23910.5,23878.75,23897.650390625,0,23826.93232421875,24078.4799609375,48.27302105064104,-34.34190746393142,-65.55742623693624,31.215518773004817
2026-03-09 06:20:00+00:00,23891.75,23899.30078125,23884.099609375,23892.55078125,0,23831.15732421875,24065.216953125,48.08328522219023,-29.580767549414304,-58.362094499431855,28.78132695001755
2026-03-09 06:25:00+00:00,23886.55078125,23898.19921875,23882.099609375,23892.400390625,0,23837.26240234375,24051.606953125,47.21679094336072,-25.928179453436314,-51.875311490232754,25.94713203679644
2026-03-09 06:30:00+00:00,23881.400390625,23888.599609375,23867.150390625,23887.19921875,0,23842.494921875,24037.536953125,46.326186454355735,-23.181844676488254,-46.13661812748386,22.954773450995603
2026-03-09 06:35:00+00:00,23841.94921875,23882.599609375,23841.94921875,23882.599609375,0,23845.46240234375,24022.6609375,40.08863545814224,-23.9130793492368,-41.691910371834446,17.77883102259765
2026-03-09 06:40:00+00:00,23855.80078125,23869.19921875,23828.349609375,23841.80078125,0,23850.5974609375,24007.591953125,42.99101629892224,-23.10850233387464,-37.97522876424248,14.86672643036784
2026-03-09 06:45:00+00:00,23852.400390625,23866.80078125,23848.94921875,23855.349609375,0,23854.51748046875,23992.4059765625,42.4473770868934,-22.48604720264848,-34.87739245192368,12.391345249275204
2026-03-09 06:50:00+00:00,23863.849609375,23864.80078125,23839.19921875,23852.599609375,0,23858.60498046875,23977.82296875,44.9706219244738,-20.828789439408865,-32.06767184942072,11.238882410011854
2026-03-09 06:55:00+00:00,23863.25,23870.849609375,23854.099609375,23865.0,0,23864.0349609375,23963.4259765625,44.859697328345966,-19.340835080012766,-29.52230449553913,10.181469415526363
2026-03-09 07:00:00+00:00,23844.849609375,23870.69921875,23844.849609375,23862.19921875,0,23863.70498046875,23948.9449609375,41.47853743696932,-19.42248792430109,-27.502341181291527,8.079853256990432
2026-03-09 07:05:00+00:00,23866.94921875,23871.150390625,23834.099609375,23844.5,0,23863.96748046875,23935.4149609375,46.67690469761891,-17.50219025473416,-25.502310995980057,8.000120741245897
2026-03-09 07:10:00+00:00,23873.25,23883.150390625,23859.0,23867.5,0,23865.17998046875,23923.1039453125,48.092618279439606,-15.2956019494668,-23.46096918667741,8.16536723721061
2026-03-09 07:15:00+00:00,23855.69921875,23884.0,23854.30078125,23873.44921875,0,23866.44990234375,23909.9629296875,44.544932956161205,-14.792546915999992,-21.72728473254193,6.934737816541936
2026-03-09 07:20:00+00:00,23889.150390625,23891.400390625,23854.400390625,23856.099609375,0,23869.97744140625,23898.094921875,51.83742457304822,-11.561369895011012,-19.694101765035747,8.132731870024735
2026-03-09 07:25:00+00:00,23909.650390625,23914.94921875,23881.0,23889.5,0,23873.75498046875,23887.0529296875,55.683577968281256,-7.262739808531478,-17.207829373734892,9.945089565203414
2026-03-09 07:30:00+00:00,23915.05078125,23917.75,23890.19921875,23910.94921875,0,23877.15751953125,23876.1529296875,56.66534454714133,-3.3813005762967805,-14.442523614247271,11.06122303795049
2026-03-09 07:35:00+00:00,23896.5,23918.19921875,23893.400390625,23914.44921875,0,23878.09501953125,23865.249921875,52.37319965297716,-1.7815879946138011,-11.910336490320578,10.128748495706777
2026-03-09 07:40:00+00:00,23870.69921875,23900.25,23863.349609375,23897.55078125,0,23877.5224609375,23853.9658984375,47.036782372228814,-2.566130909308413,-10.041495374118146,7.475364464809733
2026-03-09 07:45:00+00:00,23863.400390625,23883.75,23853.849609375,23869.69921875,0,23875.6375,23842.297890625,45.62063970146778,-3.733800326419441,-8.779956364578405,5.046156038158964
2026-03-09 07:50:00+00:00,23868.099609375,23902.80078125,23861.150390625,23863.349609375,0,23874.1599609375,23830.271875,46.73259706523713,-4.23122415376929,-7.870209922416582,3.638985768647293
2026-03-09 07:55:00+00:00,23881.05078125,23906.849609375,23858.75,23866.75,0,23873.5650390625,23832.347890625,49.78045620886629,-3.539582681991305,-7.004084474331527,3.4645017923402213
2026-03-09 08:00:00+00:00,23912.44921875,23937.55078125,23882.150390625,23882.150390625,0,23874.6,23836.212890625,56.30759663722978,-0.4526425524563819,-5.693796089956498,5.241153537500116
2026-03-09 08:05:00+00:00,23908.30078125,23914.400390625,23891.30078125,23912.30078125,0,23875.6875,23839.642890625,55.2851980024266,1.640129116582102,-4.227011048648778,5.8671401652308806
2026-03-09 08:10:00+00:00,23903.400390625,23919.349609375,23899.30078125,23909.05078125,0,23876.7875,23842.422890625,54.03702289701892,2.870159757661895,-2.807576887386644,5.677736645048539
2026-03-09 08:15:00+00:00,23886.19921875,23907.05078125,23876.900390625,23902.849609375,0,23879.0,23844.822890625,49.78787131784601,2.4289773495875124,-1.7602660399918129,4.1892433895793255
2026-03-09 08:20:00+00:00,23900.900390625,23910.349609375,23882.69921875,23886.75,0,23881.25498046875,23848.0669140625,53.17671322256859,3.228384018762881,-0.7625360282408741,3.990920047003755
2026-03-09 08:25:00+00:00,23878.0,23911.55078125,23876.05078125,23901.150390625,0,23882.5349609375,23850.34890625,47.76843184445518,1.99109729639531,-0.2118093633136373,2.2029066597089475
2026-03-09 08:30:00+00:00,23883.599609375,23885.69921875,23859.599609375,23878.5,0,23883.5224609375,23852.47890625,49.13079308588434,1.445715030480642,0.1196955154452185,1.3260195150354233
2026-03-09 08:35:00+00:00,23894.900390625,23900.19921875,23876.650390625,23883.650390625,0,23885.10498046875,23854.8829296875,51.859787444932046,1.903432670798793,0.4764429465159334,1.4269897242828595
2026-03-09 08:40:00+00:00,23881.349609375,23904.80078125,23878.75,23895.099609375,0,23886.92998046875,23857.3679296875,48.49986863508555,1.1593778143978852,0.6130299200923238,0.5463478943055614
2026-03-09 08:45:00+00:00,23875.69921875,23886.849609375,23865.900390625,23883.599609375,0,23887.36748046875,23858.694921875,47.12872619372432,0.1124731583659013,0.5129185677470394,-0.400445409381138
2026-03-09 08:50:00+00:00,23897.650390625,23901.150390625,23863.94921875,23875.44921875,0,23888.5875,23860.5029296875,52.72083635227894,1.0420576012620586,0.6187463744500432,0.4233112268120154
2026-03-09 08:55:00+00:00,23903.55078125,23917.30078125,23891.80078125,23899.150390625,0,23890.980078125,23863.2849609375,54.12538289158562,2.2291756322956644,0.9408322260191676,1.288343406276497
2026-03-09 09:00:00+00:00,23907.55078125,23925.0,23895.599609375,23902.5,0,23891.90009765625,23865.9009765625,55.09921522645015,3.452938469916262,1.4432534747985866,2.0096849951176754
2026-03-09 09:05:00+00:00,23929.75,23931.55078125,23901.150390625,23907.75,0,23892.905078125,23868.843984375,60.15458033107908,6.14325514075972,2.3832538079908137,3.7600013327689066
2026-03-09 09:10:00+00:00,23946.55078125,23956.30078125,23914.0,23929.80078125,0,23894.480078125,23872.7130078125,63.503652227615774,9.521277758762151,3.8108585981450815,5.710419160617072
2026-03-09 09:15:00+00:00,23981.05078125,24016.849609375,23939.30078125,23946.94921875,0,23898.7076171875,23876.8540234375,69.22411226286935,14.811508838291047,6.010988646174274,8.800520192116773
2026-03-09 09:20:00+00:00,24012.150390625,24012.44921875,23968.099609375,23981.05078125,0,23905.78017578125,23881.4550390625,73.28854237083661,21.26836517452466,9.062463951844352,12.205901222680309
2026-03-09 09:25:00+00:00,24008.80078125,24018.55078125,23991.349609375,24011.650390625,0,23913.0501953125,23886.538046875,72.18281816461288,25.81757591317364,12.413486344110211,13.40408956906343
2026-03-09 09:30:00+00:00,24048.30078125,24056.30078125,23973.94921875,24011.0,0,23922.06025390625,23890.475078125,76.65562894734413,32.238552122507826,16.378499499789733,15.860052622718094
2026-03-09 09:35:00+00:00,24033.650390625,24075.849609375,24021.599609375,24049.400390625,0,23929.690234375,23893.9141015625,72.02953147765149,35.73314845178902,20.249429290189592,15.483719161599428
2026-03-09 09:40:00+00:00,24047.80078125,24061.0,24024.69921875,24033.30078125,0,23936.4578125,23897.8901171875,73.681621698535,39.19267077157565,24.038077586466805,15.154593185108844
2026-03-09 09:45:00+00:00,24039.650390625,24056.150390625,24037.80078125,24047.69921875,0,23943.02529296875,23902.077109375,71.0775025138186,40.80630899765674,27.391723868704798,13.414585128951948
2026-03-09 09:50:00+00:00,24015.69921875,24040.75,24006.150390625,24040.599609375,0,23948.640234375,23906.0191015625,63.92725960713047,39.69489151527159,29.85235739801816,9.842534117253436
2026-03-09 09:55:00+00:00,24007.599609375,24016.849609375,23994.69921875,24014.650390625,0,23954.71025390625,23909.4891015625,61.66797815565327,37.72563671123135,31.427013260660797,6.2986234505705525
2026-03-10 03:45:00+00:00,24150.400390625,24296.900390625,24150.400390625,24287.099609375,0,23967.18525390625,23915.557109375,77.06070384121864,47.14436678828133,34.5704839661849,12.57388282209643
2026-03-10 03:50:00+00:00,24152.599609375,24174.650390625,24138.599609375,24150.69921875,0,23980.915234375,23921.0541015625,77.2124695291244,54.16189222713001,38.488765618373925,15.673126608756084
2026-03-10 03:55:00+00:00,24159.80078125,24171.19921875,24126.599609375,24151.650390625,0,23994.72529296875,23926.607109375,77.7319802737744,59.617176384606864,42.71444777162051,16.90272861298635
2026-03-10 04:00:00+00:00,24124.44921875,24164.599609375,24121.30078125,24159.349609375,0,24006.202734375,23931.0741015625,69.37085999653127,60.39179372867147,46.24991696303072,14.14187676564076
2026-03-10 04:05:00+00:00,24093.400390625,24124.25,24086.400390625,24124.25,0,24016.8052734375,23934.9891015625,62.9648957485194,57.833632495636266,48.56666006955183,9.266972426084436
2026-03-10 04:10:00+00:00,24153.44921875,24155.25,24089.349609375,24093.150390625,0,24030.6927734375,23940.1991015625,68.93893164517321,59.96052229174165,50.8454325139898,9.115089777751855
2026-03-10 04:15:00+00:00,24136.650390625,24157.19921875,24115.05078125,24151.400390625,0,24042.6427734375,23945.097109375,65.74394427435462,59.60350068849221,52.59704614889028,7.0064545396019255
2026-03-10 04:20:00+00:00,24131.400390625,24140.25,24121.80078125,24136.599609375,0,24054.03525390625,23949.9941015625,64.73421835297783,58.2257373162829,53.7227843823688,4.502952933914102
2026-03-10 04:25:00+00:00,24093.099609375,24131.94921875,24079.94921875,24131.849609375,0,24063.3126953125,23954.2280859375,57.76411974912162,53.42741893559287,53.66371129301362,-0.2362923574207514
2026-03-10 04:30:00+00:00,24131.599609375,24138.650390625,24091.30078125,24092.05078125,0,24073.40517578125,23960.02109375,62.173149022300535,52.13041827908455,53.35705269022781,-1.2266344111432588
2026-03-10 04:35:00+00:00,24139.5,24147.5,24121.400390625,24130.80078125,0,24083.05263671875,23965.695078125,63.02610987152842,51.15040142394355,52.91572243697097,-1.7653210130274175
2026-03-10 04:40:00+00:00,24151.05078125,24160.94921875,24131.099609375,24139.150390625,0,24091.55263671875,23971.6680859375,64.29381948274013,50.72110123630773,52.47679819683832,-1.7556969605305852
2026-03-10 04:45:00+00:00,24204.55078125,24213.69921875,24149.30078125,24151.5,0,24101.17265625,23978.482109375,69.50852898015276,54.074542955553625,52.796347148581376,1.2781958069722492
2026-03-10 04:50:00+00:00,24169.0,24208.19921875,24151.900390625,24205.0,0,24109.1826171875,23984.597109375,62.93143004870727,53.24968946829176,52.887015612523456,0.3626738557683069
2026-03-10 04:55:00+00:00,24160.599609375,24175.94921875,24153.19921875,24169.19921875,0,24114.79755859375,23990.912109375,61.4517575527,51.326486037036375,52.57490969742604,-1.248423660389662
2026-03-10 05:00:00+00:00,24200.30078125,24207.30078125,24159.099609375,24160.30078125,0,24123.130078125,23997.579140625,65.57179284287426,52.40183055201123,52.540293868343085,-0.1384633163318511
2026-03-10 05:05:00+00:00,24193.19921875,24209.150390625,24185.44921875,24200.30078125,0,24130.4,24003.978125,64.24898161294911,52.08065866998732,52.448366828671936,-0.3677081586846213
2026-03-10 05:10:00+00:00,24217.05078125,24224.80078125,24191.5,24192.69921875,0,24139.27001953125,24011.20515625,66.68023565467149,53.13820524481344,52.58633451190024,0.5518707329131942
2026-03-10 05:15:00+00:00,24222.400390625,24233.19921875,24213.25,24217.19921875,0,24149.605078125,24017.87015625,67.21870129780808,53.787953249368,52.8266582593938,0.9612949899742064
2026-03-10 05:20:00+00:00,24192.05078125,24225.80078125,24184.94921875,24222.19921875,0,24158.82763671875,24023.5181640625,61.1782568650945,51.26299548798852,52.51392570511274,-1.2509302171242211
2026-03-10 05:25:00+00:00,24197.400390625,24198.80078125,24173.94921875,24192.19921875,0,24161.17763671875,24029.16515625,61.82937780769286,49.12730801268481,51.83660216662716,-2.709294153942352
2026-03-10 05:30:00+00:00,24202.650390625,24207.30078125,24186.599609375,24197.599609375,0,24163.68017578125,24035.2881640625,62.49420221595595,47.31299665154438,50.93188106361061,-3.6188844120662234
2026-03-10 05:35:00+00:00,24219.599609375,24219.599609375,24196.75,24202.80078125,0,24166.6701171875,24042.266171875,64.63570101400353,46.704422617585806,50.08638937440565,-3.3819667568198426
2026-03-10 05:40:00+00:00,24222.400390625,24224.94921875,24216.19921875,24219.099609375,0,24171.56767578125,24049.446171875,64.99142086432613,45.91879961243103,49.25287142201073,-3.3340718095796973
2026-03-10 05:45:00+00:00,24210.25,24243.5,24208.30078125,24222.19921875,0,24177.41015625,24056.2891796875,62.07432445591444,43.810729919081496,48.16444312142488,-4.3537132023433855
2026-03-10 05:50:00+00:00,24233.30078125,24234.44921875,24206.099609375,24210.80078125,0,24181.402734375,24063.3341796875,65.26002093491701,43.49864954772056,47.23128440668402,-3.7326348589634577
2026-03-10 05:55:00+00:00,24229.0,24237.69921875,24216.94921875,24233.400390625,0,24186.02021484375,24069.6651953125,64.17685280409931,42.41534876334481,46.26809727801618,-3.8527485146713687
2026-03-10 06:00:00+00:00,24244.650390625,24246.849609375,24226.94921875,24229.55078125,0,24191.68271484375,24076.3921875,66.36465031296098,42.331707244091376,45.48081927123122,-3.149112027139843
2026-03-10 06:05:00+00:00,24252.05078125,24255.05078125,24242.349609375,24245.400390625,0,24199.6302734375,24083.3651953125,67.3791520110454,42.374108072381205,44.85947703146122,-2.485368959080013
2026-03-10 06:10:00+00:00,24250.099609375,24255.30078125,24247.849609375,24252.30078125,0,24205.5552734375,24090.643203125,66.80700922370085,41.768783237595926,44.24133827268816,-2.4725550350922347
2026-03-10 06:15:00+00:00,24208.19921875,24250.5,24208.0,24250.0,0,24208.990234375,24096.7891796875,55.84119639412465,37.47604705521371,42.88828002919328,-5.412232973979563
2026-03-10 06:20:00+00:00,24213.150390625,24214.599609375,24195.69921875,24207.44921875,0,24212.09521484375,24103.4921875,56.74470581076579,34.080680029925134,41.12676002933965,-7.046079999414516
2026-03-10 06:25:00+00:00,24210.650390625,24225.25,24193.900390625,24214.30078125,0,24212.4001953125,24110.033203125,56.12032115501722,30.83267817216256,39.06794365790424,-8.235265485741678
2026-03-10 06:30:00+00:00,24214.150390625,24222.75,24207.94921875,24210.80078125,0,24214.65771484375,24116.418203125,56.83639417347888,28.21578009930454,36.8975109461843,-8.68173084687976
2026-03-10 06:35:00+00:00,24205.30078125,24229.44921875,24205.30078125,24214.44921875,0,24216.8927734375,24122.8972265625,54.41826604298714,25.13800473482479,34.5456097039124,-9.407604969087608
2026-03-10 06:40:00+00:00,24172.5,24215.900390625,24172.5,24205.349609375,0,24215.502734375,24128.8332421875,46.51835951694118,19.823582742887083,31.60120431170734,-11.777621568820257
2026-03-10 06:45:00+00:00,24184.5,24189.44921875,24149.94921875,24173.099609375,0,24215.0677734375,24134.570234375,49.41176009631594,16.391216991443798,28.55920684765463,-12.16798985621083
2026-03-10 06:50:00+00:00,24152.0,24186.650390625,24143.05078125,24184.400390625,0,24211.815234375,24139.53921875,42.677503654898544,10.9226544569392,25.031896369511543,-14.109241912572347
2026-03-10 06:55:00+00:00,24162.650390625,24166.05078125,24147.599609375,24152.0,0,24208.827734375,24144.6412109375,45.30807101150896,7.36329725660471,21.498176546930186,-14.134879290325472
2026-03-10 07:00:00+00:00,24160.900390625,24165.900390625,24153.150390625,24163.30078125,0,24207.27021484375,24149.26421875,44.94311151988321,4.351113726352196,18.068763982814584,-13.717650256462388
2026-03-10 07:05:00+00:00,24157.0,24191.5,24156.5,24160.0,0,24205.2501953125,24153.473203125,44.090658575978495,1.6304132613258844,14.781093838516844,-13.15068057719096
2026-03-10 07:10:00+00:00,24147.05078125,24163.349609375,24142.44921875,24156.650390625,0,24202.47021484375,24156.793203125,41.907121030088575,-1.3134397470130352,11.562187121410869,-12.875626868423904
2026-03-10 07:15:00+00:00,24184.5,24184.5,24142.75,24147.599609375,0,24200.715234375,24160.2401953125,51.61944927342188,-0.6175072493097105,9.126248247266751,-9.743755496576464
2026-03-10 07:20:00+00:00,24218.400390625,24220.05078125,24181.900390625,24184.44921875,0,24200.515234375,24164.4321875,58.3996702557615,2.639080794466281,7.8288147567066595,-5.189733962240378
2026-03-10 07:25:00+00:00,24219.150390625,24231.349609375,24209.400390625,24218.55078125,0,24200.96025390625,24167.8491796875,58.53811082352813,5.220292728543427,7.307110351074014,-2.086817622530587
2026-03-10 07:30:00+00:00,24224.099609375,24236.5,24213.599609375,24219.400390625,0,24200.5001953125,24171.6581640625,59.49602007426898,7.577928728424013,7.361274026544014,0.2166547018799987
2026-03-10 07:35:00+00:00,24206.30078125,24226.69921875,24201.55078125,24226.349609375,0,24199.365234375,24174.8281640625,54.60967311791471,7.91887174139265,7.472793569513742,0.4460781718789075
2026-03-10 07:40:00+00:00,24209.349609375,24217.849609375,24194.900390625,24208.05078125,0,24197.6001953125,24178.2221484375,55.28708926546148,8.338960143388249,7.646026884288644,0.6929332590996049
2026-03-10 07:45:00+00:00,24215.400390625,24219.05078125,24203.599609375,24209.900390625,0,24195.76767578125,24182.216171875,56.66922866762976,9.055741753007169,7.92796985803235,1.1277718949748188
2026-03-10 07:50:00+00:00,24199.849609375,24225.30078125,24190.400390625,24215.75,0,24193.25517578125,24186.061171875,52.20301084218288,8.273605287573446,7.99709694394057,0.2765083436328757
2026-03-10 07:55:00+00:00,24212.599609375,24213.349609375,24191.849609375,24199.349609375,0,24193.4751953125,24187.30515625,55.31271600649669,8.5836282244818,8.114403200048816,0.4692250244329834
2026-03-10 08:00:00+00:00,24231.80078125,24236.05078125,24212.400390625,24212.55078125,0,24194.40771484375,24188.8891796875,59.57791785405559,10.26042197733841,8.543606955506736,1.716815021831675
2026-03-10 08:05:00+00:00,24252.150390625,24262.849609375,24215.75,24231.400390625,0,24196.48271484375,24190.736171875,63.54874629726424,13.08055205319397,9.450995975044185,3.629556078149786
2026-03-10 08:10:00+00:00,24238.55078125,24258.099609375,24230.349609375,24251.69921875,0,24197.702734375,24193.018203125,59.3525403384847,14.056120429686416,10.37202086597263,3.6840995637137866
2026-03-10 08:15:00+00:00,24233.650390625,24238.69921875,24223.5,24238.5,0,24199.12021484375,24195.823203125,57.86971465567383,14.269356567339855,11.151488006246076,3.117868561093779
2026-03-10 08:20:00+00:00,24239.5,24253.5,24232.75,24233.80078125,0,24202.47021484375,24197.54421875,59.18069810642111,14.740443672995752,11.869279139596014,2.871164533399739
2026-03-10 08:25:00+00:00,24233.19921875,24244.349609375,24232.80078125,24239.69921875,0,24204.90517578125,24199.4751953125,57.11895165182292,14.438920323605998,12.383207376398012,2.0557129472079865
2026-03-10 08:30:00+00:00,24233.349609375,24236.650390625,24215.599609375,24233.44921875,0,24208.97265625,24201.5141796875,57.15731732961876,14.050134953584347,12.71659289183528,1.3335420617490676
2026-03-10 08:35:00+00:00,24275.5,24289.94921875,24227.650390625,24232.80078125,0,24214.61513671875,24205.1621875,66.26691281667419,16.94783985651884,13.562842284771992,3.3849975717468475
2026-03-10 08:40:00+00:00,24285.94921875,24294.0,24269.599609375,24276.75,0,24220.867578125,24208.2491796875,68.07894762800461,19.858539611163,14.821981750050195,5.036557861112801
2026-03-10 08:45:00+00:00,24252.849609375,24296.650390625,24248.44921875,24286.25,0,24225.66005859375,24210.516171875,57.53575799808237,19.27226955869264,15.712039311778684,3.5602302469139566
2026-03-10 08:50:00+00:00,24239.349609375,24253.80078125,24222.44921875,24252.650390625,0,24230.275,24212.2821484375,53.87128044549182,17.516391089564422,16.072909667335836,1.4434814222285866
2026-03-10 08:55:00+00:00,24235.44921875,24244.44921875,24221.25,24238.05078125,0,24232.8224609375,24212.9001171875,52.82446918162986,15.629943565720168,15.984316447012704,-0.3543728812925355
2026-03-10 09:00:00+00:00,24215.150390625,24245.94921875,24201.94921875,24235.19921875,0,24232.6599609375,24213.823125,47.63648823540056,12.35455886253476,15.258364930117116,-2.903806067582357
2026-03-10 09:05:00+00:00,24228.44921875,24245.150390625,24214.05078125,24215.30078125,0,24233.12490234375,24215.1801171875,51.02978857133103,10.708456750493497,14.348383294192391,-3.639926543698897
2026-03-10 09:10:00+00:00,24224.599609375,24236.400390625,24203.05078125,24227.5,0,24233.14990234375,24215.66609375,50.019328023524885,8.989650567265926,13.276636748807102,-4.286986181541176
2026-03-10 09:15:00+00:00,24264.599609375,24267.650390625,24208.5,24224.849609375,0,24236.06484375,24217.0941015625,59.08510524204811,10.731444576787908,12.767598314403264,-2.036153737615356
2026-03-10 09:20:00+00:00,24263.80078125,24278.150390625,24240.349609375,24265.75,0,24238.78740234375,24218.0291015625,58.85550724354614,11.91007815744888,12.596094283012388,-0.6860161255635084
2026-03-10 09:25:00+00:00,24261.44921875,24273.900390625,24250.150390625,24263.849609375,0,24241.08984375,24218.810078125,58.13928527938296,12.510192607740464,12.578913947958004,-0.0687213402175395
2026-03-10 09:30:00+00:00,24252.400390625,24264.05078125,24217.5,24261.94921875,0,24243.7173828125,24220.0170703125,55.348130127763575,12.115957610301848,12.486322680426772,-0.3703650701249241
2026-03-10 09:35:00+00:00,24259.0,24269.19921875,24246.55078125,24252.05078125,0,24246.03740234375,24221.2490625,56.97064865227232,12.195475011336384,12.428153146608697,-0.2326781352723124
2026-03-10 09:40:00+00:00,24258.0,24276.25,24250.599609375,24259.0,0,24247.34736328125,24222.3560546875,56.63483364902126,12.03902311742786,12.350327140772531,-0.3113040233446718
2026-03-10 09:45:00+00:00,24274.25,24280.400390625,24256.94921875,24257.400390625,0,24248.45234375,24223.4490625,60.68984213674914,13.075546298925474,12.49537097240312,0.5801753265223528
2026-03-10 09:50:00+00:00,24291.349609375,24292.0,24254.0,24273.599609375,0,24251.09228515625,24224.828046875,64.45628259056853,15.10269943914318,13.016836665751134,2.085862773392046
2026-03-10 09:55:00+00:00,24286.150390625,24302.5,24281.25,24291.599609375,0,24253.71728515625,24226.3460546875,62.495577888865576,16.104061806105165,13.63428169382194,2.4697801122832246
2026-03-11 03:45:00+00:00,24285.900390625,24293.5,24220.5,24262.69921875,0,24256.0373046875,24227.398046875,62.39729016752035,16.685139879293274,14.244453330916208,2.440686548377066
2026-03-11 03:50:00+00:00,24242.5,24298.44921875,24239.349609375,24288.80078125,0,24256.50234375,24227.668046875,48.21943819623535,13.4881170106637,14.093186066865709,-0.6050690562020069
2026-03-11 03:55:00+00:00,24237.349609375,24250.349609375,24214.650390625,24243.599609375,0,24256.70234375,24227.52203125,46.85872563001232,10.418758906911536,13.358300634874874,-2.93954172796334
2026-03-11 04:00:00+00:00,24228.599609375,24238.25,24203.5,24237.900390625,0,24254.35732421875,24227.0530078125,44.55821320010358,7.1972531685642025,12.126091141612742,-4.928837973048539
2026-03-11 04:05:00+00:00,24192.44921875,24230.69921875,24182.849609375,24228.75,0,24249.68232421875,24225.9,36.570014363122766,1.7074696123854665,10.042366835767288,-8.334897223381821
2026-03-11 04:10:00+00:00,24187.650390625,24197.599609375,24173.849609375,24194.69921875,0,24246.42236328125,24225.4890234375,35.656189617093744,-2.995913703565748,7.434710727900682,-10.43062443146643
2026-03-11 04:15:00+00:00,24198.80078125,24207.5,24179.94921875,24188.94921875,0,24244.394921875,24225.20203125,39.4427386070172,-5.757269314879522,4.796314719344641,-10.553584034224164
2026-03-11 04:20:00+00:00,24148.55078125,24205.349609375,24147.19921875,24199.30078125,0,24240.05,24223.9600390625,30.680267271526404,-11.86366166773223,1.464319441929267,-13.327981109661495
2026-03-11 04:25:00+00:00,24153.69921875,24170.55078125,24145.44921875,24148.349609375,0,24236.97744140625,24222.751015625,32.338797245047544,-16.10197221008275,-2.0489388884731365,-14.053033321609613
2026-03-11 04:30:00+00:00,24160.599609375,24161.69921875,24134.25,24154.599609375,0,24233.5849609375,24221.8569921875,34.59742272193037,-18.688629112661147,-5.376876933310739,-13.311752179350409
2026-03-11 04:35:00+00:00,24118.19921875,24160.94921875,24117.25,24160.94921875,0,24228.26494140625,24220.7709765625,28.337760497533356,-23.884603668957425,-9.078422280440076,-14.806181388517349
2026-03-11 04:40:00+00:00,24116.5,24125.900390625,24109.849609375,24118.849609375,0,24220.8599609375,24219.4109765625,28.11819770355636,-27.818884903445,-12.82651480504106,-14.992370098403937
2026-03-11 04:45:00+00:00,24124.0,24132.25,24112.0,24117.099609375,0,24213.869921875,24218.8509765625,30.67149686036417,-29.98598404837685,-16.25840865370822,-13.72757539466863
2026-03-11 04:50:00+00:00,24125.05078125,24130.349609375,24104.55078125,24124.599609375,0,24207.05,24218.098984375,31.04107727397053,-31.258310127184814,-19.25838894840354,-11.999921178781277
2026-03-11 04:55:00+00:00,24121.650390625,24131.94921875,24111.0,24126.30078125,0,24200.5125,24217.313984375,30.47491515550334,-32.170182972378825,-21.8407477531986,-10.329435219180226
2026-03-11 05:00:00+00:00,24125.400390625,24141.94921875,24119.400390625,24122.349609375,0,24193.83251953125,24216.6819921875,31.949010611392765,-32.21885619328896,-23.916369441216677,-8.302486752072284
2026-03-11 05:05:00+00:00,24085.55078125,24125.599609375,24084.900390625,24125.349609375,0,24185.21005859375,24215.4519921875,25.71060208870398,-35.0687102487791,-26.14683760272916,-8.921872646049938
2026-03-11 05:10:00+00:00,24074.099609375,24101.400390625,24070.19921875,24087.0,0,24175.2025390625,24213.243984375,24.245531167369748,-37.81534226235453,-28.48053853465424,-9.334803727700296
2026-03-11 05:15:00+00:00,24087.599609375,24088.349609375,24049.400390625,24074.0,0,24165.0150390625,24210.62796875,29.356323266418517,-38.45939478282162,-30.476309784287714,-7.983084998533904
2026-03-11 05:20:00+00:00,24083.44921875,24097.650390625,24072.349609375,24087.400390625,0,24154.87998046875,24207.9139453125,28.71492536095731,-38.85679592668748,-32.15240701276767,-6.704388913919814
2026-03-11 05:25:00+00:00,24102.94921875,24104.05078125,24080.349609375,24083.44921875,0,24145.732421875,24205.4909375,35.810979876165646,-37.16978205447958,-33.15588202111005,-4.013900033369531
2026-03-11 05:30:00+00:00,24110.849609375,24114.099609375,24089.900390625,24102.94921875,0,24139.14990234375,24203.5819140625,38.482837233808425,-34.7942296881738,-33.483551554522805,-1.3106781336509954
2026-03-11 05:35:00+00:00,24085.650390625,24111.94921875,24083.650390625,24111.44921875,0,24131.56494140625,24201.1079296875,33.668859055274595,-34.54672058707365,-33.696185361032974,-0.8505352260406767
2026-03-11 05:40:00+00:00,24071.400390625,24087.400390625,24063.30078125,24085.75,0,24123.70498046875,24198.2279296875,31.28548403567568,-35.09586051541555,-33.97612039190949,-1.1197401235060624
2026-03-11 05:45:00+00:00,24042.099609375,24073.75,24037.900390625,24073.75,0,24116.1875,24195.0729296875,27.04597432680609,-37.46352978388313,-34.67360227030422,-2.7899275135789097
2026-03-11 05:50:00+00:00,24010.599609375,24042.099609375,24010.150390625,24042.099609375,0,24107.3349609375,24191.0329296875,23.37822003113192,-41.404427019475406,-36.01976722013846,-5.384659799336944
2026-03-11 05:55:00+00:00,24033.55078125,24033.69921875,24011.94921875,24013.5,0,24099.0724609375,24187.0679296875,30.74730059098705,-42.189316532894736,-37.25367708268972,-4.9356394502050165
2026-03-11 06:00:00+00:00,24001.19921875,24034.349609375,23997.05078125,24033.900390625,0,24091.7048828125,24182.04890625,26.830236736902503,-44.904219951862615,-38.7837856565243,-6.120434295338313
2026-03-11 06:05:00+00:00,24009.599609375,24023.599609375,23986.849609375,24001.44921875,0,24084.49990234375,24177.4698828125,29.347172370744214,-45.84943540174936,-40.19691560556932,-5.652519796180044
2026-03-11 06:10:00+00:00,24013.94921875,24014.25,24000.099609375,24010.44921875,0,24077.1673828125,24173.075859375,30.676873563338543,-45.72051074252158,-41.30163463295977,-4.418876109561815
2026-03-11 06:15:00+00:00,23996.75,24015.94921875,23996.150390625,24014.44921875,0,24071.094921875,24168.220859375,28.40074208017235,-46.47048738281228,-42.33540518293027,-4.135082199882007
2026-03-11 06:20:00+00:00,23995.25,23998.25,23975.150390625,23997.94921875,0,24065.032421875,24163.461875,28.204194737520453,-46.648155834522186,-43.197955313248656,-3.45020052127353
2026-03-11 06:25:00+00:00,23982.30078125,23995.55078125,23972.349609375,23995.55078125,0,24057.9474609375,24158.4408984375,26.49925827671113,-47.28873795953768,-44.01611184250646,-3.2726261170312227
2026-03-11 06:30:00+00:00,24021.94921875,24022.849609375,23978.94921875,23982.599609375,0,24052.7923828125,24153.3698828125,38.714907014953326,-44.08887722603686,-44.03066491921255,-0.0582123068243092
2026-03-11 06:35:00+00:00,24002.5,24023.849609375,23997.599609375,24022.099609375,0,24046.83486328125,24147.7008984375,35.59015563255001,-42.630931113169936,-43.75071815800403,1.1197870448340908
2026-03-11 06:40:00+00:00,24011.599609375,24020.80078125,23999.650390625,24003.150390625,0,24041.14482421875,24142.8758984375,38.10715422026757,-40.27694829837856,-43.05596418607893,2.7790158877003748
2026-03-11 06:45:00+00:00,24015.30078125,24019.75,24006.25,24012.55078125,0,24037.63232421875,24138.394921875,39.14875519144158,-37.6784130284068,-41.98045395454451,4.302040926137714
2026-03-11 06:50:00+00:00,24015.599609375,24024.19921875,24009.05078125,24016.05078125,0,24034.70732421875,24133.9979296875,39.23766757659662,-35.189301806592994,-40.62222352495421,5.432921718361214
2026-03-11 06:55:00+00:00,24011.900390625,24017.0,24002.5,24016.19921875,0,24030.92236328125,24129.9329296875,38.48796166993562,-33.133220130737755,-39.12442284611092,5.991202715373163
2026-03-11 07:00:00+00:00,23990.900390625,24023.650390625,23984.0,24012.349609375,0,24026.294921875,24125.181953125,34.462393790999585,-32.81995704987639,-37.86352968686401,5.043572636987619
2026-03-11 07:05:00+00:00,23972.19921875,24001.75,23969.80078125,23993.25,0,24019.757421875,24120.1339453125,31.32067331371448,-33.69233778225316,-37.02929130594184,3.3369535236886776
2026-03-11 07:10:00+00:00,24010.94921875,24011.0,23970.94921875,23973.599609375,0,24014.76240234375,24115.0609375,42.93023347527809,-30.900700603546284,-35.80357316546273,4.902872561916446
2026-03-11 07:15:00+00:00,23992.55078125,24011.849609375,23983.099609375,24011.849609375,0,24010.107421875,24109.6359375,39.51481727570921,-29.829057365484918,-34.60867000546717,4.779612639982254
2026-03-11 07:20:00+00:00,23985.94921875,23999.25,23983.19921875,23993.400390625,0,24005.83486328125,24104.1259375,38.33628655673164,-29.17613893264206,-33.52216379090215,4.346024858260087
2026-03-11 07:25:00+00:00,23973.30078125,23990.849609375,23971.150390625,23986.30078125,0,24002.394921875,24098.5439453125,36.11384918056656,-29.341093705395902,-32.6859497738009,3.3448560684049937
2026-03-11 07:30:00+00:00,23961.5,23993.75,23954.19921875,23973.80078125,0,23999.93994140625,24092.5939453125,34.12608646344668,-30.077333200228168,-32.16422645908635,2.0868932588581828
2026-03-11 07:35:00+00:00,23971.5,23974.349609375,23958.69921875,23962.150390625,0,23996.83740234375,24086.8639453125,37.27668928505557,-29.51367658563686,-31.63411648439645,2.120439898759596
2026-03-11 07:40:00+00:00,23929.650390625,23971.55078125,23920.30078125,23971.55078125,0,23993.2599609375,24079.971953125,30.666417349140616,-32.07415746069091,-31.722124679655348,-0.3520327810355645
2026-03-11 07:45:00+00:00,23938.75,23939.650390625,23914.19921875,23930.69921875,0,23989.71748046875,24072.9199609375,33.430636191570144,-32.988819991453056,-31.975463742014888,-1.0133562494381678
2026-03-11 07:50:00+00:00,23961.44921875,23963.19921875,23934.75,23939.650390625,0,23987.09248046875,24066.4259375,39.87066789065957,-31.51873107690335,-31.88411720899258,0.3653861320892311
2026-03-11 07:55:00+00:00,23980.0,23980.650390625,23952.400390625,23962.05078125,0,23986.25498046875,24060.3079296875,44.58857008627954,-28.52792979255173,-31.21287972570441,2.684949933152684
2026-03-11 08:00:00+00:00,23977.099609375,24005.349609375,23973.900390625,23980.44921875,0,23985.3474609375,24054.999921875,44.00718337838147,-26.090974992363044,-30.18849877903614,4.097523786673097
2026-03-11 08:05:00+00:00,23961.349609375,23985.599609375,23958.349609375,23977.55078125,0,23984.29990234375,24049.479921875,40.88929925929486,-25.14075712905469,-29.178950449039853,4.038193319985162
2026-03-11 08:10:00+00:00,23957.94921875,23974.25,23955.849609375,23962.099609375,0,23981.09990234375,24044.0669140625,40.22665077709423,-24.38103632156708,-28.219367623545303,3.838331301978222
2026-03-11 08:15:00+00:00,23951.75,23964.400390625,23941.80078125,23958.44921875,0,23978.56240234375,24039.2529296875,38.98620624158109,-24.0024914715832,-27.375992393152885,3.3735009215696863
2026-03-11 08:20:00+00:00,23961.5,23965.650390625,23938.69921875,23951.849609375,0,23976.057421875,24034.729921875,42.01474664370968,-22.65460030454051,-26.43171397543041,3.777113670889904
2026-03-11 08:25:00+00:00,23959.19921875,23966.25,23942.44921875,23961.849609375,0,23973.25234375,24029.937890625,41.49136502969203,-21.52392623857668,-25.450156428059667,3.9262301894829896
2026-03-11 08:30:00+00:00,23955.05078125,23960.900390625,23940.599609375,23959.0,0,23970.22490234375,24026.067890625,40.51145002747835,-20.723713067360222,-24.50486775591978,3.781154688559557
2026-03-11 08:35:00+00:00,23934.349609375,23959.400390625,23934.349609375,23955.099609375,0,23966.34736328125,24021.6808984375,35.94886538285209,-21.511973289998423,-23.906288862735508,2.394315572737085
2026-03-11 08:40:00+00:00,23939.94921875,23944.150390625,23929.19921875,23936.19921875,0,23963.7998046875,24017.267890625,37.983506594241085,-21.437712907001696,-23.412573671588746,1.9748607645870493
2026-03-11 08:45:00+00:00,23915.30078125,23948.400390625,23904.349609375,23940.94921875,0,23960.9548828125,24013.209921875,33.012386293429046,-23.101484397164317,-23.35035581670386,0.2488714195395474
2026-03-11 08:50:00+00:00,23900.099609375,23927.349609375,23900.099609375,23916.900390625,0,23955.41240234375,24008.8819140625,30.37234958141765,-25.354373384929204,-23.75115933034893,-1.603214054580274
2026-03-11 08:55:00+00:00,23974.55078125,23974.599609375,23892.19921875,23899.55078125,0,23954.51240234375,24005.8929296875,51.02870803850094,-20.891393799731304,-23.179206224225403,2.287812424494099
2026-03-11 09:00:00+00:00,23924.30078125,23977.05078125,23924.30078125,23975.80078125,0,23951.42998046875,24001.8779296875,41.97696412113558,-21.16522581930621,-22.77641014324157,1.6111843239353547
2026-03-11 09:05:00+00:00,23936.80078125,23939.5,23918.650390625,23923.25,0,23949.60498046875,23998.1809375,44.609137219215306,-20.141416423601186,-22.24941139931349,2.107994975712309
2026-03-11 09:10:00+00:00,23921.30078125,23938.599609375,23913.69921875,23938.599609375,0,23947.59501953125,23994.0989453125,42.06112641287016,-20.346221980540577,-21.86877351555891,1.5225515350183336
2026-03-11 09:15:00+00:00,23916.44921875,23930.400390625,23912.30078125,23921.55078125,0,23944.84248046875,23990.7169140625,41.26659568020497,-20.661835627935943,-21.627385938034315,0.9655503100983722
2026-03-11 09:20:00+00:00,23916.150390625,23923.849609375,23894.5,23917.400390625,0,23944.16748046875,23987.5579296875,41.21495295731774,-20.697486904347898,-21.44140613129704,0.7439192269491386
2026-03-11 09:25:00+00:00,23872.400390625,23916.75,23872.05078125,23916.75,0,23940.85,23983.2539453125,34.42292413377997,-23.97957850946841,-21.949040606931312,-2.030537902537098
2026-03-11 09:30:00+00:00,23883.94921875,23913.099609375,23874.80078125,23874.80078125,0,23936.975,23979.2639453125,37.35758388602343,-25.35647221280305,-22.63052692810566,-2.725945284697396
2026-03-11 09:35:00+00:00,23878.900390625,23896.400390625,23855.25,23887.150390625,0,23931.92001953125,23974.78296875,36.586739404660506,-26.54902795943053,-23.414227134370638,-3.134800825059898
2026-03-11 09:40:00+00:00,23861.900390625,23885.849609375,23857.5,23880.55078125,0,23926.16005859375,23969.803984375,34.03980331388054,-28.536938838304195,-24.438769475157347,-4.098169363146848
2026-03-11 09:45:00+00:00,23874.55078125,23879.599609375,23856.44921875,23864.19921875,0,23921.8201171875,23965.5819921875,37.52509889653174,-28.760063621313748,-25.303028304388626,-3.457035316925122
2026-03-11 09:50:00+00:00,23860.25,23878.44921875,23848.099609375,23876.5,0,23916.93515625,23961.358984375,35.25709051428714,-29.747929535398725,-26.19200855059065,-3.5559209848080755
2026-03-11 09:55:00+00:00,23848.19921875,23860.55078125,23837.05078125,23860.55078125,0,23911.7576171875,23957.4809765625,33.42385016093175,-31.144206695600587,-27.18244817959264,-3.961758516007947
2026-03-12 03:45:00+00:00,23563.150390625,23686.599609375,23557.849609375,23686.599609375,0,23891.84013671875,23948.5319921875,14.378758493436436,-54.62217415933992,-32.6703933755421,-21.951780783797822
2026-03-12 03:50:00+00:00,23601.400390625,23601.400390625,23557.849609375,23564.5,0,23873.9501953125,23939.888984375,20.892646815682937,-69.34283614193555,-40.0048819288208,-29.33795421311476
2026-03-12 03:55:00+00:00,23603.349609375,23612.75,23586.849609375,23601.650390625,0,23856.36513671875,23931.9319921875,21.221559024128094,-79.93039333750858,-47.98998421055836,-31.94040912695022
2026-03-12 04:00:00+00:00,23592.650390625,23619.599609375,23589.55078125,23600.44921875,0,23839.28017578125,23923.5930078125,20.7124957777245,-88.16809926466885,-56.02560722138045,-32.1424920432884
2026-03-12 04:05:00+00:00,23572.849609375,23610.099609375,23571.849609375,23593.94921875,0,23820.9251953125,23914.771015625,19.76743504275754,-95.19692720743114,-63.8598712185906,-31.337055988840547
2026-03-12 04:10:00+00:00,23602.650390625,23606.900390625,23569.400390625,23574.5,0,23805.29267578125,23906.8890234375,25.292311759923905,-97.24170812033844,-70.53623859894017,-26.70546952139827
2026-03-12 04:15:00+00:00,23623.150390625,23624.55078125,23595.05078125,23606.19921875,0,23791.44521484375,23899.44703125,28.91841300122931,-96.10024919888384,-75.6490407189289,-20.45120847995493
2026-03-12 04:20:00+00:00,23656.75,23657.0,23618.44921875,23623.5,0,23775.55517578125,23892.936015625,34.52757645301449,-91.43047352168288,-78.8053272794797,-12.625146242203172
2026-03-12 04:25:00+00:00,23693.80078125,23696.30078125,23643.75,23657.0,0,23764.03017578125,23886.373046875,40.137343068722686,-83.77425676864368,-79.79911317731249,-3.975143591331189
2026-03-12 04:30:00+00:00,23677.849609375,23696.349609375,23670.599609375,23695.400390625,0,23751.0826171875,23879.8800390625,38.60379876379489,-78.09356212004059,-79.45800296585811,1.3644408458175263
2026-03-12 04:35:00+00:00,23628.19921875,23679.849609375,23620.150390625,23679.849609375,0,23736.4275390625,23872.21203125,34.22096751545334,-76.71363522732281,-78.90912941815105,2.195494190828242
2026-03-12 04:40:00+00:00,23610.150390625,23651.400390625,23605.349609375,23632.44921875,0,23721.11259765625,23864.1090234375,32.7646975497171,-76.19805901961081,-78.36691533844301,2.168856318832198
2026-03-12 04:45:00+00:00,23612.650390625,23615.900390625,23589.900390625,23610.5,0,23705.93759765625,23856.0500390625,33.188803669977375,-74.72633339795357,-77.63879895034512,2.912465552391552
2026-03-12 04:50:00+00:00,23616.44921875,23628.94921875,23608.5,23614.75,0,23693.1400390625,23848.141015625,33.87139513973929,-72.41864944625195,-76.59476904952649,4.176119603274543
2026-03-12 04:55:00+00:00,23666.650390625,23681.55078125,23617.150390625,23617.19921875,0,23682.27509765625,23841.656015625,42.26586316895165,-65.78069931234131,-74.43195510208946,8.651255789748149
2026-03-12 05:00:00+00:00,23685.44921875,23690.099609375,23632.349609375,23666.349609375,0,23672.6025390625,23835.921015625,45.07747843346381,-58.3307669146925,-71.21171746461008,12.880950549917571
2026-03-12 05:05:00+00:00,23712.94921875,23719.44921875,23673.44921875,23686.150390625,0,23665.15498046875,23829.961015625,48.990907048398384,-49.63545501437329,-66.89646497456272,17.261009960189426
2026-03-12 05:10:00+00:00,23692.69921875,23719.80078125,23684.650390625,23714.349609375,0,23656.06240234375,23823.963984375,46.37074564625235,-43.87262711509902,-62.29169740266998,18.41907028757096
2026-03-12 05:15:00+00:00,23694.0,23704.849609375,23690.599609375,23693.400390625,0,23647.74990234375,23818.125,46.568430964396704,-38.75385202745747,-57.58412832762748,18.830276300170013
2026-03-12 05:20:00+00:00,23694.5,23713.650390625,23669.30078125,23694.599609375,0,23640.06494140625,23812.548984375,46.649837415852346,-34.26189032600814,-52.919680727303614,18.657790401295472
2026-03-12 05:25:00+00:00,23740.900390625,23741.599609375,23681.69921875,23695.25,0,23648.95244140625,23808.1369921875,53.699705148216935,-26.650642557618998,-47.6658730933667,21.015230535747705
2026-03-12 05:30:00+00:00,23767.19921875,23768.099609375,23741.150390625,23741.599609375,0,23657.2423828125,23804.0509765625,57.15543955288182,-18.28579100765637,-41.78985667622464,23.504065668568263
2026-03-12 05:35:00+00:00,23738.400390625,23773.650390625,23733.94921875,23768.55078125,0,23663.994921875,23800.2259765625,52.53162372399366,-13.82108971771595,-36.1961032845229,22.37501356680695
2026-03-12 05:40:00+00:00,23741.05078125,23764.400390625,23737.19921875,23739.44921875,0,23671.41494140625,23796.2719921875,52.90919489604641,-9.954171908299031,-30.94771700927813,20.99354510097909
2026-03-12 05:45:00+00:00,23696.900390625,23756.650390625,23678.150390625,23741.75,0,23677.61748046875,23790.981015625,46.30218064123451,-10.33306607432678,-26.82478682228786,16.49172074796108
2026-03-12 05:50:00+00:00,23703.5,23703.900390625,23665.0,23700.69921875,0,23682.6599609375,23785.451015625,47.36035063523427,-9.985700173645457,-23.45696949255938,13.471269318913926
2026-03-12 05:55:00+00:00,23703.30078125,23713.44921875,23690.5,23703.849609375,0,23686.66748046875,23779.9750390625,47.3300304228064,-9.615642343494985,-20.688704062746503,11.07306171925152
2026-03-12 06:00:00+00:00,23697.900390625,23704.19921875,23676.599609375,23704.19921875,0,23688.725,23774.7060546875,46.4616861490458,-9.646931417104495,-18.480349533618103,8.833418116513606
2026-03-12 06:05:00+00:00,23697.25,23701.25,23682.650390625,23698.349609375,0,23688.8974609375,23769.4920703125,46.35139219022891,-9.61339212101302,-16.706958051097086,7.093565930084065
2026-03-12 06:10:00+00:00,23711.349609375,23718.25,23689.80078125,23699.400390625,0,23690.5724609375,23764.6840625,49.16852279037327,-8.352805404749233,-15.036127521827517,6.683322117078284
2026-03-12 06:15:00+00:00,23694.30078125,23725.0,23688.099609375,23712.44921875,0,23693.8775390625,23759.340078125,46.02162519338436,-8.62999805121217,-13.754901627704449,5.12490357649228
2026-03-12 06:20:00+00:00,23712.94921875,23718.849609375,23692.5,23695.69921875,0,23699.01748046875,23754.415078125,49.805884243927366,-7.261199577060324,-12.456161217575623,5.1949616405153005
2026-03-12 06:25:00+00:00,23739.849609375,23742.19921875,23708.150390625,23713.900390625,0,23705.37744140625,23750.1110546875,54.73556686843046,-3.960130300140008,-10.756955034088502,6.796824733948494
2026-03-12 06:30:00+00:00,23744.19921875,23748.099609375,23735.30078125,23739.44921875,0,23711.76494140625,23746.308046875,55.4966553627697,-0.9817153860240068,-8.801907104475603,7.820191718451596
2026-03-12 06:35:00+00:00,23725.650390625,23748.44921875,23718.099609375,23744.400390625,0,23714.71494140625,23742.0220703125,51.51841118287194,-0.1166903848097717,-7.064863760542437,6.948173375732665
2026-03-12 06:40:00+00:00,23749.349609375,23750.650390625,23710.5,23727.80078125,0,23717.9099609375,23738.703046875,55.8710301597954,2.452901529355586,-5.161310702562832,7.614212231918418
2026-03-12 06:45:00+00:00,23724.30078125,23751.150390625,23721.80078125,23751.150390625,0,23718.4775390625,23735.1870703125,50.69088697478355,2.4399641583549965,-3.6410557303792666,6.081019888734263
2026-03-12 06:50:00+00:00,23749.19921875,23755.94921875,23724.0,23725.69921875,0,23721.3025390625,23730.6800390625,55.14289269351019,4.388222324567323,-2.0352001193899487,6.423422443957271
2026-03-12 06:55:00+00:00,23744.099609375,23759.19921875,23735.19921875,23750.849609375,0,23723.80751953125,23727.076015625,54.06617057729539,5.457820740270108,-0.5365959474579374,5.994416687728045
2026-03-12 07:00:00+00:00,23721.900390625,23747.599609375,23717.5,23744.400390625,0,23725.1775390625,23722.7780078125,49.53211896379968,4.462749960657675,0.463273234165185,3.9994767264924898
2026-03-12 07:05:00+00:00,23709.75,23731.69921875,23702.400390625,23721.75,0,23723.62001953125,23718.5469921875,47.19903073485515,2.6630166223803826,0.9032219118082244,1.759794710572158
2026-03-12 07:10:00+00:00,23715.80078125,23722.349609375,23702.30078125,23710.650390625,0,23721.05009765625,23714.5340234375,48.49997178482004,1.705304771905503,1.0636384838276802,0.6416662880778228
2026-03-12 07:15:00+00:00,23722.099609375,23731.25,23714.099609375,23716.69921875,0,23720.23505859375,23710.6530078125,49.88424863968685,1.437997676552186,1.1385103223725814,0.2994873541796046
2026-03-12 07:20:00+00:00,23708.349609375,23728.900390625,23701.5,23722.849609375,0,23718.6,23707.3719921875,46.9194447092552,0.1153155058236734,0.9338713590627998,-0.8185558532391264
2026-03-12 07:25:00+00:00,23717.0,23723.80078125,23700.80078125,23710.69921875,0,23719.60498046875,23704.0330078125,48.97410886747824,-0.2322284300025785,0.7006514012497242,-0.9328798312523028
2026-03-12 07:30:00+00:00,23702.75,23718.69921875,23691.400390625,23717.849609375,0,23719.56748046875,23700.51,45.8271432277897,-1.6386263463318755,0.2327958517334043,-1.87142219806528
2026-03-12 07:35:00+00:00,23682.55078125,23702.599609375,23656.400390625,23702.44921875,0,23718.52998046875,23696.9230078125,41.73345992328336,-4.333164940650022,-0.680396306743281,-3.652768633906741
2026-03-12 07:40:00+00:00,23715.25,23722.400390625,23678.75,23683.55078125,0,23719.3974609375,23693.7369921875,49.58474759235472,-3.786405193284736,-1.3015980840515722,-2.484807109233164
2026-03-12 07:45:00+00:00,23702.25,23718.5,23697.25,23718.30078125,0,23719.6474609375,23690.5769921875,46.88015792137817,-4.351919292148523,-1.9116623256709624,-2.4402569664775604
2026-03-12 07:50:00+00:00,23740.349609375,23744.099609375,23695.80078125,23702.94921875,0,23721.0974609375,23688.42,54.68182700462434,-1.7061062936263625,-1.8705511192620423,0.16444482563568
2026-03-12 07:55:00+00:00,23764.30078125,23767.94921875,23732.69921875,23741.69921875,0,23724.5974609375,23692.4430078125,58.78033799496024,2.296901718531444,-1.037060551703345,3.3339622702347897
2026-03-12 08:00:00+00:00,23804.30078125,23814.75,23764.69921875,23765.25,0,23729.1650390625,23696.501015625,64.54700127695929,8.597869229844946,0.889925404606313,7.707943825238633
2026-03-12 08:05:00+00:00,23811.80078125,23818.44921875,23796.599609375,23805.25,0,23732.76259765625,23700.6700390625,65.52100522714461,14.03483386998414,3.518907097681879,10.515926772302262
2026-03-12 08:10:00+00:00,23789.900390625,23832.650390625,23784.25,23813.599609375,0,23735.04765625,23704.6150390625,60.310542877429455,16.387583166451805,6.092642311435864,10.29494085501594
2026-03-12 08:15:00+00:00,23782.55078125,23801.25,23776.25,23789.349609375,0,23737.89267578125,23708.8090625,58.6256192025989,17.457858554946142,8.365685560137921,9.09217299480822
2026-03-12 08:20:00+00:00,23771.44921875,23793.099609375,23762.5,23783.599609375,0,23738.99765625,23712.1850390625,56.07716081642987,17.21184871909645,10.134918191929629,7.076930527166825
2026-03-12 08:25:00+00:00,23738.599609375,23772.0,23738.599609375,23771.849609375,0,23739.71259765625,23714.4940234375,49.254320316682886,14.202477886516135,10.94843013084693,3.2540477556692053
2026-03-12 08:30:00+00:00,23752.849609375,23762.44921875,23733.5,23740.55078125,0,23739.8951171875,23716.416015625,51.98354109124982,12.81960925259773,11.322665955197092,1.4969432974006374
2026-03-12 08:35:00+00:00,23721.5,23771.55078125,23720.05078125,23752.849609375,0,23738.76513671875,23716.97,46.10836041602891,9.08924921317157,10.87598260679199,-1.7867333936204195
2026-03-12 08:40:00+00:00,23738.900390625,23747.650390625,23701.94921875,23721.69921875,0,23739.61513671875,23718.191015625,49.51869866577236,7.451086620028946,10.19100340943938,-2.739916789410435
2026-03-12 08:45:00+00:00,23749.349609375,23758.150390625,23723.30078125,23739.349609375,0,23741.5951171875,23720.6140234375,51.50340744741267,6.916269142548117,9.536056556061128,-2.619787413513011
2026-03-12 08:50:00+00:00,23732.94921875,23755.80078125,23730.349609375,23749.5,0,23742.4525390625,23723.07,48.29407188731935,5.110141449164075,8.650873534681718,-3.540732085517643
2026-03-12 08:55:00+00:00,23711.80078125,23744.30078125,23709.650390625,23734.150390625,0,23741.93759765625,23725.0530078125,44.44781441105192,1.94979406604034,7.310657640953443,-5.360863574913103
2026-03-12 09:00:00+00:00,23738.30078125,23739.94921875,23710.400390625,23713.5,0,23743.43515625,23727.4900390625,49.83876129700679,1.5654786625527777,6.161621845273311,-4.5961431827205335
2026-03-12 09:05:00+00:00,23724.94921875,23745.150390625,23721.400390625,23739.30078125,0,23743.8326171875,23728.656015625,47.34579602757314,0.1814547291978669,4.965588422058223,-4.784133692860356
2026-03-12 09:10:00+00:00,23673.80078125,23726.150390625,23667.599609375,23726.150390625,0,23742.38515625,23728.423046875,39.24669153775107,-4.985179602965218,2.9754348170535345,-7.960614420018752
2026-03-12 09:15:00+00:00,23672.55078125,23684.099609375,23657.19921875,23673.150390625,0,23741.88515625,23727.615078125,39.0707898141812,-9.076016420436645,0.5651445695554984,-9.641160989992144
2026-03-12 09:20:00+00:00,23633.05078125,23674.69921875,23605.55078125,23674.25,0,23737.7751953125,23726.422109375,33.900189845325215,-15.328654765518875,-2.613615297459377,-12.7150394680595
2026-03-12 09:25:00+00:00,23639.44921875,23647.94921875,23619.94921875,23634.5,0,23734.63515625,23725.33109375,35.391741517462336,-19.54234330066538,-5.999360898100578,-13.5429824025648
2026-03-12 09:30:00+00:00,23654.900390625,23655.80078125,23609.94921875,23641.099609375,0,23730.3626953125,23724.5391015625,38.97297366656137,-21.388389344716416,-9.077166587423749,-12.311222757292668
2026-03-12 09:35:00+00:00,23666.80078125,23669.05078125,23637.900390625,23655.650390625,0,23725.4876953125,23723.057109375,41.65541050845886,-21.64166047644176,-11.59006536522735,-10.051595111214407
2026-03-12 09:40:00+00:00,23633.900390625,23679.80078125,23628.80078125,23665.349609375,0,23716.96767578125,23720.3911328125,36.83491689696957,-24.21799625085623,-14.115651542353127,-10.102344708503104
2026-03-12 09:45:00+00:00,23649.55078125,23652.0,23624.75,23636.349609375,0,23708.85517578125,23718.614140625,40.36995455047239,-24.712040169542888,-16.23492926779108,-8.477110901751807
2026-03-12 09:50:00+00:00,23635.599609375,23652.150390625,23630.55078125,23650.650390625,0,23701.14013671875,23716.5051171875,38.311612284542456,-25.9304069201462,-18.174024798262103,-7.756382121884091
2026-03-12 09:55:00+00:00,23639.349609375,23643.099609375,23624.599609375,23635.55078125,0,23693.980078125,23715.3541015625,39.20884477100108,-26.29031925272648,-19.79728368915498,-6.493035563571496
2026-03-13 03:45:00+00:00,23450.25,23485.05078125,23421.55078125,23472.80078125,0,23677.9201171875,23710.2891015625,21.90619612099391,-41.3575661955947,-24.109340190442925,-17.248226005151775
2026-03-13 03:50:00+00:00,23431.599609375,23451.94921875,23417.400390625,23448.5,0,23662.5701171875,23704.855078125,20.925388015671388,-54.17885845203273,-30.12324384276089,-24.05561460927184
2026-03-13 03:55:00+00:00,23469.650390625,23475.55078125,23416.05078125,23431.150390625,0,23648.41015625,23700.290078125,28.00752775028621,-60.57121760220252,-36.21283859464921,-24.35837900755331
2026-03-13 04:00:00+00:00,23453.900390625,23491.900390625,23452.599609375,23469.80078125,0,23635.03017578125,23695.4230859375,26.93229508537088,-66.14561616598803,-42.19939410891698,-23.94622205707105
2026-03-13 04:05:00+00:00,23454.75,23474.44921875,23433.599609375,23455.05078125,0,23620.82265625,23690.29109375,27.09489078708985,-69.69145114569619,-47.69780551627282,-21.99364562942337
2026-03-13 04:10:00+00:00,23425.5,23462.0,23424.94921875,23456.25,0,23604.63017578125,23684.915078125,25.029830385897256,-74.00865574636919,-52.9599755622921,-21.048680184077085
2026-03-13 04:15:00+00:00,23397.400390625,23426.55078125,23388.849609375,23426.55078125,0,23587.852734375,23678.6041015625,23.200462338336862,-78.78924179964815,-58.12582880976331,-20.66341298988484
2026-03-13 04:20:00+00:00,23363.099609375,23399.650390625,23363.099609375,23399.650390625,0,23570.41767578125,23671.0691015625,21.16676601194025,-84.37307676389901,-63.37527840059046,-20.997798363308547
2026-03-13 04:25:00+00:00,23347.55078125,23372.55078125,23344.75,23364.44921875,0,23550.88017578125,23663.1361328125,20.29815685534305,-89.02672205054478,-68.50556713058133,-20.52115491996345
2026-03-13 04:30:00+00:00,23361.099609375,23369.94921875,23333.5,23349.099609375,0,23532.6876953125,23655.8451171875,23.253561024797374,-90.577372700478,-72.91992824456067,-17.657444455917343
2026-03-13 04:35:00+00:00,23337.05078125,23361.80078125,23326.94921875,23361.80078125,0,23515.8501953125,23647.599140625,21.714435869415027,-92.67847419742613,-76.87163743513375,-15.806836762292363
2026-03-13 04:40:00+00:00,23329.80078125,23344.099609375,23311.849609375,23337.349609375,0,23498.7126953125,23639.709140625,21.257633700452544,-93.84681896914115,-80.26667374193524,-13.580145227205932
2026-03-13 04:45:00+00:00,23317.5,23340.69921875,23317.349609375,23330.94921875,0,23482.93515625,23631.07515625,20.4707810856834,-94.6739682892112,-83.14813265139043,-11.525835637820762
2026-03-13 04:50:00+00:00,23311.849609375,23334.849609375,23306.5,23318.099609375,0,23466.55517578125,23622.43015625,20.102683500041834,-94.69385754095492,-85.45727762930332,-9.236579911651605
2026-03-13 04:55:00+00:00,23353.44921875,23357.099609375,23309.0,23313.69921875,0,23451.4826171875,23615.0611328125,30.07219571733029,-90.3118206508334,-86.42818623360934,-3.883634417224058
2026-03-13 05:00:00+00:00,23326.75,23360.0,23325.69921875,23354.44921875,0,23434.480078125,23607.4011328125,27.68453337856657,-87.9792585357718,-86.73840069404184,-1.2408578417299625
2026-03-13 05:05:00+00:00,23337.19921875,23338.0,23320.30078125,23326.75,0,23419.64501953125,23599.8291015625,30.026137991959672,-84.31558406059776,-86.25383736735303,1.9382533067552716
2026-03-13 05:10:00+00:00,23324.55078125,23342.0,23313.05078125,23338.099609375,0,23403.39501953125,23591.878125,28.810052349556187,-81.49331463918497,-85.30173282171943,3.808418182534453
2026-03-13 05:15:00+00:00,23330.400390625,23333.400390625,23309.30078125,23325.19921875,0,23388.13505859375,23584.319140625,30.21767037244712,-77.88680064504297,-83.81874638638413,5.931945741341167
2026-03-13 05:20:00+00:00,23359.19921875,23379.55078125,23330.099609375,23330.650390625,0,23374.1275390625,23577.163125,36.83903542902928,-71.87624298558148,-81.4302457062236,9.554002720642115
2026-03-13 05:25:00+00:00,23372.69921875,23372.69921875,23348.900390625,23362.099609375,0,23370.25,23570.562109375,39.72621736703989,-65.27109105312411,-78.19841477560371,12.9273237224796
2026-03-13 05:30:00+00:00,23358.25,23374.69921875,23355.19921875,23373.80078125,0,23366.58251953125,23564.07609375,37.73784475369051,-60.50492860116356,-74.65971754071568,14.15478893955212
2026-03-13 05:35:00+00:00,23334.19921875,23361.650390625,23331.5,23357.25,0,23359.8099609375,23556.455078125,34.630766653502974,-57.99982172454111,-71.32773837748076,13.327916652939647
2026-03-13 05:40:00+00:00,23321.650390625,23339.55078125,23317.44921875,23333.349609375,0,23353.1974609375,23548.8430859375,33.099485337497086,-56.377210640581325,-68.33763283010087,11.960422189519548
2026-03-13 05:45:00+00:00,23324.849609375,23329.25,23309.650390625,23323.55078125,0,23346.70244140625,23540.5330859375,33.90191541825031,-54.20825048203187,-65.51175636048708,11.303505878455212
2026-03-13 05:50:00+00:00,23335.94921875,23342.849609375,23319.599609375,23324.099609375,0,23342.22490234375,23531.9660546875,36.737062147196966,-51.00572595772974,-62.610550279935616,11.60482432220588
2026-03-13 05:55:00+00:00,23377.349609375,23379.19921875,23333.150390625,23337.0,0,23341.22236328125,23523.42703125,46.03488376017186,-44.61276844914392,-59.01099391377728,14.398225464633365
2026-03-13 06:00:00+00:00,23391.30078125,23400.30078125,23365.349609375,23378.849609375,0,23342.632421875,23515.01703125,48.76743841929664,-37.98271944299631,-54.80533901962109,16.822619576624774
2026-03-13 06:05:00+00:00,23405.150390625,23410.19921875,23380.5,23392.19921875,0,23345.51240234375,23507.32203125,51.39841908090922,-31.250572955923417,-50.094385806881554,18.843812850958138
2026-03-13 06:10:00+00:00,23407.900390625,23414.900390625,23395.25,23407.349609375,0,23347.85244140625,23499.8290234375,51.92632768073437,-25.400594107581128,-45.15562746702148,19.755033359440347
2026-03-13 06:15:00+00:00,23403.5,23410.599609375,23390.400390625,23409.349609375,0,23351.17490234375,23492.4700390625,50.97224648687846,-20.878840198107355,-40.30027001323865,19.421429815131297
2026-03-13 06:20:00+00:00,23389.25,23409.400390625,23388.69921875,23405.5,0,23354.14736328125,23485.483046875,47.90275432919604,-18.23497214711824,-35.88721044001457,17.652238292896328
2026-03-13 06:25:00+00:00,23361.19921875,23389.69921875,23360.5,23389.69921875,0,23356.33232421875,23477.6500390625,42.47986588028783,-18.193428763610427,-32.34845410473374,14.155025341123311
2026-03-13 06:30:00+00:00,23344.150390625,23365.44921875,23335.75,23363.099609375,0,23357.94736328125,23470.103046875,39.549351815034825,-19.31356848435462,-29.74147698065792,10.4279084963033
2026-03-13 06:35:00+00:00,23331.599609375,23347.5,23322.349609375,23344.30078125,0,23356.8548828125,23461.95703125,37.49849463366485,-20.97227510619996,-27.98763660576633,7.015361499566371
2026-03-13 06:40:00+00:00,23336.150390625,23342.55078125,23317.44921875,23333.900390625,0,23357.32490234375,23453.693046875,38.73894782993411,-21.6698060052986,-26.724070485672783,5.0542644803741865
2026-03-13 06:45:00+00:00,23318.099609375,23338.900390625,23318.099609375,23338.900390625,0,23356.369921875,23445.3960546875,35.71139682070741,-23.409303578602703,-26.06111710425877,2.651813525656067
2026-03-13 06:50:00+00:00,23269.55078125,23319.099609375,23269.55078125,23319.099609375,0,23353.619921875,23436.5510546875,29.119690693948627,-28.378226102377084,-26.524538903882437,-1.8536871984946508
2026-03-13 06:55:00+00:00,23278.69921875,23291.25,23266.5,23273.30078125,0,23351.03486328125,23427.3590234375,31.678859677346964,-31.218068095618943,-27.463244742229737,-3.7548233533892095
2026-03-13 07:00:00+00:00,23239.19921875,23281.5,23228.80078125,23280.05078125,0,23345.03486328125,23417.6440234375,27.125015121313798,-36.23825121743721,-29.218246037271232,-7.0200051801659775
2026-03-13 07:05:00+00:00,23216.30078125,23241.80078125,23211.5,23241.0,0,23337.21494140625,23408.4940234375,24.891196666409183,-41.58512758106008,-31.691622346029003,-9.893505235031077
2026-03-13 07:10:00+00:00,23212.400390625,23219.400390625,23193.900390625,23219.19921875,0,23329.9224609375,23399.291015625,24.520772785768145,-45.61151341345612,-34.47560055951443,-11.13591285394169
2026-03-13 07:15:00+00:00,23240.900390625,23245.5,23210.19921875,23214.0,0,23325.25751953125,23391.4480078125,32.433171678527614,-45.97279560791503,-36.77503956919456,-9.197756038720478
2026-03-13 07:20:00+00:00,23229.599609375,23250.19921875,23213.55078125,23241.650390625,0,23320.65498046875,23383.251015625,31.04353830401722,-46.63343177898787,-38.74671801115322,-7.8867137678346495
2026-03-13 07:25:00+00:00,23231.099609375,23242.80078125,23213.30078125,23230.44921875,0,23315.96748046875,23374.775,31.463298724997145,-46.49993098105915,-40.29736060513441,-6.202570375924744
2026-03-13 07:30:00+00:00,23221.25,23239.55078125,23217.75,23232.55078125,0,23310.23251953125,23365.863984375,30.164806099652157,-46.651146420223085,-41.56811776815215,-5.0830286520709365
2026-03-13 07:35:00+00:00,23197.150390625,23227.5,23194.0,23223.75,0,23301.22255859375,23357.128984375,27.20625129636842,-48.16045902019323,-42.886586018560365,-5.2738730016328645
2026-03-13 07:40:00+00:00,23175.69921875,23210.19921875,23175.05078125,23198.44921875,0,23290.44248046875,23347.651953125,24.868224115431744,-50.50533634615204,-44.4103360840787,-6.095000262073334
2026-03-13 07:45:00+00:00,23171.599609375,23192.75,23169.349609375,23178.349609375,0,23278.76494140625,23338.371953125,24.43602140527382,-52.093965923791984,-45.94706205202136,-6.1469038717706255
2026-03-13 07:50:00+00:00,23141.25,23187.650390625,23138.150390625,23171.75,0,23265.432421875,23328.4099609375,21.46221576211852,-55.16600675757218,-47.79085099313152,-7.375155764440656
2026-03-13 07:55:00+00:00,23189.349609375,23191.30078125,23139.25,23142.75,0,23254.72490234375,23323.191953125,34.96960985234051,-53.10719803893517,-48.85412040229225,-4.253077636642914
2026-03-13 08:00:00+00:00,23167.94921875,23202.650390625,23166.400390625,23191.349609375,0,23243.65986328125,23317.9189453125,32.30730098400119,-52.59611469910669,-49.60251926165515,-2.993595437451546
2026-03-13 08:05:00+00:00,23145.650390625,23171.099609375,23142.69921875,23169.19921875,0,23232.882421875,23311.4389453125,29.764505959440086,-53.37513125253099,-50.35704165983032,-3.018089592700669
2026-03-13 08:10:00+00:00,23157.150390625,23165.19921875,23133.0,23147.25,0,23223.532421875,23305.5039453125,32.70612673955607,-52.45982933566484,-50.77759919499723,-1.682230140667606
2026-03-13 08:15:00+00:00,23160.25,23168.400390625,23148.849609375,23159.099609375,0,23214.96494140625,23299.6139453125,33.51438755684224,-50.89761734996864,-50.80160282599151,-0.0960145239771321
2026-03-13 08:20:00+00:00,23138.25,23166.900390625,23120.44921875,23162.30078125,0,23205.069921875,23293.8689453125,30.696252771504163,-50.8486180181535,-50.81100586442391,-0.0376121537295901
2026-03-13 08:25:00+00:00,23118.94921875,23150.30078125,23113.30078125,23141.55078125,0,23195.11240234375,23288.299921875,28.4370659333581,-51.77042025940318,-51.002888743419774,-0.7675315159834071
2026-03-13 08:30:00+00:00,23143.19921875,23161.44921875,23120.19921875,23121.650390625,0,23188.79482421875,23283.9019140625,34.91815759097841,-49.968180758849485,-50.79594714650572,0.8277663876562329
2026-03-13 08:35:00+00:00,23170.25,23178.5,23142.25,23145.25,0,23183.37236328125,23280.3558984375,41.30404094219327,-45.82883471700188,-49.80252466060495,3.9736899436030697
2026-03-13 08:40:00+00:00,23201.849609375,23205.5,23167.150390625,23172.75,0,23181.5048828125,23277.1708984375,47.75325730112884,-39.542724851256935,-47.75056469873535,8.207839847478411
2026-03-13 08:45:00+00:00,23219.19921875,23220.0,23182.75,23203.650390625,0,23181.6498046875,23274.8138671875,50.94049584477663,-32.783066233067075,-44.757065005601696,11.97399877253462
2026-03-13 08:50:00+00:00,23210.19921875,23233.5,23201.75,23221.44921875,0,23181.53974609375,23272.4218359375,49.26168373820764,-27.83138992271779,-41.37192998902492,13.54054006630713
2026-03-13 08:55:00+00:00,23202.5,23225.099609375,23199.75,23210.80078125,0,23179.6197265625,23270.1218359375,47.81008275803034,-24.24888730152452,-37.94732145152484,13.698434150000324
2026-03-13 09:00:00+00:00,23235.5,23258.599609375,23203.599609375,23204.599609375,0,23179.91474609375,23268.59484375,54.05881807675132,-18.533264025078097,-34.0645099662355,15.5312459411574
2026-03-13 09:05:00+00:00,23208.650390625,23249.05078125,23208.30078125,23242.099609375,0,23178.79228515625,23265.6988671875,48.92602058444444,-15.985855493385316,-30.448779071665463,14.462923578280147
2026-03-13 09:10:00+00:00,23224.80078125,23231.55078125,23205.650390625,23211.75,0,23178.96982421875,23263.6598828125,51.885358643296925,-12.519497357523504,-26.862922728837077,14.343425371313568
2026-03-13 09:15:00+00:00,23191.05078125,23231.19921875,23177.55078125,23228.69921875,0,23178.66484375,23260.7369140625,45.90008755024199,-12.3533250589644,-23.961003194862545,11.60767813589814
2026-03-13 09:20:00+00:00,23167.349609375,23212.5,23166.599609375,23193.650390625,0,23178.24736328125,23257.592890625,42.21703857405236,-13.973046227511077,-21.96341180139225,7.990365573881174
2026-03-13 09:25:00+00:00,23177.900390625,23182.099609375,23144.55078125,23172.650390625,0,23178.56240234375,23254.542890625,44.35746531384879,-14.241163781476644,-20.41896219740913,6.177798415932486
2026-03-13 09:30:00+00:00,23138.05078125,23190.55078125,23135.75,23181.05078125,0,23178.40244140625,23250.119921875,38.54927405466022,-17.46782114533562,-19.82873398699443,2.360912841658809
2026-03-13 09:35:00+00:00,23132.75,23147.94921875,23125.099609375,23137.44921875,0,23175.5724609375,23245.3209375,37.83950007442818,-20.219619907384185,-19.90691117107238,-0.312708736311805
2026-03-13 09:40:00+00:00,23162.55078125,23167.05078125,23127.75,23136.900390625,0,23175.3025390625,23241.406953125,44.07385089395316,-19.767894280412293,-19.879107792940363,0.1112135125280708
2026-03-13 09:45:00+00:00,23153.19921875,23165.150390625,23145.650390625,23161.44921875,0,23175.67998046875,23237.786953125,42.62899978377766,-19.934696632157284,-19.890225560783747,-0.0444710713735361
2026-03-13 09:50:00+00:00,23148.150390625,23154.099609375,23138.5,23153.099609375,0,23175.22998046875,23234.316953125,41.83166927475743,-20.24096172532154,-19.960372793691302,-0.2805889316302341
2026-03-13 09:55:00+00:00,23170.900390625,23173.849609375,23147.0,23147.30078125,0,23175.7625,23231.23796875,46.67188757396826,-18.43543196384053,-19.65538462772115,1.2199526638806226
2026-03-16 03:45:00+00:00,23172.55078125,23240.849609375,23106.44921875,23125.650390625,0,23177.4775390625,23227.97,47.01632509589925,-16.679097634030768,-19.06012722898308,2.381029594952309
2026-03-16 03:50:00+00:00,23139.900390625,23188.30078125,23131.650390625,23173.80078125,0,23178.52509765625,23223.221015625,41.32914499296368,-17.717566597748373,-18.791615102736134,1.0740485049877648
2026-03-16 03:55:00+00:00,23157.75,23166.94921875,23111.30078125,23140.849609375,0,23179.25263671875,23218.55,45.22963319705778,-16.905371828892385,-18.41436644796739,1.508994619075004
2026-03-16 04:00:00+00:00,23219.650390625,23224.30078125,23158.19921875,23159.5,0,23181.72265625,23214.84,56.123416089628165,-11.138460187154124,-16.959185195804736,5.820725008650612
2026-03-16 04:05:00+00:00,23242.75,23269.80078125,23217.05078125,23221.150390625,0,23183.76767578125,23211.5369921875,59.37103287656297,-4.650586669416953,-14.49746549052718,9.846878821110227
2026-03-16 04:10:00+00:00,23240.5,23284.349609375,23237.400390625,23240.94921875,0,23184.83271484375,23208.2769921875,58.91361805736013,0.3060160771819937,-11.536769176985349,11.84278525416734
2026-03-16 04:15:00+00:00,23241.0,23276.94921875,23231.44921875,23240.19921875,0,23186.37275390625,23205.3119921875,58.98923266293909,4.225792974637443,-8.384256746660789,12.610049721298232
2026-03-16 04:20:00+00:00,23226.5,23261.0,23221.0,23240.849609375,0,23187.57275390625,23202.6180078125,55.78301880725713,6.091990908829757,-5.489007215562681,11.580998124392435
2026-03-16 04:25:00+00:00,23167.55078125,23232.75,23164.69921875,23226.650390625,0,23184.17529296875,23199.086015625,45.06022747772391,2.782185618991207,-3.834768648651904,6.616954267643111
2026-03-16 04:30:00+00:00,23196.94921875,23198.349609375,23167.44921875,23168.80078125,0,23183.590234375,23196.3930078125,50.2013106745714,2.502502008785086,-2.567314517164506,5.069816525949593
2026-03-16 04:35:00+00:00,23184.44921875,23210.5,23182.150390625,23197.099609375,0,23181.57265625,23193.358984375,48.13863023010895,1.2577071345949662,-1.802310186812612,3.060017321407578
2026-03-16 04:40:00+00:00,23155.19921875,23189.94921875,23143.25,23184.75,0,23179.780078125,23190.1009765625,43.62192015392394,-2.065225682898017,-1.854893286029693,-0.2103323968683241
2026-03-16 04:45:00+00:00,23100.0,23154.349609375,23099.80078125,23154.349609375,0,23176.41259765625,23186.7099609375,36.63593700569909,-9.04848422158102,-3.2936114731399586,-5.754872748441062
2026-03-16 04:50:00+00:00,23056.69921875,23100.599609375,23055.75,23100.599609375,0,23170.3525390625,23182.2699609375,32.27007314223728,-17.870774923154386,-6.209044163142845,-11.66173076001154
2026-03-16 04:55:00+00:00,23024.94921875,23065.94921875,23024.94921875,23055.69921875,0,23164.6974609375,23177.9849609375,29.49459387677946,-27.11193402070785,-10.389622134655848,-16.722311886052005
2026-03-16 05:00:00+00:00,23045.099609375,23074.5,23025.94921875,23026.5,0,23160.31494140625,23174.5609375,33.40910313805452,-32.435751907440135,-14.798848089212704,-17.63690381822743
2026-03-16 05:05:00+00:00,23057.69921875,23076.75,23038.80078125,23045.30078125,0,23155.07236328125,23171.4669140625,35.8089721122156,-35.23209905479962,-18.88549828233009,-16.34660077246953
2026-03-16 05:10:00+00:00,23052.05078125,23068.30078125,23047.75,23056.849609375,0,23150.01494140625,23167.689921875,35.19658072807674,-37.47205153144751,-22.60280893215357,-14.86924259929393
2026-03-16 05:15:00+00:00,23035.599609375,23064.25,23028.0,23053.5,0,23144.38740234375,23163.809921875,33.40474350647453,-40.1123123219113,-26.10470961010512,-14.007602711806182
2026-03-16 05:20:00+00:00,22986.25,23041.5,22985.349609375,23035.69921875,0,23135.1548828125,23158.9129296875,28.68680922186998,-45.66049332074181,-30.01586635223246,-15.644626968509346
2026-03-16 05:25:00+00:00,23032.25,23034.05078125,22955.55078125,22987.349609375,0,23128.13984375,23155.1329296875,37.54186950911066,-45.817495603922,-33.17619220257037,-12.641303401351628
2026-03-16 05:30:00+00:00,23043.05078125,23049.05078125,23012.94921875,23032.94921875,0,23123.29736328125,23152.0509375,39.44323812020448,-44.55676560522989,-35.452306883102274,-9.10445872212761
2026-03-16 05:35:00+00:00,23076.75,23079.0,23030.400390625,23043.849609375,0,23119.24736328125,23150.071953125,45.06269139563749,-40.37298800676217,-36.43644310783426,-3.936544898927913
2026-03-16 05:40:00+00:00,23092.349609375,23097.44921875,23060.650390625,23077.900390625,0,23112.88232421875,23148.486953125,47.49174757156342,-35.390595260021655,-36.22727353827174,0.8366782782500835
2026-03-16 05:45:00+00:00,23187.75,23190.150390625,23090.69921875,23093.55078125,0,23110.13232421875,23149.416953125,59.333755756197405,-23.4734120010653,-33.67650123083045,10.203089229765157
2026-03-16 05:50:00+00:00,23185.400390625,23199.44921875,23164.5,23189.05078125,0,23107.37734375,23149.33796875,58.9809466968109,-14.05651746625881,-29.752504477916126,15.695987011657316
2026-03-16 05:55:00+00:00,23172.19921875,23184.150390625,23160.55078125,23182.69921875,0,23103.9373046875,23149.42296875,56.9326139171634,-7.571505345360492,-25.316304651405,17.744799306044506
2026-03-16 06:00:00+00:00,23196.849609375,23218.150390625,23163.19921875,23172.75,0,23102.45478515625,23150.446953125,59.74396919209583,-0.4379575045350066,-20.340635222031004,19.902677717496
2026-03-16 06:05:00+00:00,23166.69921875,23209.05078125,23161.349609375,23197.099609375,0,23102.41220703125,23150.6379296875,55.01363945154912,2.750836081635498,-15.722340961297704,18.4731770429332
2026-03-16 06:10:00+00:00,23149.5,23184.05078125,23148.349609375,23166.349609375,0,23100.03974609375,23150.4229296875,52.461869235502775,3.845812625426333,-11.808710243952897,15.65452286937923
2026-03-16 06:15:00+00:00,23160.0,23166.44921875,23144.80078125,23149.900390625,0,23098.81728515625,23150.8579296875,53.86866946470207,5.497480144054862,-8.347472166351347,13.844952310406208
2026-03-16 06:20:00+00:00,23154.19921875,23170.55078125,23144.94921875,23160.0,0,23098.76728515625,23151.5629296875,52.93664225187381,6.26613191627257,-5.424751349826564,11.690883266099137
2026-03-16 06:25:00+00:00,23144.94921875,23172.0,23138.099609375,23152.94921875,0,23101.01474609375,23151.5979296875,51.409171589964565,6.05905131711188,-3.127990816438875,9.187042133550754
2026-03-16 06:30:00+00:00,23155.099609375,23188.94921875,23144.400390625,23144.400390625,0,23105.934765625,23151.294921875,53.01143664238198,6.63747743523345,-1.1748971661044103,7.81237460133786
2026-03-16 06:35:00+00:00,23159.55078125,23168.150390625,23150.80078125,23155.5,0,23112.66484375,23150.4489453125,53.7319426623787,7.370098760715336,0.534102019259539,6.835996741455798
2026-03-16 06:40:00+00:00,23162.849609375,23185.849609375,23147.30078125,23159.19921875,0,23118.55234375,23149.321953125,54.291331791453466,8.123254478563467,2.0519325111203246,6.071321967443143
2026-03-16 06:45:00+00:00,23166.05078125,23169.150390625,23154.349609375,23163.30078125,0,23123.969921875,23148.438984375,54.86164375801094,8.87612518225069,3.416771045346397,5.459354136904292
2026-03-16 06:50:00+00:00,23191.900390625,23192.849609375,23162.30078125,23166.5,0,23130.96240234375,23148.2269921875,59.27991402549344,11.426905824086134,5.018798001094345,6.408107822991789
2026-03-16 06:55:00+00:00,23179.400390625,23196.44921875,23171.150390625,23191.150390625,0,23138.15244140625,23147.105,56.40474809067648,12.298008539779405,6.474640108831357,5.823368430948046
2026-03-16 07:00:00+00:00,23144.650390625,23182.55078125,23138.849609375,23178.650390625,0,23146.0724609375,23145.825,49.25292366969167,10.068268404898843,7.193365768044855,2.8749026368539896
2026-03-16 07:05:00+00:00,23159.44921875,23160.55078125,23114.5,23144.19921875,0,23152.432421875,23144.51796875,52.041751443149344,9.387116202015022,7.632115854838889,1.755000347176133
2026-03-16 07:10:00+00:00,23154.80078125,23173.650390625,23151.44921875,23159.44921875,0,23158.019921875,23143.79296875,51.09196143333806,8.375658735916659,7.780824431054444,0.5948343048622151
2026-03-16 07:15:00+00:00,23102.650390625,23154.599609375,23100.599609375,23154.150390625,0,23159.31494140625,23142.498984375,41.86145959531439,3.327612081728148,6.890181961189185,-3.562569879461037
2026-03-16 07:20:00+00:00,23123.5,23128.69921875,23093.25,23102.400390625,0,23160.8724609375,23141.4109765625,46.05740306431007,0.9978849713916134,5.711722563229671,-4.7138375918380575
2026-03-16 07:25:00+00:00,23132.400390625,23132.75,23114.80078125,23123.19921875,0,23158.10498046875,23141.29796875,47.78968140628341,-0.1287690392346121,4.543624242736814,-4.672393281971426
2026-03-16 07:30:00+00:00,23121.900390625,23172.599609375,23121.900390625,23132.75,0,23154.92998046875,23141.0809765625,45.91633556363846,-1.8476145570857625,3.2653764827722997,-5.112991039858062
2026-03-16 07:35:00+00:00,23121.55078125,23131.849609375,23086.349609375,23120.94921875,0,23152.39755859375,23140.2609765625,45.85188607371072,-3.201122026257508,1.9720767809663384,-5.173198807223846
2026-03-16 07:40:00+00:00,23116.80078125,23146.30078125,23111.650390625,23120.25,0,23148.3951171875,23139.5330078125,44.929153769386346,-4.603999706938339,0.6568614833854028,-5.260861190323742
2026-03-16 07:45:00+00:00,23151.099609375,23151.099609375,23115.400390625,23117.94921875,0,23147.61513671875,23139.5919921875,52.3810780806011,-2.9145643105221097,-0.0574236753960996,-2.8571406351260102
2026-03-16 07:50:00+00:00,23149.19921875,23168.94921875,23144.80078125,23150.69921875,0,23147.60009765625,23139.15796875,51.96153464043756,-1.7093162941237097,-0.3878021991416216,-1.321514094982088
2026-03-16 07:55:00+00:00,23124.5,23161.80078125,23121.849609375,23150.0,0,23145.82509765625,23138.196953125,46.723559381868526,-2.715862320659653,-0.853414223445228,-1.862448097214425
2026-03-16 08:00:00+00:00,23108.30078125,23144.19921875,23100.69921875,23123.75,0,23143.53017578125,23137.5649609375,43.61798050202029,-4.765762129816721,-1.6358838047195268,-3.1298783250971947
2026-03-16 08:05:00+00:00,23128.19921875,23130.44921875,23106.650390625,23107.900390625,0,23142.69267578125,23136.9739453125,48.17475558063552,-4.730158565715101,-2.2547387569186417,-2.475419808796459
2026-03-16 08:10:00+00:00,23108.25,23147.849609375,23107.05078125,23126.349609375,0,23140.3501953125,23134.7459375,44.30845862133674,-6.239749764030421,-3.0517409583409973,-3.188008805689424
2026-03-16 08:15:00+00:00,23107.80078125,23119.349609375,23092.849609375,23107.44921875,0,23137.7626953125,23132.046953125,44.222392033748896,-7.387204765396746,-3.918833719752147,-3.468371045644598
2026-03-16 08:20:00+00:00,23130.05078125,23142.55078125,23097.150390625,23107.849609375,0,23136.12275390625,23129.83796875,49.45898398341696,-6.4270945269781805,-4.420485881197354,-2.006608645780826
2026-03-16 08:25:00+00:00,23130.80078125,23133.25,23115.75,23127.599609375,0,23134.36025390625,23127.633984375,49.63064479875968,-5.541799103411904,-4.6447485256402645,-0.8970505777716395
2026-03-16 08:30:00+00:00,23123.69921875,23134.44921875,23121.599609375,23130.44921875,0,23130.9501953125,23125.57796875,47.96926989905887,-5.351543582342856,-4.786107536980783,-0.5654360453620733
2026-03-16 08:35:00+00:00,23137.599609375,23142.900390625,23116.0,23123.44921875,0,23128.86015625,23124.9789453125,51.3987105660402,-4.032633667455229,-4.6354127630756725,0.6027790956204431
2026-03-16 08:40:00+00:00,23155.30078125,23180.69921875,23136.349609375,23136.349609375,0,23129.39267578125,23124.1459765625,55.42763183002519,-1.541284454458946,-4.016587101352327,2.4753026468933808
2026-03-16 08:45:00+00:00,23225.599609375,23226.849609375,23134.599609375,23155.05078125,0,23132.7001953125,23124.968984375,67.09422120137609,6.036075542382605,-2.0060545726053407,8.042130114987945
2026-03-16 08:50:00+00:00,23336.44921875,23340.900390625,23225.19921875,23226.55078125,0,23141.7826171875,23128.593984375,77.21958441109089,20.746670298685785,2.5444904016528844,18.202179897032902
2026-03-16 08:55:00+00:00,23347.849609375,23369.5,23302.150390625,23339.69921875,0,23154.042578125,23133.5509765625,77.97036993430916,32.94506862998969,8.624606047320245,24.32046258266945
2026-03-16 09:00:00+00:00,23365.849609375,23382.19921875,23337.650390625,23352.849609375,0,23166.16005859375,23139.733984375,79.13938169400902,43.56267337811005,15.612219513478204,27.950453864631843
2026-03-16 09:05:00+00:00,23411.599609375,23416.80078125,23358.099609375,23370.25,0,23180.12001953125,23147.4669921875,81.78509011348878,55.03444150409268,23.496663911601104,31.53777759249158
2026-03-16 09:10:00+00:00,23427.849609375,23450.05078125,23390.05078125,23415.0,0,23195.41748046875,23155.1219921875,82.627871223841,64.69141719819527,31.73561456891994,32.955802629275325
2026-03-16 09:15:00+00:00,23453.849609375,23460.650390625,23411.30078125,23429.849609375,0,23212.032421875,23163.045,83.91059300598438,73.59427374259394,40.10734640365474,33.4869273389392
2026-03-16 09:20:00+00:00,23458.150390625,23502.0,23435.099609375,23456.25,0,23229.09990234375,23171.1669921875,84.11947593512161,80.07384733159779,48.10064658924336,31.97320074235444
2026-03-16 09:25:00+00:00,23454.05078125,23475.44921875,23436.75,23463.75,0,23244.2474609375,23179.536015625,83.01313361191094,83.91087948302084,55.26269316799886,28.648186315021974
2026-03-16 09:30:00+00:00,23401.69921875,23459.25,23388.75,23455.30078125,0,23256.8724609375,23187.845,70.2983256900764,81.7846588952998,60.56708631345906,21.21757258184074
2026-03-16 09:35:00+00:00,23440.19921875,23458.0,23403.55078125,23403.55078125,0,23272.657421875,23196.003984375,73.51151214024797,82.25802272092551,64.90527359495235,17.352749125973162
2026-03-16 09:40:00+00:00,23435.25,23460.19921875,23418.25,23442.19921875,0,23289.0048828125,23203.84796875,72.4267990272941,81.29666897780407,68.1835526715227,13.11311630628137
2026-03-16 09:45:00+00:00,23376.0,23436.05078125,23373.25,23435.80078125,0,23301.394921875,23209.83296875,60.850716399191214,74.89051810808814,69.5249457588358,5.365572349252346
2026-03-16 09:50:00+00:00,23354.55078125,23385.349609375,23352.650390625,23376.69921875,0,23313.7099609375,23215.0769921875,57.28140997915019,67.30695204938456,69.08134701694556,-1.774394967560994
2026-03-16 09:55:00+00:00,23355.599609375,23359.900390625,23338.599609375,23354.849609375,0,23326.09990234375,23218.433984375,57.412954625491146,60.68204809827148,67.40148723321074,-6.719439134939265
2026-03-17 03:45:00+00:00,23398.400390625,23493.19921875,23361.349609375,23493.19921875,0,23339.5173828125,23222.693984375,62.48922102905125,58.21437030924062,65.56406384841672,-7.349693539176101
2026-03-17 03:50:00+00:00,23368.55078125,23424.25,23366.94921875,23395.55078125,0,23351.4048828125,23226.621015625,57.35461741905237,53.23642747243503,63.09853657322039,-9.86210910078536
2026-03-17 03:55:00+00:00,23373.19921875,23391.05078125,23347.400390625,23363.75,0,23363.8798828125,23230.1480078125,57.93429039941991,49.10046240117663,60.29892173881164,-11.198459337635008
2026-03-17 04:00:00+00:00,23387.80078125,23402.849609375,23359.5,23373.150390625,0,23376.38994140625,23234.5700390625,59.7835252141105,46.46528150602171,57.53219369225366,-11.066912186231946
2026-03-17 04:05:00+00:00,23437.0,23440.30078125,23385.05078125,23388.80078125,0,23390.47490234375,23240.3200390625,65.31618824727288,47.79588621487346,55.58493219677762,-7.789045981904159
2026-03-17 04:10:00+00:00,23452.900390625,23462.900390625,23417.30078125,23437.25,0,23401.83994140625,23246.178046875,66.9010058546531,49.56210754699714,54.38036726682153,-4.81825971982439
2026-03-17 04:15:00+00:00,23482.599609375,23486.30078125,23431.69921875,23453.150390625,0,23409.1474609375,23252.7460546875,69.68713572804687,52.75025729385016,54.05434527222725,-1.3040879783770976
2026-03-17 04:20:00+00:00,23483.0,23488.30078125,23456.400390625,23484.5,0,23415.90498046875,23259.5070703125,69.72413614879483,54.67889287421713,54.17925479262523,0.4996380815918968
2026-03-17 04:25:00+00:00,23496.69921875,23501.599609375,23466.0,23483.0,0,23422.4474609375,23266.3390625,71.02720299485739,56.65962603121079,54.67532904034235,1.984296990868444
2026-03-17 04:30:00+00:00,23513.0,23524.94921875,23496.69921875,23496.75,0,23427.51748046875,23273.408046875,72.54160971276494,58.866135971518815,55.51349042657765,3.3526455449411685
2026-03-17 04:35:00+00:00,23519.099609375,23530.349609375,23512.650390625,23513.44921875,0,23432.07998046875,23280.533046875,73.10804815023363,60.41062244501882,56.49291683026589,3.9177056147529328
2026-03-17 04:40:00+00:00,23526.0,23536.849609375,23504.80078125,23520.5,0,23435.6875,23287.73203125,73.76733793039394,61.48270856448653,57.49087517711002,3.991833387376509
2026-03-17 04:45:00+00:00,23554.69921875,23555.19921875,23525.75,23525.849609375,0,23440.51494140625,23294.9880078125,76.36288854976911,63.91140079694742,58.77498030107751,5.136420495869913
2026-03-17 04:50:00+00:00,23564.44921875,23576.55078125,23536.599609375,23554.30078125,0,23446.03486328125,23302.688984375,77.18865503976895,65.86366507256025,60.19271725537406,5.670947817186189
2026-03-17 04:55:00+00:00,23500.19921875,23566.150390625,23500.19921875,23563.69921875,0,23450.95986328125,23309.7999609375,61.85372183343018,61.51727765233954,60.45762933476716,1.059648317572382
2026-03-17 05:00:00+00:00,23470.099609375,23510.650390625,23470.0,23501.849609375,0,23452.4548828125,23316.01296875,56.21886484719624,55.009828325644776,59.368069132942686,-4.358240807297911
2026-03-17 05:05:00+00:00,23489.94921875,23490.599609375,23443.0,23467.849609375,0,23455.18984375,23322.7159375,58.87930386121487,50.86795135799912,57.668045577953976,-6.8000942199548575
2026-03-17 05:10:00+00:00,23483.75,23493.80078125,23461.25,23489.69921875,0,23460.57734375,23330.3379296875,57.70003708639409,46.5486747297,55.444171408303184,-8.895496678603187
2026-03-17 05:15:00+00:00,23523.0,23523.150390625,23475.5,23483.900390625,0,23468.9998046875,23338.3279296875,62.78260047403284,45.76521099265665,53.50837932517389,-7.743168332517236
2026-03-17 05:20:00+00:00,23519.94921875,23533.0,23510.25,23522.650390625,0,23477.21728515625,23346.07890625,62.15743926526929,44.38647809619579,51.68399907937827,-7.29752098318248
2026-03-17 05:25:00+00:00,23523.94921875,23533.900390625,23509.400390625,23521.150390625,0,23483.4947265625,23354.1198828125,62.682129738148056,43.11953376881138,49.971106017264894,-6.851572248453515
2026-03-17 05:30:00+00:00,23515.19921875,23528.150390625,23508.0,23523.849609375,0,23490.8271484375,23361.9928515625,60.69950484239003,40.937517173068045,48.16438824842553,-7.2268710753574865
2026-03-17 05:35:00+00:00,23490.650390625,23526.94921875,23481.599609375,23514.900390625,0,23496.69970703125,23369.46984375,55.40469046094798,36.80312452343787,45.892135503428,-9.089010979990128
2026-03-17 05:40:00+00:00,23470.55078125,23507.400390625,23467.400390625,23490.44921875,0,23500.83720703125,23375.8588671875,51.44763157343789,31.54113153414073,43.02193470957055,-11.48080317542982
2026-03-17 05:45:00+00:00,23440.650390625,23479.5,23440.44921875,23471.44921875,0,23501.0197265625,23381.687890625,46.16541009825375,24.673828013648745,39.35231337038619,-14.678485356737449
2026-03-17 05:50:00+00:00,23412.75,23448.150390625,23411.150390625,23438.55078125,0,23499.01220703125,23387.452890625,41.84781319626812,16.786606595731428,34.83917201545524,-18.052565419723813
2026-03-17 05:55:00+00:00,23383.69921875,23416.849609375,23375.94921875,23412.650390625,0,23494.0671875,23392.960859375,37.87572762379594,8.098418016495998,29.491021215663395,-21.3926031991674
2026-03-17 06:00:00+00:00,23366.05078125,23394.0,23363.44921875,23384.349609375,0,23488.2197265625,23397.717890625,35.6612297308906,-0.2087095657152531,23.551075059387667,-23.75978462510292
2026-03-17 06:05:00+00:00,23391.05078125,23409.900390625,23355.69921875,23365.75,0,23482.9373046875,23403.37390625,40.9298933579296,-4.720462405730359,17.896767566364062,-22.61722997209442
2026-03-17 06:10:00+00:00,23390.650390625,23408.150390625,23379.94921875,23390.44921875,0,23476.81982421875,23409.0308984375,40.872165699526896,-8.233457046419062,12.670722643807435,-20.9041796902265
2026-03-17 06:15:00+00:00,23392.849609375,23417.849609375,23387.80078125,23390.44921875,0,23470.50732421875,23414.286875,41.361376803673615,-10.716538450982624,7.993270424849424,-18.70980887583205
2026-03-17 06:20:00+00:00,23410.44921875,23429.599609375,23389.599609375,23392.650390625,0,23464.72978515625,23419.87984375,45.26433596979258,-11.13588936252927,4.167438467373685,-15.303327829902956
2026-03-17 06:25:00+00:00,23415.849609375,23419.599609375,23376.05078125,23410.599609375,0,23457.7873046875,23425.7228515625,46.442318475062265,-10.906735532684252,1.1526036673620976,-12.059339200046349
2026-03-17 06:30:00+00:00,23412.900390625,23421.94921875,23402.599609375,23415.349609375,0,23450.20986328125,23431.2288671875,45.86183960507074,-10.838171087274532,-1.2455512835652285,-9.592619803709304
2026-03-17 06:35:00+00:00,23436.30078125,23438.0,23408.19921875,23410.400390625,0,23447.01494140625,23436.8488671875,51.08589136551725,-8.794242755833693,-2.755289578018921,-6.038953177814772
2026-03-17 06:40:00+00:00,23435.30078125,23450.05078125,23424.30078125,23435.599609375,0,23445.275,23441.042890625,50.86002988837014,-7.17242719409478,-3.6387171012340938,-3.5337100928606864
2026-03-17 06:45:00+00:00,23383.94921875,23438.30078125,23382.25,23435.150390625,0,23439.975,23441.992890625,40.86783000925246,-9.91645785433866,-4.894265251855007,-5.022192602483653
2026-03-17 06:50:00+00:00,23386.44921875,23413.05078125,23381.55078125,23383.44921875,0,23435.1099609375,23442.7648828125,41.47070713786356,-11.753901159609086,-6.266192433405823,-5.487708726203262
2026-03-17 06:55:00+00:00,23406.849609375,23408.75,23385.19921875,23385.19921875,0,23429.30244140625,23443.5848828125,46.28348664399802,-11.432164312918758,-7.299386809308411,-4.132777503610347
2026-03-17 07:00:00+00:00,23411.0,23415.19921875,23380.349609375,23406.349609375,0,23423.85498046875,23443.572890625,47.234115695847855,-10.718724918067892,-7.983254431060308,-2.735470487007584
2026-03-17 07:05:00+00:00,23425.599609375,23437.099609375,23409.849609375,23410.55078125,0,23418.9375,23443.527890625,50.54933561892076,-8.872970514206827,-8.161197647689612,-0.7117728665172152
2026-03-17 07:10:00+00:00,23451.0,23457.25,23412.849609375,23424.5,0,23415.7275390625,23443.4708984375,55.757477921313,-5.299508176260133,-7.588859753403715,2.2893515771435835
2026-03-17 07:15:00+00:00,23484.349609375,23486.900390625,23449.30078125,23450.900390625,0,23415.4125,23443.9948828125,61.49199407346485,0.2209739836835069,-6.026893005986272,6.247866989669779
2026-03-17 07:20:00+00:00,23466.19921875,23496.19921875,23459.75,23488.150390625,0,23415.194921875,23444.2378515625,57.1503361617607,3.095725438241061,-4.202369317140805,7.298094755381866
2026-03-17 07:25:00+00:00,23476.80078125,23482.599609375,23456.94921875,23465.5,0,23417.00244140625,23445.7398828125,58.97247284592148,6.158453353484219,-2.1302047830158006,8.28865813650002
2026-03-17 07:30:00+00:00,23505.599609375,23512.55078125,23477.05078125,23477.55078125,0,23421.644921875,23447.047890625,63.5116522882255,10.785187116387531,0.452873596864866,10.332313519522668
2026-03-17 07:35:00+00:00,23517.0,23520.30078125,23476.150390625,23505.19921875,0,23428.3099609375,23448.682890625,65.15515399445646,15.196645731291936,3.4016280237502805,11.795017707541655
2026-03-17 07:40:00+00:00,23531.599609375,23533.5,23515.94921875,23516.30078125,0,23436.58740234375,23451.7948828125,67.19307645158129,19.64437678164541,6.650177775329306,12.9941990063161
2026-03-17 07:45:00+00:00,23554.5,23557.80078125,23532.94921875,23532.94921875,0,23444.75986328125,23455.7938671875,70.14281981314954,24.732010597090262,10.2665443396815,14.465466257408767
2026-03-17 07:50:00+00:00,23540.650390625,23560.19921875,23537.150390625,23554.69921875,0,23452.25986328125,23459.4948828125,66.26251401844829,27.33139006820056,13.67951348538531,13.651876582815252
2026-03-17 07:55:00+00:00,23541.75,23544.75,23524.849609375,23539.900390625,0,23459.7048828125,23462.361875,66.42134368989885,29.144190229970263,16.772448834302303,12.37174139566796
2026-03-17 08:00:00+00:00,23548.900390625,23591.400390625,23541.05078125,23541.05078125,0,23466.62744140625,23465.9688671875,67.49303894711693,30.80274926434868,19.578508920311577,11.2242403440371
2026-03-17 08:05:00+00:00,23513.599609375,23554.349609375,23512.55078125,23549.900390625,0,23471.51494140625,23468.776875,57.70182043725869,28.935144883711477,21.44983611299156,7.485308770719914
2026-03-17 08:10:00+00:00,23530.44921875,23540.75,23504.150390625,23513.19921875,0,23477.3923828125,23471.62984375,60.6371350920271,28.48630522071835,22.85712993453692,5.629175286181432
2026-03-17 08:15:00+00:00,23557.650390625,23558.400390625,23530.75,23530.75,0,23483.45986328125,23474.0428515625,64.87486653111785,29.979914007883053,24.281686749206145,5.6982272586769085
2026-03-17 08:20:00+00:00,23548.19921875,23568.30078125,23547.599609375,23557.44921875,0,23489.10478515625,23475.948828125,62.36266694296357,30.054529244171132,25.436255248199146,4.61827399597199
2026-03-17 08:25:00+00:00,23542.05078125,23554.19921875,23531.05078125,23547.5,0,23497.00986328125,23477.1378515625,60.71548742431352,29.28001307039085,26.20500681263749,3.075006257753362
2026-03-17 08:30:00+00:00,23565.05078125,23573.19921875,23533.400390625,23541.849609375,0,23505.93994140625,23478.7788671875,64.49356664350432,30.174280876461125,26.99886162540222,3.175419251058905
2026-03-17 08:35:00+00:00,23569.650390625,23573.30078125,23537.25,23566.69921875,0,23514.07998046875,23480.237890625,65.21406203454833,30.897972003702307,27.77868370106224,3.119288302640065
2026-03-17 08:40:00+00:00,23600.44921875,23608.900390625,23569.69921875,23569.69921875,0,23523.55244140625,23481.986875,69.65441592067177,33.569739409620524,28.936894842773903,4.632844566846622
2026-03-17 08:45:00+00:00,23561.80078125,23606.849609375,23551.150390625,23600.0,0,23530.3625,23482.8408984375,59.40660645791088,32.197377099048026,29.58899129402873,2.608385805019296
2026-03-17 08:50:00+00:00,23545.25,23575.30078125,23534.849609375,23562.099609375,0,23535.075,23483.2258984375,55.631946092429565,29.434952544055704,29.55818354403413,-0.1232309999784213
2026-03-17 08:55:00+00:00,23553.69921875,23565.599609375,23526.849609375,23545.75,0,23538.54248046875,23483.2058984375,57.1295065284506,27.60923049903795,29.16839293503489,-1.5591624359969425
2026-03-17 09:00:00+00:00,23580.099609375,23587.80078125,23554.05078125,23554.05078125,0,23544.2375,23483.51890625,61.50201318700024,27.970200450963603,28.92875443822064,-0.9585539872570336
2026-03-17 09:05:00+00:00,23589.900390625,23600.150390625,23575.099609375,23579.30078125,0,23549.89248046875,23485.3129296875,63.01031300891911,28.71609164747133,28.88622188007077,-0.170130232599444
2026-03-17 09:10:00+00:00,23587.400390625,23614.69921875,23585.349609375,23590.19921875,0,23553.98251953125,23487.6589453125,62.339384621939296,28.773800229948392,28.863737550046302,-0.0899373200979098
2026-03-17 09:15:00+00:00,23598.80078125,23599.150390625,23567.55078125,23587.099609375,0,23558.07255859375,23489.8359765625,64.21084395606294,29.40053982185782,28.971098004408606,0.4294418174492129
2026-03-17 09:20:00+00:00,23623.150390625,23623.5,23592.099609375,23598.599609375,0,23562.65009765625,23492.623984375,67.88196647701061,31.49894520928865,29.476667445384614,2.022277763904036
2026-03-17 09:25:00+00:00,23654.44921875,23656.19921875,23621.94921875,23622.44921875,0,23567.64755859375,23495.25296875,71.87546505150063,35.28080528965438,30.637495014238567,4.643310275415814
2026-03-17 09:30:00+00:00,23593.19921875,23655.19921875,23569.25,23654.5,0,23570.275,23496.71796875,56.95182048760076,32.955700733931735,31.1011361581772,1.8545645757545337
2026-03-17 09:35:00+00:00,23593.0,23614.599609375,23574.44921875,23592.94921875,0,23572.8375,23498.098984375,56.9104305376286,30.74258198532698,31.02942532360716,-0.2868433382801818
2026-03-17 09:40:00+00:00,23607.5,23610.69921875,23567.5,23593.599609375,0,23575.76748046875,23499.945,59.232746054149565,29.81500938188765,30.786542135263257,-0.9715327533756088
2026-03-17 09:45:00+00:00,23562.5,23607.650390625,23546.55078125,23607.05078125,0,23578.2125,23501.3819921875,50.191850150846896,25.15876293324618,29.660986294859843,-4.502223361613662
2026-03-17 09:50:00+00:00,23558.94921875,23580.55078125,23552.69921875,23563.0,0,23579.6375,23503.1499609375,49.54918871912839,20.94074384461419,27.916937804810715,-6.976193960196525
2026-03-17 09:55:00+00:00,23557.5,23568.400390625,23553.150390625,23559.0,0,23579.62998046875,23505.486953125,49.27189311101083,17.28177988520474,25.789906220889524,-8.508126335684782
2026-03-18 03:45:00+00:00,23721.900390625,23726.0,23630.25,23634.30078125,0,23588.3150390625,23511.6699609375,69.87089727553783,27.332687945381625,26.098462565787944,1.2342253795936775
2026-03-18 03:50:00+00:00,23676.150390625,23738.44921875,23675.5,23721.599609375,0,23595.02001953125,23517.518984375,62.29049444697507,31.24627473959117,27.128025000548597,4.118249739042579
2026-03-18 03:55:00+00:00,23715.30078125,23724.150390625,23667.30078125,23677.0,0,23602.53251953125,23524.503984375,65.71809781241606,37.0795004004176,29.1183200805224,7.961180319895202
2026-03-18 04:00:00+00:00,23725.30078125,23735.05078125,23714.80078125,23714.80078125,0,23610.3150390625,23531.188984375,66.55433249221736,42.02485383382009,31.699626831181934,10.325227002638153
2026-03-18 04:05:00+00:00,23708.05078125,23729.349609375,23706.44921875,23726.80078125,0,23615.6951171875,23537.5369921875,63.66919569803449,44.04443440034811,34.16858834501517,9.875846055332936
2026-03-18 04:10:00+00:00,23721.75,23731.099609375,23700.099609375,23708.099609375,0,23623.692578125,23544.115,64.96800771563798,46.21761116158086,36.57839290832831,9.639218253252553
2026-03-18 04:15:00+00:00,23732.19921875,23733.94921875,23704.44921875,23720.349609375,0,23633.0400390625,23550.55,65.96740699014649,48.22710201541122,38.908134729744894,9.318967285666323
2026-03-18 04:20:00+00:00,23724.349609375,23754.349609375,23720.849609375,23733.400390625,0,23641.57255859375,23556.72,64.47926899226078,48.62571316709364,40.85165041721464,7.774062749878993
2026-03-18 04:25:00+00:00,23691.25,23725.19921875,23669.55078125,23724.30078125,0,23647.130078125,23562.2869921875,58.48773406329388,45.7434514905799,41.830010631887696,3.913440858692205
2026-03-18 04:30:00+00:00,23657.05078125,23695.650390625,23650.599609375,23691.150390625,0,23650.48759765625,23566.7019921875,53.00710881282086,40.23583356464587,41.51117521843933,-1.2753416537934612
2026-03-18 04:35:00+00:00,23650.19921875,23664.0,23643.30078125,23658.05078125,0,23653.6275390625,23570.9999609375,51.956684268774005,34.91565688689661,40.19207155213079,-5.276414665234178
2026-03-18 04:40:00+00:00,23664.30078125,23666.30078125,23640.69921875,23649.349609375,0,23656.9025390625,23576.6069921875,53.978108664754885,31.47443904094689,38.448545049894015,-6.974106008947125
2026-03-18 04:45:00+00:00,23707.349609375,23711.0,23664.650390625,23664.94921875,0,23661.1125,23583.025,59.57054668047155,31.85373967826672,37.12958397556856,-5.275844297301838
2026-03-18 04:50:00+00:00,23735.849609375,23736.05078125,23701.349609375,23707.69921875,0,23665.18251953125,23589.605,62.79397624889821,34.06141123538691,36.51594942753223,-2.454538192145314
2026-03-18 04:55:00+00:00,23722.94921875,23737.849609375,23716.69921875,23734.900390625,0,23671.67001953125,23595.843984375,60.444766965603066,34.373813217629504,36.08752218555168,-1.7137089679221802
2026-03-18 05:00:00+00:00,23732.150390625,23739.44921875,23713.44921875,23721.650390625,0,23678.6275390625,23601.975,61.54968136341344,34.96084485508254,35.86218671945786,-0.9013418643753184
2026-03-18 05:05:00+00:00,23731.5,23746.0,23723.0,23730.400390625,0,23684.8275390625,23607.585,61.419081172111696,34.97047272796044,35.68384392115838,-0.7133711931979363
2026-03-18 05:10:00+00:00,23723.349609375,23741.19921875,23718.30078125,23730.55078125,0,23692.87001953125,23612.365,59.70926827853378,33.92931841636164,35.33293882019903,-1.4036204038373938
2026-03-18 05:15:00+00:00,23759.849609375,23760.19921875,23721.099609375,23721.650390625,0,23702.9150390625,23618.2380078125,64.47837675049688,35.638621238711494,35.39407530390152,0.2445459348099703
2026-03-18 05:20:00+00:00,23768.150390625,23769.650390625,23752.650390625,23759.55078125,0,23713.44755859375,23624.065,65.47912452941316,37.23385105692432,35.76203045450608,1.4718206024182408
2026-03-18 05:25:00+00:00,23770.599609375,23777.900390625,23764.19921875,23767.55078125,0,23715.88251953125,23629.365,65.78541703587942,38.254736871109344,36.26057173782674,1.994165133282607
2026-03-18 05:30:00+00:00,23784.400390625,23785.94921875,23764.150390625,23770.80078125,0,23721.29501953125,23634.7130078125,67.5334571572418,39.71954178968008,36.95236574819741,2.7671760414826707
2026-03-18 05:35:00+00:00,23777.150390625,23784.19921875,23764.55078125,23782.44921875,0,23724.3875,23639.6240234375,65.63630022847629,39.83618904166724,37.529130406891376,2.3070586347758635
2026-03-18 05:40:00+00:00,23785.30078125,23790.75,23768.44921875,23776.599609375,0,23727.3875,23644.2400390625,66.76657611187035,40.12377928562637,38.04806018263838,2.075719102987989
2026-03-18 05:45:00+00:00,23787.05078125,23787.05078125,23770.599609375,23784.69921875,0,23731.3375,23649.168046875,67.01742570609247,40.03144937094476,38.44473802029965,1.5867113506451034
2026-03-18 05:50:00+00:00,23798.19921875,23800.849609375,23781.849609375,23786.25,0,23735.1599609375,23654.29703125,68.64131634409333,40.392246311053896,38.8342396784505,1.5580066326033943
2026-03-18 05:55:00+00:00,23799.599609375,23805.80078125,23779.75,23797.849609375,0,23738.52998046875,23659.311015625,68.84879192866806,40.32632354975794,39.13265645271199,1.193667097045953
2026-03-18 06:00:00+00:00,23791.650390625,23804.349609375,23790.099609375,23798.75,0,23741.89501953125,23664.87203125,66.17242200608902,39.180989707718254,39.142323103713245,0.0386666040050087
2026-03-18 06:05:00+00:00,23812.94921875,23814.849609375,23783.099609375,23791.69921875,0,23747.97998046875,23670.52203125,69.58408868370707,39.53619318951314,39.221097120873225,0.3150960686399173
2026-03-18 06:10:00+00:00,23817.94921875,23835.099609375,23812.099609375,23813.349609375,0,23756.02490234375,23675.7280078125,70.34033098868493,39.76279200641875,39.32943609798233,0.4333559084364182
2026-03-18 06:15:00+00:00,23804.150390625,23820.400390625,23804.150390625,23816.900390625,0,23763.7224609375,23680.84703125,65.50017373827332,38.38642824324416,39.1408345270347,-0.7544062837905443
2026-03-18 06:20:00+00:00,23820.55078125,23822.5,23803.55078125,23804.30078125,0,23771.5349609375,23686.41703125,68.29278113956882,38.178921661059576,38.94845195383968,-0.7695302927801038
2026-03-18 06:25:00+00:00,23806.30078125,23821.30078125,23806.30078125,23820.150390625,0,23776.48251953125,23691.24203125,63.48433344461251,36.44450571591369,38.44766270625448,-2.0031569903407918
2026-03-18 06:30:00+00:00,23793.30078125,23810.80078125,23787.0,23806.650390625,0,23779.355078125,23695.7150390625,59.37698621710904,33.633273784922494,37.48478492198809,-3.851511137065593
2026-03-18 06:35:00+00:00,23779.599609375,23797.19921875,23777.75,23793.44921875,0,23782.18759765625,23699.298046875,55.31501418926792,29.95448549813227,35.978725037216925,-6.024239539084654
2026-03-18 06:40:00+00:00,23779.650390625,23789.55078125,23772.150390625,23779.05078125,0,23784.56259765625,23703.6550390625,55.32721228924192,26.73493323072762,34.129966675919064,-7.395033445191444
2026-03-18 06:45:00+00:00,23786.44921875,23787.69921875,23775.150390625,23779.19921875,0,23787.31005859375,23708.4790234375,57.01891219680476,24.45017705135251,32.194008751005754,-7.743831699653242
2026-03-18 06:50:00+00:00,23781.44921875,23788.80078125,23769.400390625,23785.69921875,0,23790.2150390625,23713.0340234375,55.35861396859482,21.98263101849807,30.151733204504215,-8.16910218600615
2026-03-18 06:55:00+00:00,23767.0,23784.19921875,23760.900390625,23781.599609375,0,23790.57255859375,23716.77203125,50.75882621676163,18.646209912771155,27.85062854615761,-9.204418633386451
2026-03-18 07:00:00+00:00,23780.849609375,23789.94921875,23767.150390625,23767.150390625,0,23791.20751953125,23720.591015625,54.64857343526714,16.924524496174854,25.66540773616106,-8.740883239986207
2026-03-18 07:05:00+00:00,23772.599609375,23788.80078125,23765.30078125,23780.19921875,0,23791.30751953125,23724.295,52.012821680333,14.724633933354198,23.47725297559969,-8.752619042245492
2026-03-18 07:10:00+00:00,23778.19921875,23778.19921875,23762.400390625,23772.599609375,0,23790.9974609375,23727.88296875,53.64697290149461,13.279963340741231,21.437795048628,-8.157831707886768
2026-03-18 07:15:00+00:00,23785.75,23785.75,23764.94921875,23777.69921875,0,23791.42744140625,23731.1349609375,55.83121762888874,12.599101826977858,19.670056404297974,-7.070954577320116
2026-03-18 07:20:00+00:00,23772.44921875,23794.5,23768.349609375,23785.44921875,0,23790.78486328125,23733.4949609375,51.24994105914955,10.861052828135143,17.90825568906541,-7.047202860930266
2026-03-18 07:25:00+00:00,23775.900390625,23781.150390625,23765.75,23771.599609375,0,23790.22734375,23737.148984375,52.34267195313668,9.650868003365758,16.25677815192548,-6.6059101485597225
2026-03-18 07:30:00+00:00,23796.150390625,23798.19921875,23775.150390625,23775.150390625,0,23790.12490234375,23741.2119921875,58.25532366209791,10.208120713265089,15.047046664193402,-4.838925950928314
2026-03-18 07:35:00+00:00,23777.849609375,23797.599609375,23766.400390625,23796.44921875,0,23789.03740234375,23744.618984375,51.97894220689751,9.06849147500543,13.851335626355809,-4.782844151350378
2026-03-18 07:40:00+00:00,23803.19921875,23803.19921875,23774.69921875,23776.5,0,23789.61484375,23749.43296875,58.62808499958359,10.094465993741323,13.099961699832912,-3.005495706091589
2026-03-18 07:45:00+00:00,23796.599609375,23810.19921875,23792.400390625,23802.400390625,0,23788.79736328125,23754.1859765625,56.437144360581456,10.256790968604037,12.531327553587138,-2.2745365849831014
2026-03-18 07:50:00+00:00,23828.69921875,23829.25,23797.25,23798.0,0,23789.33486328125,23759.6099609375,63.56844589309375,12.827734748414514,12.590608992552614,0.2371257558619
2026-03-18 07:55:00+00:00,23824.349609375,23836.650390625,23810.349609375,23828.19921875,0,23790.34482421875,23761.6589453125,62.08532480976255,14.348844543153971,12.942256102672886,1.406588440481087
2026-03-18 08:00:00+00:00,23833.150390625,23837.400390625,23816.0,23823.849609375,0,23790.9748046875,23764.7989453125,63.91959003236512,16.079134259340208,13.56963173400635,2.5095025253338576
2026-03-18 08:05:00+00:00,23841.400390625,23843.25,23824.150390625,23834.94921875,0,23792.72978515625,23767.3209375,65.59968789941477,17.90965601123753,14.437636589452588,3.4720194217849425
2026-03-18 08:10:00+00:00,23844.400390625,23844.400390625,23829.650390625,23840.5,0,23795.284765625,23769.7029296875,66.2157568211185,19.37904307028657,15.425917885619386,3.9531251846671847
2026-03-18 08:15:00+00:00,23829.44921875,23845.44921875,23824.150390625,23845.44921875,0,23797.77724609375,23772.1308984375,60.40932215901654,19.116742376427283,16.164082783780966,2.9526595926463166
2026-03-18 08:20:00+00:00,23845.80078125,23850.55078125,23819.05078125,23828.150390625,0,23801.084765625,23774.6119140625,64.11548103723113,19.997779668974545,16.93082216081968,3.0669575081548643
2026-03-18 08:25:00+00:00,23833.650390625,23858.75,23831.19921875,23844.599609375,0,23803.44482421875,23776.6409375,59.64723501821588,19.49089419682059,17.442836568019864,2.048057628800727
2026-03-18 08:30:00+00:00,23826.75,23851.5,23820.849609375,23832.5,0,23805.70986328125,23778.6889453125,57.20883261673399,18.321184740612807,17.618506202538452,0.7026785380743554
2026-03-18 08:35:00+00:00,23828.0,23830.25,23812.94921875,23827.349609375,0,23808.75986328125,23781.4239453125,57.54739633212328,17.295672377589653,17.553939437548692,-0.2582670599590386
2026-03-18 08:40:00+00:00,23817.650390625,23836.05078125,23809.599609375,23827.5,0,23810.59990234375,23784.6359375,53.75508112233583,15.46949673131894,17.137050896302743,-1.6675541649838015
2026-03-18 08:45:00+00:00,23839.349609375,23845.599609375,23811.099609375,23817.5,0,23813.93740234375,23788.4189453125,59.74478944106284,15.593433584173908,16.82832743387698,-1.23489384970307
2026-03-18 08:50:00+00:00,23849.19921875,23852.599609375,23833.150390625,23839.849609375,0,23817.48740234375,23792.1169140625,62.14175462756706,16.298555985020357,16.722373144105656,-0.4238171590852992
2026-03-18 08:55:00+00:00,23835.25,23861.80078125,23835.25,23848.69921875,0,23819.96240234375,23794.674921875,56.968214817873566,15.55250558984335,16.488399633253195,-0.9358940434098456
2026-03-18 09:00:00+00:00,23796.150390625,23840.05078125,23795.80078125,23836.44921875,0,23821.1474609375,23795.8809375,45.52682327367105,11.671699482911208,15.5250596031848,-3.853360120273591
2026-03-18 09:05:00+00:00,23801.150390625,23805.69921875,23786.94921875,23795.900390625,0,23822.4099609375,23797.4449609375,46.992919223984025,8.897031456308468,14.199453973809533,-5.302422517501064
2026-03-18 09:10:00+00:00,23780.599609375,23811.400390625,23779.69921875,23801.5,0,23821.632421875,23798.4139453125,41.99056516927788,4.982377017156978,12.35603858247902,-7.373661565322044
2026-03-18 09:15:00+00:00,23799.05078125,23802.55078125,23775.55078125,23780.55078125,0,23822.69248046875,23799.7649609375,47.40402381723229,3.3304491928429343,10.550920704551803,-7.220471511708871
2026-03-18 09:20:00+00:00,23783.75,23808.349609375,23780.599609375,23798.599609375,0,23821.72001953125,23800.97296875,43.75731420302309,0.7776747670359327,8.596271517048631,-7.818596750012698
2026-03-18 09:25:00+00:00,23801.80078125,23804.0,23781.849609375,23785.55078125,0,23821.980078125,23801.8119921875,48.76481853258404,0.2087237950545386,6.918761972649813,-6.710038177595274
2026-03-18 09:30:00+00:00,23804.69921875,23809.80078125,23766.900390625,23801.650390625,0,23820.780078125,23802.54296875,49.54167490484043,-0.0081997447596222,5.533369629167927,-5.541569373927549
2026-03-18 09:35:00+00:00,23795.25,23806.0,23792.900390625,23803.55078125,0,23819.32509765625,23803.0359765625,47.03767150086263,-0.9318444725940936,4.240326808815523,-5.172171281409616
2026-03-18 09:40:00+00:00,23792.55078125,23798.55078125,23789.0,23795.900390625,0,23817.2951171875,23803.198984375,46.31749955716036,-1.8602007326044256,3.020221300531533,-4.880422033135959
2026-03-18 09:45:00+00:00,23766.80078125,23792.900390625,23766.150390625,23792.349609375,0,23813.56513671875,23802.9919921875,40.02221533710458,-4.620477566142654,1.4920815271966958,-6.11255909333935
2026-03-18 09:50:00+00:00,23751.25,23768.099609375,23730.650390625,23767.44921875,0,23808.9076171875,23802.3109765625,36.771759225575614,-7.970950768303737,-0.4005249319033908,-7.570425836400346
2026-03-18 09:55:00+00:00,23764.099609375,23770.05078125,23750.05078125,23750.94921875,0,23805.64013671875,23801.851953125,41.03335265828447,-9.480088275489834,-2.2164376006206794,-7.263650674869154
2026-03-19 03:45:00+00:00,23289.5,23371.75,23209.099609375,23209.099609375,0,23777.82509765625,23791.67796875,11.147595708450396,-48.41422367114501,-11.455994814725546,-36.95822885641947
2026-03-19 03:50:00+00:00,23345.150390625,23345.150390625,23276.80078125,23289.69921875,0,23753.40009765625,23782.588984375,18.631198064073672,-73.92709945923343,-23.95021574362713,-49.97688371560631
2026-03-19 03:55:00+00:00,23316.05078125,23352.5,23316.05078125,23345.44921875,0,23727.86513671875,23773.0769921875,17.787550066728784,-95.3946820985184,-38.239109014605376,-57.15557308391301
2026-03-19 04:00:00+00:00,23301.0,23325.599609375,23296.69921875,23317.19921875,0,23701.51513671875,23762.8380078125,17.349952051073885,-112.3275264643562,-53.056792504555546,-59.27073395980065
2026-03-19 04:05:00+00:00,23257.25,23306.80078125,23255.5,23299.69921875,0,23673.4951171875,23751.6240234375,16.10932764604958,-127.80394268870803,-68.00622254138605,-59.797720147322
2026-03-19 04:10:00+00:00,23271.0,23281.650390625,23255.69921875,23261.099609375,0,23645.07763671875,23740.961015625,18.091673461749096,-137.37601873127642,-81.88018177936414,-55.49583695191228
2026-03-19 04:15:00+00:00,23238.30078125,23273.349609375,23226.75,23269.599609375,0,23614.53271484375,23729.316015625,17.05927875108989,-145.91845451982954,-94.68783632745722,-51.23061819237232
2026-03-19 04:20:00+00:00,23239.25,23263.650390625,23231.19921875,23235.900390625,0,23584.73271484375,23717.975,17.206976673791388,-150.87263656761206,-105.9247963754882,-44.94784019212386
2026-03-19 04:25:00+00:00,23242.69921875,23260.30078125,23229.349609375,23239.150390625,0,23557.06015625,23706.96296875,17.77993562067229,-152.7596205900336,-115.29176121839728,-37.46785937163631
2026-03-19 04:30:00+00:00,23264.849609375,23269.94921875,23230.44921875,23241.94921875,0,23530.2451171875,23696.66796875,21.53527800145403,-150.73019377039236,-122.37944772879632,-28.350746041596054
2026-03-19 04:35:00+00:00,23261.19921875,23268.349609375,23247.599609375,23264.900390625,0,23504.27509765625,23686.2989453125,21.362113614058515,-147.71366324907285,-127.44629083285162,-20.267372416221235
2026-03-19 04:40:00+00:00,23236.650390625,23260.849609375,23235.69921875,23260.5,0,23476.155078125,23675.30296875,20.186549557492214,-145.625249121269,-131.0820824905351,-14.543166630733907
2026-03-19 04:45:00+00:00,23217.0,23234.94921875,23204.05078125,23234.75,0,23447.817578125,23664.013984375,19.2723080932401,-143.89703275622378,-133.64507254367285,-10.251960212550928
2026-03-19 04:50:00+00:00,23260.0,23260.0,23214.75,23216.94921875,0,23420.7275390625,23653.873984375,27.057371952590245,-137.47296543026096,-134.41065112099048,-3.0623143092704765
2026-03-19 04:55:00+00:00,23272.400390625,23283.94921875,23257.94921875,23258.44921875,0,23394.11259765625,23643.705,29.17845007526728,-129.8840158181265,-133.50532406041768,3.621308242291178
2026-03-19 05:00:00+00:00,23274.150390625,23287.150390625,23272.400390625,23272.400390625,0,23368.0576171875,23633.736015625,29.490061205658165,-122.31849671097008,-131.26795859052817,8.9494618795581
2026-03-19 05:05:00+00:00,23311.599609375,23317.80078125,23271.69921875,23275.19921875,0,23344.01005859375,23624.4040234375,35.98151979947403,-112.00975065310558,-127.41631700304366,15.406566349938076
2026-03-19 05:10:00+00:00,23311.69921875,23316.30078125,23287.30078125,23313.349609375,0,23321.25498046875,23614.9230078125,35.99839795308314,-102.64868731685056,-122.46279106580504,19.81410374895449
2026-03-19 05:15:00+00:00,23276.75,23312.599609375,23275.05078125,23312.599609375,0,23297.52998046875,23605.0090234375,32.737159803625104,-96.9327071409607,-117.3567742808362,20.42406713987549
2026-03-19 05:20:00+00:00,23287.5,23291.25,23272.599609375,23276.75,0,23273.7,23595.241015625,34.69685756389063,-90.4921790015469,-111.98385522497831,21.491676223431423
2026-03-19 05:25:00+00:00,23260.44921875,23291.69921875,23258.30078125,23286.400390625,0,23272.2474609375,23584.5269921875,32.157888272219594,-86.5728283481476,-106.90164984961218,20.32882150146459
2026-03-19 05:30:00+00:00,23250.099609375,23264.650390625,23244.650390625,23260.650390625,0,23267.494921875,23573.9719921875,31.21668607692992,-83.34113695048654,-102.18954726978708,18.848410319300527
2026-03-19 05:35:00+00:00,23239.400390625,23259.25,23238.55078125,23251.05078125,0,23263.66240234375,23562.696015625,30.23161064693136,-80.71292738593183,-97.89422329301604,17.181295907084206
2026-03-19 05:40:00+00:00,23220.94921875,23254.94921875,23217.099609375,23241.44921875,0,23259.65986328125,23551.1830078125,28.55795405912416,-79.2058717526088,-94.1565529849346,14.950681232325792
2026-03-19 05:45:00+00:00,23218.69921875,23228.900390625,23207.55078125,23221.349609375,0,23257.73232421875,23538.9830078125,28.35182965950229,-77.30198632191241,-90.78563965233016,13.483653330417752
2026-03-19 05:50:00+00:00,23246.44921875,23253.599609375,23214.94921875,23219.55078125,0,23256.50478515625,23527.425,34.619625866591846,-72.71572866171846,-87.17165745420782,14.45592879248936
2026-03-19 05:55:00+00:00,23228.05078125,23246.0,23224.44921875,23244.900390625,0,23255.99228515625,23515.3230078125,32.584358029463814,-69.76151919961194,-83.68962980328865,13.928110603676714
2026-03-19 06:00:00+00:00,23248.900390625,23250.099609375,23225.55078125,23227.349609375,0,23256.4748046875,23503.4730078125,37.09740085465983,-64.98874785665248,-79.94945341396142,14.96070555730894
2026-03-19 06:05:00+00:00,23240.599609375,23253.849609375,23237.650390625,23246.75,0,23256.36982421875,23491.3969921875,36.06233413986226,-61.17095516223708,-76.19375376361656,15.022798601379478
2026-03-19 06:10:00+00:00,23241.650390625,23246.75,23229.19921875,23240.349609375,0,23255.20986328125,23479.641015625,36.30461041466078,-57.39887913200073,-72.4347788372934,15.035899705292664
2026-03-19 06:15:00+00:00,23246.19921875,23260.0,23236.94921875,23241.599609375,0,23254.45986328125,23467.648984375,37.4102891349289,-53.42656114811325,-68.63313529945736,15.206574151344114
2026-03-19 06:20:00+00:00,23245.900390625,23256.80078125,23242.44921875,23246.44921875,0,23254.92236328125,23455.893984375,37.36440256222448,-49.72933464480957,-64.85237516852781,15.123040523718243
2026-03-19 06:25:00+00:00,23241.05078125,23248.0,23236.19921875,23245.599609375,0,23256.12490234375,23444.18,36.58023120589089,-46.65279457503857,-61.21245904982997,14.559664474791395
2026-03-19 06:30:00+00:00,23231.599609375,23245.150390625,23226.349609375,23241.900390625,0,23254.7048828125,23432.2519921875,35.036957678227694,-44.46468379160069,-57.86290399818412,13.398220206583424
2026-03-19 06:35:00+00:00,23234.0,23240.80078125,23217.849609375,23232.650390625,0,23252.78486328125,23420.578984375,35.77803073360268,-42.05214778558366,-54.70075275566403,12.64860497008037
2026-03-19 06:40:00+00:00,23265.5,23268.75,23226.900390625,23231.900390625,0,23252.35234375,23409.1019921875,44.69420631319981,-37.16993697989528,-51.19458960051029,14.024652620615
2026-03-19 06:45:00+00:00,23276.75,23281.19921875,23257.099609375,23265.5,0,23250.60986328125,23397.6530078125,47.49770240550901,-32.02381812096792,-47.360435304601815,15.336617183633898
2026-03-19 06:50:00+00:00,23245.94921875,23276.30078125,23238.94921875,23276.099609375,0,23247.32236328125,23385.8669921875,41.32177493459423,-30.084057198775557,-43.905159683436565,13.821102484661012
2026-03-19 06:55:00+00:00,23254.849609375,23257.94921875,23240.94921875,23244.94921875,0,23246.22734375,23375.0409765625,43.60375472673749,-27.51146056088692,-40.62641985892664,13.114959298039722
2026-03-19 07:00:00+00:00,23248.94921875,23264.69921875,23235.849609375,23254.900390625,0,23244.2998046875,23363.996953125,42.42581940524663,-25.653058908003004,-37.63174766874191,11.978688760738905
2026-03-19 07:05:00+00:00,23253.44921875,23261.150390625,23244.25,23249.05078125,0,23243.9498046875,23353.4539453125,43.67553464950039,-23.54572930636641,-34.81454399626681,11.268814689900402
2026-03-19 07:10:00+00:00,23235.650390625,23255.099609375,23229.30078125,23253.349609375,0,23243.22734375,23342.1859375,39.97912445421184,-23.04620973321653,-32.46087714365676,9.41466741044023
2026-03-19 07:15:00+00:00,23270.19921875,23274.900390625,23233.80078125,23234.849609375,0,23244.76728515625,23331.914921875,49.001588733120826,-19.63618150231196,-29.8959380153878,10.259756513075844
2026-03-19 07:20:00+00:00,23273.849609375,23274.94921875,23253.400390625,23271.5,0,23247.4123046875,23321.3558984375,49.85922781987391,-16.449533562114084,-27.206657124733056,10.757123562618972
2026-03-19 07:25:00+00:00,23264.650390625,23277.30078125,23257.44921875,23274.599609375,0,23249.70986328125,23310.554921875,47.68298360310495,-14.499253810536176,-24.66517646189368,10.165922651357503
2026-03-19 07:30:00+00:00,23238.900390625,23265.599609375,23235.599609375,23265.349609375,0,23249.332421875,23299.4279296875,42.13860130229312,-14.860154246649472,-22.70417201884484,7.844017772195368
2026-03-19 07:35:00+00:00,23234.150390625,23243.900390625,23226.150390625,23238.69921875,0,23249.63740234375,23288.259921875,41.18722284002399,-15.352481890364288,-21.23383399314873,5.88135210278444
2026-03-19 07:40:00+00:00,23200.25,23255.05078125,23194.69921875,23233.599609375,0,23247.2048828125,23276.92890625,35.09693083928501,-18.267556283411977,-20.640578451201375,2.373022167789401
2026-03-19 07:45:00+00:00,23200.900390625,23208.69921875,23194.849609375,23200.349609375,0,23245.219921875,23265.9219140625,35.29461427930754,-20.291386184992007,-20.570739997959507,0.2793538129674999
2026-03-19 07:50:00+00:00,23182.75,23206.099609375,23181.80078125,23200.69921875,0,23242.27490234375,23254.294921875,32.33475529134245,-23.09366144338128,-21.075324287043863,-2.0183371563374166
2026-03-19 07:55:00+00:00,23176.650390625,23195.69921875,23172.55078125,23183.69921875,0,23238.7974609375,23252.0379296875,31.382292587590754,-25.512579143614857,-21.96277525835806,-3.549803885256797
2026-03-19 08:00:00+00:00,23175.849609375,23194.94921875,23174.900390625,23176.69921875,0,23235.294921875,23248.6519140625,31.25213942987392,-27.180880927066028,-23.006396392099656,-4.174484534966371
2026-03-19 08:05:00+00:00,23204.5,23204.5,23173.80078125,23177.44921875,0,23233.4673828125,23246.4208984375,40.72428151704287,-25.89270009869142,-23.58365713341801,-2.309042965273409
2026-03-19 08:10:00+00:00,23199.150390625,23217.849609375,23198.30078125,23205.19921875,0,23231.844921875,23244.38390625,39.62641385112657,-25.015117575334443,-23.8699492218013,-1.145168353533144
2026-03-19 08:15:00+00:00,23190.849609375,23203.75,23182.900390625,23198.55078125,0,23229.68740234375,23243.0558984375,37.918261654234485,-24.704650939369458,-24.036889565314933,-0.6677613740545247
2026-03-19 08:20:00+00:00,23198.30078125,23199.5,23185.349609375,23190.25,0,23226.32744140625,23241.6019140625,40.40176904837095,-23.58547788766373,-23.946607229784693,0.3611293421209645
2026-03-19 08:25:00+00:00,23163.05078125,23200.5,23156.900390625,23197.75,0,23220.64248046875,23240.0969140625,33.56164404371003,-25.251818341312173,-24.20764945209019,-1.0441688892219825
2026-03-19 08:30:00+00:00,23128.05078125,23171.80078125,23123.650390625,23163.30078125,0,23214.74755859375,23237.8729296875,28.41719900319235,-29.061608516207343,-25.178441264913623,-3.88316725129372
2026-03-19 08:35:00+00:00,23107.25,23132.5,23106.55078125,23129.099609375,0,23207.367578125,23235.1639453125,25.87839631031989,-33.37462201771996,-26.81767741547489,-6.556944602245068
2026-03-19 08:40:00+00:00,23111.30078125,23113.849609375,23088.94921875,23106.44921875,0,23200.48515625,23232.09296875,27.24164281816016,-36.05028683209457,-28.664199298798827,-7.386087533295743
2026-03-19 08:45:00+00:00,23128.75,23137.05078125,23108.05078125,23111.55078125,0,23194.2501953125,23229.443984375,32.96138555998213,-36.34381546920122,-30.200122532879305,-6.143692936321912
2026-03-19 08:50:00+00:00,23127.900390625,23133.44921875,23109.30078125,23129.0,0,23188.8626953125,23227.268984375,32.82607224787115,-36.2273886197072,-31.40557575024489,-4.821812869462313
2026-03-19 08:55:00+00:00,23100.650390625,23129.80078125,23096.900390625,23128.19921875,0,23180.38525390625,23224.9419921875,28.749482640437503,-37.89711244281352,-32.703883088758616,-5.193229354054907
2026-03-19 09:00:00+00:00,23117.150390625,23121.400390625,23097.94921875,23101.099609375,0,23172.55029296875,23222.085,34.08713610741229,-37.4571853817979,-33.65454354736647,-3.8026418344314266
2026-03-19 09:05:00+00:00,23098.900390625,23127.55078125,23097.55078125,23116.599609375,0,23164.26279296875,23218.615,31.29462025778784,-38.141491127360496,-34.55193306336528,-3.58955806399522
2026-03-19 09:10:00+00:00,23110.69921875,23115.599609375,23084.650390625,23098.19921875,0,23157.852734375,23215.3459765625,35.00198984325263,-37.30175018155205,-35.101896487002634,-2.199853694549418
2026-03-19 09:15:00+00:00,23064.0,23111.55078125,23053.25,23110.55078125,0,23149.34521484375,23210.393984375,28.456868909444538,-39.944036119377415,-36.07032441347759,-3.8737117058998223
2026-03-19 09:20:00+00:00,23033.5,23064.80078125,23027.599609375,23062.150390625,0,23141.00771484375,23204.83,25.14918659163287,-43.99204890690817,-37.65466931216371,-6.337379594744455
2026-03-19 09:25:00+00:00,22954.05078125,23044.44921875,22947.69921875,23033.44921875,0,23128.665234375,23198.376015625,18.96519955844883,-53.000064422412834,-40.72374833421354,-12.276316088199296
2026-03-19 09:30:00+00:00,22990.0,23016.19921875,22931.94921875,22954.900390625,0,23119.027734375,23192.426015625,27.63586646493121,-56.58589315197605,-43.896177297766044,-12.689715854210007
2026-03-19 09:35:00+00:00,22971.900390625,22993.69921875,22954.19921875,22988.599609375,0,23108.790234375,23186.6550390625,26.120469730407663,-60.19429312497232,-47.1558004632073,-13.03849266176502
2026-03-19 09:40:00+00:00,22987.25,23019.099609375,22965.900390625,22972.05078125,0,23099.36025390625,23181.398046875,29.643916589146613,-61.11094200694788,-49.946828771955424,-11.164113234992456
2026-03-19 09:45:00+00:00,23037.25,23037.400390625,22977.650390625,22987.55078125,0,23090.99775390625,23177.3550390625,39.7276048379834,-57.144089227789664,-51.38628086312228,-5.757808364667383
2026-03-19 09:50:00+00:00,23069.150390625,23072.94921875,23036.0,23037.5,0,23084.49775390625,23174.3190625,45.13087259054176,-50.84018094095518,-51.277060878688864,0.4368799377336856
2026-03-19 09:55:00+00:00,23087.849609375,23093.900390625,23061.75,23068.69921875,0,23079.34775390625,23171.7020703125,48.06968035793301,-43.83017060578641,-49.78768282410838,5.957512218321973
2026-03-20 03:45:00+00:00,23281.5,23284.5,23130.599609375,23130.599609375,0,23083.50771484375,23172.4030859375,67.48953305156893,-22.390613733721693,-44.30826900603105,21.917655272309357
2026-03-20 03:50:00+00:00,23254.44921875,23303.05078125,23223.25,23283.44921875,0,23088.07763671875,23172.9310546875,63.89503567547531,-7.495973506505834,-36.945809906126,29.449836399620168
2026-03-20 03:55:00+00:00,23286.80078125,23287.5,23248.400390625,23257.400390625,0,23096.01513671875,23173.6890625,66.21272412913244,6.839792039103486,-28.188689517080103,35.02848155618359
2026-03-20 04:00:00+00:00,23313.80078125,23317.75,23277.900390625,23287.05078125,0,23106.34267578125,23175.1530859375,68.05576038442277,20.14741698750004,-18.521468216164077,38.66888520366411
2026-03-20 04:05:00+00:00,23270.80078125,23318.900390625,23262.69921875,23314.900390625,0,23114.31767578125,23175.73609375,62.233467173492905,26.91381924635789,-9.43441072365968,36.34822997001757
2026-03-20 04:10:00+00:00,23228.94921875,23271.400390625,23228.94921875,23271.400390625,0,23119.32763671875,23175.39109375,57.11210754847516,28.56983518425477,-1.833561542076791,30.40339672633156
2026-03-20 04:15:00+00:00,23246.900390625,23249.80078125,23222.75,23230.599609375,0,23125.27763671875,23175.41109375,58.68268437634675,30.9737037161176,4.727891509562086,26.245812206555517
2026-03-20 04:20:00+00:00,23244.30078125,23266.69921875,23236.150390625,23248.599609375,0,23132.46015625,23175.47609375,58.34944128459242,32.2967235705255,10.241657921754769,22.05506564877073
2026-03-20 04:25:00+00:00,23259.0,23264.19921875,23239.099609375,23243.349609375,0,23139.55263671875,23176.0241015625,59.74156835020846,34.137811008360586,15.020888539075932,19.116922469284653
2026-03-20 04:30:00+00:00,23233.94921875,23261.05078125,23220.69921875,23260.19921875,0,23146.305078125,23176.0230859375,56.28861797934866,33.192870627652155,18.655284956791174,14.537585670860976
2026-03-20 04:35:00+00:00,23246.44921875,23258.19921875,23232.80078125,23234.25,0,23153.092578125,23175.6420703125,57.60535233964311,33.071417387749534,21.53851144298285,11.532905944766682
2026-03-20 04:40:00+00:00,23243.650390625,23260.75,23236.400390625,23244.94921875,0,23162.07509765625,23174.980078125,57.189944958275376,32.37611112557352,23.706031379500985,8.670079746072531
2026-03-20 04:45:00+00:00,23219.599609375,23246.80078125,23200.650390625,23243.400390625,0,23171.380078125,23174.4530859375,53.61217478661914,29.54381613525402,24.873588330651597,4.670227804602426
2026-03-20 04:50:00+00:00,23244.150390625,23244.150390625,23205.69921875,23220.900390625,0,23185.88505859375,23174.2391015625,56.59709270735641,28.946566813665413,25.68818402725436,3.2583827864110546
2026-03-20 04:55:00+00:00,23260.599609375,23261.30078125,23237.55078125,23243.55078125,0,23199.4150390625,23174.472109375,58.52285161099697,29.460949418531527,26.442737105509792,3.018212313021735
2026-03-20 05:00:00+00:00,23269.30078125,23278.349609375,23252.599609375,23261.75,0,23214.28505859375,23174.789140625,59.5453639243971,30.22232899449955,27.198655483307743,3.0236735111918023
2026-03-20 05:05:00+00:00,23286.55078125,23286.55078125,23269.44921875,23269.75,0,23229.25009765625,23175.8071484375,61.56813684473512,31.850505824735592,28.12902555159332,3.721480273142273
2026-03-20 05:10:00+00:00,23290.150390625,23301.80078125,23285.400390625,23287.30078125,0,23241.8951171875,23176.206171875,61.99517679613917,33.05032254130492,29.11328494953564,3.9370375917692826
2026-03-20 05:15:00+00:00,23296.19921875,23312.599609375,23277.05078125,23290.599609375,0,23253.24755859375,23176.6531640625,62.744328914570005,34.0962356307391,30.10987508577633,3.986360544962768
2026-03-20 05:20:00+00:00,23313.44921875,23317.900390625,23296.900390625,23297.400390625,0,23264.5275390625,23177.629140625,64.87099674261381,35.90319049419122,31.26853816745931,4.63465232673191
2026-03-20 05:25:00+00:00,23296.599609375,23313.900390625,23281.44921875,23313.599609375,0,23265.28251953125,23178.783125,61.196329117803295,35.56561432032322,32.1279533980321,3.4376609222911227
2026-03-20 05:30:00+00:00,23268.30078125,23303.650390625,23264.150390625,23298.650390625,0,23265.97509765625,23179.4661328125,55.50916828689574,32.63836904227355,32.23003652688039,0.4083325153931625
2026-03-20 05:35:00+00:00,23290.150390625,23293.30078125,23265.099609375,23268.69921875,0,23266.142578125,23181.264140625,58.70051973662543,31.715984811125963,32.127226183729505,-0.4112413726035413
2026-03-20 05:40:00+00:00,23289.150390625,23291.44921875,23266.19921875,23290.599609375,0,23264.91005859375,23183.029140625,58.49371792354984,30.552111298846285,31.812203206752866,-1.2600919079065775
2026-03-20 05:45:00+00:00,23305.44921875,23307.349609375,23284.599609375,23288.94921875,0,23266.64248046875,23185.483125,60.910898767273245,30.59226379579195,31.568215324560683,-0.975951528768732
2026-03-20 05:50:00+00:00,23327.55078125,23344.900390625,23302.55078125,23306.599609375,0,23271.57255859375,23188.5011328125,63.974658462240335,32.038180124789505,31.66220828460645,0.3759718401830554
2026-03-20 05:55:00+00:00,23317.30078125,23332.150390625,23309.44921875,23329.099609375,0,23275.092578125,23191.33015625,61.56466371416317,31.98824927001624,31.727416481688408,0.2608327883278321
2026-03-20 06:00:00+00:00,23312.19921875,23331.599609375,23310.19921875,23317.900390625,0,23278.4875,23193.484140625,60.34617393692067,31.17762895051783,31.61745897545429,-0.4398300249364659
2026-03-20 06:05:00+00:00,23304.849609375,23321.69921875,23302.55078125,23312.30078125,0,23280.77998046875,23195.598125,58.54833550370618,29.600933320423792,31.2141538444482,-1.6132205240244062
2026-03-20 06:10:00+00:00,23286.900390625,23310.80078125,23285.80078125,23306.5,0,23283.4275390625,23197.519140625,54.294118101107536,26.5964513929066,30.29061335413988,-3.694161961233277
2026-03-20 06:15:00+00:00,23288.150390625,23292.849609375,23279.900390625,23287.400390625,0,23285.51259765625,23199.3161328125,54.541840978866425,24.03913419735909,29.040317522783724,-5.001183325424634
2026-03-20 06:20:00+00:00,23249.19921875,23288.75,23249.19921875,23288.75,0,23285.7900390625,23201.0391015625,46.14830467398384,18.654371866687143,26.96312839156441,-8.308756524877268
2026-03-20 06:25:00+00:00,23250.30078125,23250.900390625,23223.099609375,23249.55078125,0,23287.32509765625,23203.4841015625,46.39952634843794,14.31082947807954,24.43266860886744,-10.121839130787896
2026-03-20 06:30:00+00:00,23228.94921875,23259.5,23224.349609375,23251.25,0,23286.5650390625,23205.9180859375,42.28215496368831,9.041424279279454,21.354419742949844,-12.31299546367039
2026-03-20 06:35:00+00:00,23212.25,23240.0,23210.900390625,23229.849609375,0,23284.14755859375,23207.9370703125,39.34172356119996,3.477805328311661,17.779096860022207,-14.301291531710548
2026-03-20 06:40:00+00:00,23233.05078125,23236.099609375,23210.900390625,23212.94921875,0,23282.33505859375,23210.0230859375,44.51752864283293,0.7385330837896618,14.3709841047757,-13.632451020986036
2026-03-20 06:45:00+00:00,23185.599609375,23234.150390625,23183.0,23234.150390625,0,23277.2875,23211.1770703125,36.80279952443703,-5.201315383674228,10.456524207085714,-15.65783959075994
2026-03-20 06:50:00+00:00,23155.05078125,23193.55078125,23153.19921875,23187.44921875,0,23270.53251953125,23212.265078125,32.85525714294893,-12.232712120188808,5.9186769416308085,-18.15138906181961
2026-03-20 06:55:00+00:00,23155.150390625,23160.05078125,23137.05078125,23154.80078125,0,23263.480078125,23213.025078125,32.880537590502456,-17.594291013527254,1.2160833505991957,-18.81037436412645
2026-03-20 07:00:00+00:00,23170.099609375,23170.900390625,23120.349609375,23155.650390625,0,23256.31259765625,23214.4490625,36.73061382942021,-20.40192322609801,-3.107517964740245,-17.29440526135776
2026-03-20 07:05:00+00:00,23184.650390625,23191.75,23165.849609375,23171.599609375,0,23250.71513671875,23215.9280859375,40.31908008762552,-21.208388441351417,-6.72769206006248,-14.480696381288936
2026-03-20 07:10:00+00:00,23205.75,23216.400390625,23180.650390625,23185.5,0,23247.58759765625,23218.7630859375,45.17495026213604,-19.915383649124124,-9.36523037787481,-10.550153271249314
2026-03-20 07:15:00+00:00,23217.30078125,23226.69921875,23202.80078125,23206.5,0,23243.9451171875,23222.4391015625,47.68443250267438,-17.753959924168157,-11.04297628713348,-6.710983637034678
2026-03-20 07:20:00+00:00,23227.0,23241.349609375,23204.849609375,23218.900390625,0,23240.83759765625,23227.8980859375,49.76380321911689,-15.084485596365994,-11.851278148979985,-3.233207447386011
2026-03-20 07:25:00+00:00,23214.80078125,23249.69921875,23214.80078125,23227.94921875,0,23236.30517578125,23232.3941015625,47.22153687305647,-13.79427118744934,-12.239876756673857,-1.554394430775485
2026-03-20 07:30:00+00:00,23240.30078125,23243.150390625,23202.599609375,23214.900390625,0,23231.94267578125,23237.762109375,52.66508346981793,-10.592031736727222,-11.91030775268453,1.3182760159573077
2026-03-20 07:35:00+00:00,23240.900390625,23251.19921875,23227.650390625,23240.900390625,0,23228.12265625,23242.8351171875,52.78839024254389,-7.91461567292572,-11.111169336732768,3.196553663807048
2026-03-20 07:40:00+00:00,23231.5,23243.150390625,23224.55078125,23242.150390625,0,23224.0876953125,23246.7201171875,50.56450072119882,-6.476618685068388,-10.184259206399894,3.7076405213315056
2026-03-20 07:45:00+00:00,23235.599609375,23257.349609375,23230.30078125,23232.0,0,23220.6251953125,23250.0491015625,51.523649475996514,-4.9491408819303615,-9.137235541505987,4.188094659575627
2026-03-20 07:50:00+00:00,23248.150390625,23259.349609375,23230.0,23236.75,0,23218.6876953125,23253.2551171875,54.43813247040688,-2.694796624404262,-7.8487477580856435,5.153951133681382
2026-03-20 07:55:00+00:00,23257.69921875,23271.099609375,23243.69921875,23249.19921875,0,23217.16513671875,23252.7791015625,56.577148068878536,-0.1361326790611201,-6.3062247422807385,6.170092063219618
2026-03-20 08:00:00+00:00,23245.19921875,23266.44921875,23243.05078125,23258.44921875,0,23216.96513671875,23252.5941015625,53.06505759861693,0.8729189325822517,-4.870396007308141,5.743314939890393
2026-03-20 08:05:00+00:00,23270.19921875,23272.400390625,23242.5,23246.19921875,0,23217.96005859375,23252.2620703125,58.60029855529479,3.647840634774184,-3.1667486788916763,6.81458931366586
2026-03-20 08:10:00+00:00,23232.0,23270.55078125,23231.94921875,23270.30078125,0,23218.11259765625,23250.6260546875,49.07644896125132,2.733122630685102,-1.9867744169763208,4.719897047661423
2026-03-20 08:15:00+00:00,23206.44921875,23234.0,23206.05078125,23233.69921875,0,23217.82255859375,23249.3390234375,43.93317480692757,-0.0529224309902929,-1.6000040197791152,1.5470815887888223
2026-03-20 08:20:00+00:00,23216.849609375,23218.05078125,23194.650390625,23207.599609375,0,23217.0125,23249.09703125,46.39578479337426,-1.4054573732573772,-1.5610946904747678,0.1556373172173906
2026-03-20 08:25:00+00:00,23193.44921875,23230.30078125,23188.650390625,23216.650390625,0,23217.40498046875,23248.0280078125,41.93302042716236,-4.315816966220154,-2.112039145623845,-2.203777820596309
2026-03-20 08:30:00+00:00,23235.349609375,23235.349609375,23185.25,23195.0,0,23221.419921875,23247.848984375,51.01831124852271,-3.204348825762281,-2.3305010816515326,-0.8738477441107486
2026-03-20 08:35:00+00:00,23225.55078125,23244.55078125,23212.0,23237.400390625,0,23224.93994140625,23247.18,49.08415451657647,-3.07869655673494,-2.480140176668214,-0.598556380066726
2026-03-20 08:40:00+00:00,23199.150390625,23228.55078125,23192.55078125,23226.849609375,0,23226.39248046875,23246.4840234375,44.22002162700041,-5.051180252721679,-2.994348191878907,-2.056832060842772
2026-03-20 08:45:00+00:00,23200.69921875,23204.849609375,23183.44921875,23200.05078125,0,23227.194921875,23245.5690234375,44.56708548252722,-6.4154569133679615,-3.678569936176718,-2.736886977191244
2026-03-20 08:50:00+00:00,23185.400390625,23205.75,23169.75,23201.80078125,0,23226.17744140625,23244.4040234375,41.80045189566874,-8.631643356453424,-4.669184620232059,-3.962458736221365
2026-03-20 08:55:00+00:00,23164.0,23186.19921875,23164.0,23186.19921875,0,23223.51240234375,23243.29203125,38.2257363445941,-11.976759128308911,-6.13069952184743,-5.846059606461483
2026-03-20 09:00:00+00:00,23176.650390625,23188.05078125,23152.0,23164.05078125,0,23220.994921875,23241.94203125,41.41516326449668,-13.45194107487987,-7.594947832453919,-5.856993242425951
2026-03-20 09:05:00+00:00,23150.25,23177.599609375,23133.150390625,23177.599609375,0,23217.7673828125,23239.7350390625,37.1091338155804,-16.560425999410654,-9.388043465845266,-7.172382533565388
2026-03-20 09:10:00+00:00,23098.25,23154.80078125,23098.25,23151.400390625,0,23210.66484375,23236.3140234375,30.40376514170821,-22.955274005813408,-12.101489573838894,-10.853784431974514
2026-03-20 09:15:00+00:00,23104.349609375,23113.400390625,23086.5,23099.400390625,0,23203.8373046875,23232.67,31.95690045919183,-27.217305468031554,-15.124652752677427,-12.092652715354127
2026-03-20 09:20:00+00:00,23086.599609375,23107.55078125,23067.900390625,23105.75,0,23196.59228515625,23228.598984375,29.868031624327728,-31.662289599760697,-18.43218012209408,-13.230109477666616
2026-03-20 09:25:00+00:00,23090.5,23096.150390625,23077.55078125,23086.650390625,0,23189.3373046875,23224.485,30.93632524029995,-34.472860939720704,-21.64031628561941,-12.832544654101298
2026-03-20 09:30:00+00:00,23139.400390625,23177.44921875,23078.599609375,23091.30078125,0,23183.8998046875,23221.0040234375,42.71742975906714,-32.38113654436165,-23.788480337367854,-8.592656206993794
2026-03-20 09:35:00+00:00,23124.44921875,23156.05078125,23121.55078125,23139.25,0,23177.2373046875,23217.561015625,40.445701959596896,-31.565991409319395,-25.343982551758167,-6.222008857561228
2026-03-20 09:40:00+00:00,23106.849609375,23132.80078125,23088.5,23124.349609375,0,23170.31982421875,23214.3319921875,37.89122327668295,-31.971575981187925,-26.66950123764412,-5.302074743543805
2026-03-20 09:45:00+00:00,23092.5,23107.30078125,23078.69921875,23106.25,0,23161.43486328125,23210.378984375,35.90032087972287,-33.0696914109285,-27.949539272301,-5.120152138627503
2026-03-20 09:50:00+00:00,23112.900390625,23139.0,23091.400390625,23091.650390625,0,23155.4798828125,23206.853984375,40.67284318541216,-31.92579408909296,-28.74479023565939,-3.1810038534335696
2026-03-20 09:55:00+00:00,23134.650390625,23139.80078125,23105.05078125,23112.75,0,23151.88994140625,23203.4380078125,45.34509970878766,-28.93070879033985,-28.781973946595485,-0.1487348437443643
2026-03-23 03:45:00+00:00,22687.44921875,22838.349609375,22637.80078125,22837.19921875,0,23125.419921875,23190.6359765625,16.526269967237567,-61.92860485923302,-35.41130012912299,-26.517304730110027
2026-03-23 03:50:00+00:00,22702.599609375,22737.099609375,22676.94921875,22686.25,0,23100.87744140625,23178.341953125,18.41794359444924,-85.8673400786356,-45.50250811902552,-40.364831959610086
2026-03-23 03:55:00+00:00,22704.400390625,22728.25,22699.349609375,22701.599609375,0,23074.32998046875,23166.1859765625,18.65391255038857,-103.50056215846416,-57.10211892691325,-46.398443231550914
2026-03-23 04:00:00+00:00,22713.05078125,22721.849609375,22694.849609375,22702.150390625,0,23048.70498046875,23154.35,19.85315256080337,-115.44621140581148,-68.7709374226929,-46.675273983118586
2026-03-23 04:05:00+00:00,22715.30078125,22742.80078125,22707.150390625,22712.44921875,0,23024.5125,23142.9180078125,20.18276047130477,-123.31022478871093,-79.6787948958965,-43.63142989281441
2026-03-23 04:10:00+00:00,22706.400390625,22716.69921875,22691.80078125,22714.650390625,0,22999.79755859375,23131.2830078125,19.835256135389145,-128.7762467791472,-89.49828527254664,-39.27796150660055
2026-03-23 04:15:00+00:00,22663.0,22706.650390625,22658.80078125,22706.099609375,0,22973.6775390625,23119.5590234375,18.190527655047266,-135.05334648784265,-98.60929751560585,-36.4440489722368
2026-03-23 04:20:00+00:00,22629.05078125,22665.05078125,22625.44921875,22662.05078125,0,22946.930078125,23107.1340234375,17.00284906148218,-141.14043241074614,-107.11552449463392,-34.02490791611223
2026-03-23 04:25:00+00:00,22597.5,22634.349609375,22593.849609375,22628.55078125,0,22917.97255859375,23094.5050390625,15.959932196796116,-146.81795028583656,-115.05600965287444,-31.76194063296211
2026-03-23 04:30:00+00:00,22616.099609375,22618.0,22582.599609375,22597.44921875,0,22891.2650390625,23082.58203125,19.10986954511965,-148.10927949383404,-121.66666362106638,-26.44261587276766
2026-03-23 04:35:00+00:00,22605.650390625,22633.05078125,22605.0,22615.19921875,0,22866.63505859375,23070.0340234375,18.68612945364714,-148.2667055315069,-126.9866720031545,-21.28003352835239
2026-03-23 04:40:00+00:00,22572.30078125,22609.19921875,22571.400390625,22607.099609375,0,22840.0326171875,23057.768046875,17.362841813903216,-149.36076365325425,-131.46149033317445,-17.8992733200798
2026-03-23 04:45:00+00:00,22554.5,22587.5,22554.099609375,22571.94921875,0,22813.42763671875,23045.75703125,16.68370030101522,-149.93582007453006,-135.1563562814456,-14.77946379308446
2026-03-23 04:50:00+00:00,22541.599609375,22559.150390625,22538.5,22554.30078125,0,22785.9826171875,23033.486015625,16.18947970297394,-149.70678353052062,-138.0664417312606,-11.640341799260028
2026-03-23 04:55:00+00:00,22531.0,22559.599609375,22530.900390625,22541.19921875,0,22755.56259765625,23020.7040234375,15.77596024646651,-148.66683161820038,-140.18651970864855,-8.48031190955183
2026-03-23 05:00:00+00:00,22537.75,22554.05078125,22529.849609375,22530.599609375,0,22726.22763671875,23007.766015625,17.225920220044245,-145.61938403312888,-141.27309257354463,-4.346291459584251
2026-03-23 05:05:00+00:00,22557.94921875,22581.5,22536.849609375,22538.19921875,0,22698.7826171875,22994.81,21.57682756751004,-139.9609687994307,-141.01066781872186,1.049699019291154
2026-03-23 05:10:00+00:00,22548.099609375,22558.349609375,22536.650390625,22558.349609375,0,22671.56259765625,22981.4259765625,20.997242930971964,-134.71846452032696,-139.7522271590429,5.033762638715928
2026-03-23 05:15:00+00:00,22547.55078125,22550.25,22534.0,22548.19921875,0,22643.2951171875,22967.8369921875,20.96345246994794,-129.11961737692764,-137.62570520261983,8.506087825692191
2026-03-23 05:20:00+00:00,22527.099609375,22545.75,22510.69921875,22545.75,0,22612.917578125,22954.08296875,19.69175779508953,-124.89304010786144,-135.07917218366816,10.18613207580671
2026-03-23 05:25:00+00:00,22531.849609375,22536.75,22516.80078125,22528.94921875,0,22605.13759765625,22939.9139453125,20.892086164883352,-119.779419283288,-132.01922160359214,12.239802320304136
2026-03-23 05:30:00+00:00,22533.150390625,22533.400390625,22505.0,22531.19921875,0,22596.66513671875,22925.7589453125,21.23925848267102,-114.3042475485563,-128.47622679258498,14.171979244028677
2026-03-23 05:35:00+00:00,22560.349609375,22583.650390625,22526.599609375,22531.94921875,0,22589.46259765625,22912.3359375,28.32269001159078,-106.54223232848015,-124.08942789976405,17.547195571283865
2026-03-23 05:40:00+00:00,22554.150390625,22562.44921875,22546.349609375,22560.80078125,0,22581.517578125,22898.706953125,27.710972537156337,-99.74124945146468,-119.21979221010416,19.47854275863949
2026-03-23 05:45:00+00:00,22534.349609375,22554.599609375,22528.0,22554.599609375,0,22572.47001953125,22884.4309375,25.794619326857088,-94.8557411495094,-114.34698199798522,19.49124084847581
2026-03-23 05:50:00+00:00,22548.0,22556.599609375,22528.900390625,22534.25,0,22564.55,22870.236953125,29.41840652581817,-88.85816654797964,-109.24921890798412,20.39105236000448
2026-03-23 05:55:00+00:00,22559.150390625,22561.44921875,22536.400390625,22547.599609375,0,22559.35751953125,22856.5159765625,32.32564784252729,-82.25709355905565,-103.85079383819844,21.59370027914278
2026-03-23 06:00:00+00:00,22531.30078125,22571.599609375,22524.94921875,22557.849609375,0,22554.47001953125,22841.7380078125,29.10147487574568,-78.36953121236365,-98.75454131303148,20.385010100667813
2026-03-23 06:05:00+00:00,22539.599609375,22542.349609375,22519.69921875,22531.75,0,22551.575,22827.89,31.300386298748972,-73.76860540697453,-93.75735413182008,19.98874872484555
2026-03-23 06:10:00+00:00,22520.150390625,22557.44921875,22508.30078125,22539.19921875,0,22546.7775390625,22814.1640234375,29.02811858663333,-70.87472821863048,-89.18082894918217,18.30610073055169
2026-03-23 06:15:00+00:00,22532.25,22534.5,22518.0,22518.0,0,22543.10751953125,22800.47203125,32.31985428319882,-66.83454530646486,-84.71157222063871,17.877026914173854
2026-03-23 06:20:00+00:00,22552.75,22563.55078125,22527.900390625,22533.150390625,0,22542.12998046875,22787.658046875,37.60049901433899,-61.27218495868146,-80.02369476824727,18.751509809565803
2026-03-23 06:25:00+00:00,22554.650390625,22564.0,22539.349609375,22555.400390625,0,22542.1375,22774.0440625,38.08279176388808,-56.06435369664541,-75.23182655392691,19.167472857281496
2026-03-23 06:30:00+00:00,22546.55078125,22561.150390625,22541.94921875,22556.05078125,0,22542.38505859375,22760.4640625,36.7780510741672,-51.99135668996314,-70.58373258113416,18.592375891171017
2026-03-23 06:35:00+00:00,22547.75,22554.099609375,22530.599609375,22545.69921875,0,22543.22255859375,22747.4360546875,37.12154283524076,-48.11210390193446,-66.08940684529422,17.97730294335976
2026-03-23 06:40:00+00:00,22535.349609375,22562.349609375,22533.80078125,22551.25,0,22543.1025390625,22734.1290625,35.00374456011738,-45.51372215032461,-61.9742699063003,16.46054775597569
2026-03-23 06:45:00+00:00,22528.44921875,22535.55078125,22514.44921875,22534.25,0,22541.6275390625,22720.9900390625,33.846576820540875,-43.50973658680596,-58.28136324240144,14.771626655595483
2026-03-23 06:50:00+00:00,22489.55078125,22527.30078125,22483.44921875,22527.30078125,0,22538.70009765625,22707.5010546875,28.189280073839043,-44.54683423263487,-55.53445744044813,10.987623207813265
2026-03-23 06:55:00+00:00,22511.94921875,22515.05078125,22478.69921875,22487.55078125,0,22536.92001953125,22694.20703125,34.93336183312033,-43.06494894964999,-53.0405557422885,9.975606792638516
2026-03-23 07:00:00+00:00,22518.849609375,22519.099609375,22497.69921875,22514.599609375,0,22536.50751953125,22681.5790234375,36.899469044369255,-40.86270055614659,-50.604984705060126,9.742284148913534
2026-03-23 07:05:00+00:00,22524.900390625,22551.5,22514.80078125,22517.69921875,0,22536.16005859375,22670.11203125,38.65006293546006,-38.18893706486779,-48.12177517702166,9.932838112153874
2026-03-23 07:10:00+00:00,22535.650390625,22540.599609375,22510.599609375,22524.650390625,0,22536.28505859375,22658.738046875,41.74239901013292,-34.80135669916854,-45.45769148145104,10.656334782282508
2026-03-23 07:15:00+00:00,22543.30078125,22555.900390625,22522.75,22534.69921875,0,22535.4326171875,22647.8720703125,43.90922403737175,-31.140385289301776,-42.59423024302119,11.453844953719411
2026-03-23 07:20:00+00:00,22504.25,22543.349609375,22503.650390625,22542.44921875,0,22532.93759765625,22636.1470703125,36.455616908268375,-31.032388697076385,-40.28186193383223,9.24947323675584
2026-03-23 07:25:00+00:00,22500.05078125,22505.5,22481.69921875,22504.19921875,0,22531.22265625,22623.360078125,35.752796747418955,-30.929110940240207,-38.41131173511383,7.48220079487362
2026-03-23 07:30:00+00:00,22480.900390625,22499.55078125,22480.25,22499.55078125,0,22527.86767578125,22610.4891015625,32.66040083144861,-32.02339330664836,-37.13372804942074,5.11033474277238
2026-03-23 07:35:00+00:00,22489.05078125,22508.25,22474.650390625,22480.150390625,0,22524.3626953125,22598.133125,35.2281741434319,-31.865624474841752,-36.08010733450495,4.2144828596631925
2026-03-23 07:40:00+00:00,22489.099609375,22493.150390625,22472.099609375,22488.900390625,0,22522.25263671875,22586.0651171875,35.244105096955664,-31.374980274991685,-35.139081922602294,3.764101647610609
2026-03-23 07:45:00+00:00,22494.05078125,22512.55078125,22489.44921875,22489.69921875,0,22519.9751953125,22573.688125,36.9378463590266,-30.238057515565743,-34.158877041194984,3.920819525629241
2026-03-23 07:50:00+00:00,22501.849609375,22514.5,22488.05078125,22493.75,0,22519.06015625,22561.032109375,39.61694597931125,-28.38058407851713,-33.00321844865941,4.622634370142279
2026-03-23 07:55:00+00:00,22487.05078125,22512.05078125,22482.849609375,22501.25,0,22516.8001953125,22557.024140625,36.45228305627829,-27.782406460275524,-31.959056050982632,4.176649590707108
2026-03-23 08:00:00+00:00,22517.25,22525.44921875,22487.150390625,22487.599609375,0,22515.0251953125,22553.3171484375,45.94211610044477,-24.58808567435699,-30.484861975657505,5.896776301300516
2026-03-23 08:05:00+00:00,22518.05078125,22529.0,22513.25,22518.05078125,0,22513.19521484375,22549.59015625,46.17166353795133,-21.741326603627385,-28.736154901251485,6.9948282976241
2026-03-23 08:10:00+00:00,22561.69921875,22567.349609375,22513.69921875,22517.349609375,0,22513.95263671875,22546.563125,56.91182869575025,-15.781268766411811,-26.145177674283552,10.36390890787174
2026-03-23 08:15:00+00:00,22598.94921875,22601.25,22557.599609375,22558.94921875,0,22516.51259765625,22544.23609375,63.5887706721083,-7.960354292619741,-22.50821299795079,14.547858705331048
2026-03-23 08:20:00+00:00,22601.349609375,22629.75,22593.19921875,22597.94921875,0,22519.81259765625,22542.135078125,63.97616195957628,-1.5506567571101186,-18.316701749782656,16.766044992672537
2026-03-23 08:25:00+00:00,22599.650390625,22620.55078125,22599.150390625,22602.0,0,22523.37265625,22540.8680859375,63.46143554929248,3.353307129767927,-13.982699973872538,17.336007103640465
2026-03-23 08:30:00+00:00,22644.75,22655.400390625,22590.44921875,22598.849609375,0,22531.1326171875,22541.1820703125,70.29306481668903,10.754919388658893,-9.035176101366252,19.790095490025145
2026-03-23 08:35:00+00:00,22627.44921875,22661.150390625,22607.44921875,22645.69921875,0,22536.9076171875,22541.7810546875,65.25284067010523,15.051220866269432,-4.217896707839115,19.26911757410855
2026-03-23 08:40:00+00:00,22618.69921875,22643.349609375,22610.349609375,22627.80078125,0,22541.90009765625,22541.833046875,62.800246230163744,17.547739449964865,0.1352305237216811,17.412508926243184
2026-03-23 08:45:00+00:00,22641.599609375,22652.650390625,22612.25,22619.650390625,0,22547.73505859375,22542.55203125,66.36357332599027,21.13053885229237,4.33429218943582,16.796246662856554
2026-03-23 08:50:00+00:00,22625.55078125,22656.44921875,22624.55078125,22641.349609375,0,22552.230078125,22543.61703125,61.88935953236798,22.416523162068188,7.950738383962294,14.465784778105894
2026-03-23 08:55:00+00:00,22611.19921875,22633.69921875,22591.94921875,22624.900390625,0,22555.625,22544.751015625,58.11604045460472,22.02374778468948,10.765340264107731,11.258407520581745
2026-03-23 09:00:00+00:00,22526.80078125,22617.400390625,22515.25,22610.55078125,0,22556.7525390625,22544.4550390625,41.92699660344014,14.732396018538566,11.5587514149939,3.173644603544666
2026-03-23 09:05:00+00:00,22564.05078125,22591.94921875,22522.150390625,22524.80078125,0,22559.9525390625,22545.1160546875,48.71707134598399,11.823417899551714,11.611684711905465,0.2117331876462511
2026-03-23 09:10:00+00:00,22599.099609375,22599.099609375,22541.94921875,22561.05078125,0,22565.8625,22546.343046875,54.14930116220587,12.20548209664048,11.730444188852466,0.475037907788014
2026-03-23 09:15:00+00:00,22596.75,22603.400390625,22579.05078125,22596.94921875,0,22571.2474609375,22547.1190625,53.73834410377853,12.178293103239412,11.820013971729855,0.3582791315095548
2026-03-23 09:20:00+00:00,22613.849609375,22646.55078125,22597.900390625,22597.900390625,0,22577.4849609375,22548.4340625,56.335552305499206,13.382278621473231,12.132466901678532,1.2498117197947014
2026-03-23 09:25:00+00:00,22614.5,22617.400390625,22586.19921875,22612.69921875,0,22583.507421875,22549.773046875,56.43573408887457,14.224950531810464,12.55096362770492,1.6739869041055435
2026-03-23 09:30:00+00:00,22503.900390625,22614.75,22503.05078125,22614.75,0,22583.6099609375,22549.3090625,39.73872401247088,5.90029500678429,11.220829903520794,-5.320534896736504
2026-03-23 09:35:00+00:00,22523.849609375,22531.849609375,22486.099609375,22503.55078125,0,22585.44990234375,22549.1490625,43.01372748038991,0.9022798375262936,9.157119890321894,-8.2548400527956
2026-03-23 09:40:00+00:00,22509.25,22542.44921875,22505.19921875,22523.25,0,22585.04990234375,22548.6710546875,41.24701454987409,-4.188467608044448,6.488002390648626,-10.676469998693074
2026-03-23 09:45:00+00:00,22485.19921875,22510.69921875,22483.849609375,22509.55078125,0,22583.40732421875,22547.168046875,38.44559514691992,-10.04779396730737,3.180843119057427,-13.228637086364795
2026-03-23 09:50:00+00:00,22492.400390625,22495.849609375,22479.55078125,22484.25,0,22579.9423828125,22545.933046875,39.76474768681795,-13.949477045447566,-0.2452209138435717,-13.704256131603994
2026-03-23 09:55:00+00:00,22492.650390625,22505.349609375,22478.099609375,22492.0,0,22574.62744140625,22545.0990625,39.81297136140498,-16.827439832646633,-3.561664697604184,-13.265775135042448
2026-03-24 03:45:00+00:00,22785.150390625,22897.650390625,22775.400390625,22854.05078125,0,22583.81748046875,22549.8420703125,70.03745224820992,4.442845047273295,-1.9607627486286885,6.403607795901984
2026-03-24 03:50:00+00:00,22816.69921875,22817.0,22765.150390625,22789.80078125,0,22594.669921875,22554.993046875,71.68886370355354,23.57368307943034,3.146126416983117,20.427556662447223
2026-03-24 03:55:00+00:00,22839.900390625,22849.25,22811.150390625,22815.80078125,0,22604.42744140625,22561.1650390625,72.87296865065399,40.1443911678216,10.545779367150812,29.59861180067078
2026-03-24 04:00:00+00:00,22815.19921875,22852.400390625,22815.19921875,22839.599609375,0,22613.81494140625,22566.67703125,69.53832493244182,50.69918987761048,18.576461469242748,32.122728408367735
2026-03-24 04:05:00+00:00,22764.30078125,22827.900390625,22763.099609375,22815.599609375,0,22621.09501953125,22571.5600390625,63.12804635874425,54.33057630405892,25.727284436205984,28.60329186785294
2026-03-24 04:10:00+00:00,22744.80078125,22783.099609375,22732.30078125,22764.30078125,0,22626.255078125,22575.8110546875,60.81503131586078,55.00097220735552,31.58202199043589,23.418950216919622
2026-03-24 04:15:00+00:00,22718.900390625,22748.099609375,22707.05078125,22747.30078125,0,22630.92255859375,22579.1340625,57.78645483366135,52.83329142979346,35.83227587830741,17.001015551486056
2026-03-24 04:20:00+00:00,22730.69921875,22737.150390625,22701.80078125,22718.75,0,22636.89755859375,22582.6550390625,58.793186856660896,51.47409430145126,38.96063956293618,12.51345473851508
2026-03-24 04:25:00+00:00,22754.19921875,22773.650390625,22725.05078125,22729.900390625,0,22648.26748046875,22586.8080078125,60.79848336254391,51.69724077581122,41.50795980551119,10.189280970300032
2026-03-24 04:30:00+00:00,22705.599609375,22756.650390625,22701.849609375,22753.900390625,0,22655.344921875,22589.965,54.85334106903147,47.40603637366439,42.68757511914183,4.718461254522559
2026-03-24 04:35:00+00:00,22685.150390625,22719.44921875,22682.349609375,22705.69921875,0,22659.6474609375,22592.961015625,52.52593621724024,41.87246520247936,42.52455313580934,-0.6520879333299803
2026-03-24 04:40:00+00:00,22708.099609375,22714.849609375,22682.30078125,22684.5,0,22665.21494140625,22596.5540234375,54.84163936477213,38.89057401192258,41.79775731103199,-2.907183299109405
2026-03-24 04:45:00+00:00,22731.69921875,22748.5,22701.55078125,22706.94921875,0,22671.107421875,22601.3969921875,57.15603562448414,37.99372697217768,41.03695124326113,-3.043224271083446
2026-03-24 04:50:00+00:00,22762.150390625,22766.80078125,22712.25,22731.400390625,0,22678.48994140625,22606.401015625,60.00440062188205,39.28724540146868,40.687010074902645,-1.399764673433964
2026-03-24 04:55:00+00:00,22737.900390625,22765.80078125,22725.099609375,22763.099609375,0,22690.18994140625,22610.78203125,56.76771992614341,37.9184949355149,40.1333070470251,-2.214812111510198
2026-03-24 05:00:00+00:00,22667.75,22738.900390625,22667.75,22738.19921875,0,22697.3849609375,22613.6390234375,48.60072094517282,30.81794993443691,38.27023562450746,-7.452285690070553
2026-03-24 05:05:00+00:00,22631.80078125,22667.69921875,22624.900390625,22665.599609375,0,22703.5125,22615.56203125,45.025799296912126,22.035899222082666,35.0233683440225,-12.98746912193984
2026-03-24 05:10:00+00:00,22667.900390625,22680.650390625,22630.55078125,22631.599609375,0,22712.64755859375,22618.0540234375,49.07658324795567,17.783994719844486,31.575493619186897,-13.791498899342413
2026-03-24 05:15:00+00:00,22692.0,22723.5,22657.0,22667.55078125,0,22722.6275390625,22621.8090234375,51.63853972166525,16.1725398637318,28.49490286809588,-12.322363004364082
2026-03-24 05:20:00+00:00,22667.25,22707.69921875,22653.599609375,22691.900390625,0,22731.35751953125,22625.1530078125,48.91670772695814,12.75134258485923,25.346190811448555,-12.594848226589324
2026-03-24 05:25:00+00:00,22639.69921875,22674.25,22629.400390625,22667.80078125,0,22724.0849609375,22628.328984375,46.00948608235928,7.727819801293663,21.822516609417576,-14.094696808123912
2026-03-24 05:30:00+00:00,22678.80078125,22682.0,22639.80078125,22639.80078125,0,22717.1900390625,22632.123984375,50.50545344977325,6.823157993076165,18.82264488614929,-11.99948689307313
2026-03-24 05:35:00+00:00,22680.900390625,22689.099609375,22661.44921875,22679.75,0,22709.2400390625,22635.96,50.7426486077448,6.204110794413282,16.298938067802094,-10.094827273388812
2026-03-24 05:40:00+00:00,22698.25,22711.05078125,22678.69921875,22680.099609375,0,22703.392578125,22640.043984375,52.75738521546978,7.032414611192507,14.445633376480178,-7.41321876528767
2026-03-24 05:45:00+00:00,22730.44921875,22732.349609375,22694.349609375,22699.400390625,0,22701.7,22644.6159765625,56.3276019271881,10.16982776266741,13.590472253717625,-3.420644491050215
2026-03-24 05:50:00+00:00,22703.150390625,22746.0,22701.599609375,22731.80078125,0,22699.61748046875,22648.93796875,52.69190318601545,10.334335221654328,12.939244847304966,-2.604909625650638
2026-03-24 05:55:00+00:00,22728.5,22737.19921875,22689.55078125,22703.25,0,22700.0974609375,22653.16296875,55.56036493066781,12.367643691275587,12.824924616099093,-0.4572809248235021
2026-03-24 06:00:00+00:00,22753.599609375,22756.55078125,22724.5,22729.349609375,0,22701.24248046875,22657.8739453125,58.25907382938133,15.821997870418272,13.424339266962928,2.397658603455344
2026-03-24 06:05:00+00:00,22766.19921875,22770.0,22749.900390625,22751.650390625,0,22701.84248046875,22661.9639453125,59.58583859747685,19.35319009344676,14.610109432259694,4.7430806611870615
2026-03-24 06:10:00+00:00,22754.650390625,22770.150390625,22738.94921875,22764.94921875,0,22704.29501953125,22665.07796875,57.77314913272908,20.97797047367567,15.88368164054289,5.094288833132779
2026-03-24 06:15:00+00:00,22769.25,22793.25,22745.849609375,22754.349609375,0,22708.5,22668.4359765625,59.45246656687462,23.176522568170185,17.34224982606835,5.8342727421018346
2026-03-24 06:20:00+00:00,22785.55078125,22795.5,22756.599609375,22769.19921875,0,22712.37255859375,22672.153984375,61.3029037501252,25.935262199833232,19.060852300821328,6.874409899011905
2026-03-24 06:25:00+00:00,22806.900390625,22827.80078125,22784.400390625,22785.099609375,0,22716.1326171875,22675.3969921875,63.643154019013,29.504212092731905,21.14952425920345,8.354687833528459
2026-03-24 06:30:00+00:00,22796.55078125,22816.900390625,22793.80078125,22806.75,0,22717.85263671875,22678.7790234375,61.69530735077761,31.13855770434748,23.14733094823225,7.991226756115225
2026-03-24 06:35:00+00:00,22770.099609375,22796.400390625,22765.150390625,22796.400390625,0,22719.46259765625,22681.80703125,56.9019901355538,29.954107561541605,24.508686270894124,5.445421290647481
2026-03-24 06:40:00+00:00,22761.44921875,22787.75,22760.0,22769.900390625,0,22724.14755859375,22684.2040234375,55.3864649054269,27.994702555792173,25.205889527873737,2.7888130279184367
2026-03-24 06:45:00+00:00,22757.30078125,22773.69921875,22753.349609375,22761.900390625,0,22730.42255859375,22686.8390234375,54.634946276282,25.809598747233395,25.32663137174567,0.4829673754877248
2026-03-24 06:50:00+00:00,22881.5,22883.400390625,22756.400390625,22758.0,0,22741.1025390625,22692.2450390625,68.44119404198078,33.71112633315352,27.00353036402724,6.707595969126274
2026-03-24 06:55:00+00:00,22844.44921875,22935.55078125,22822.349609375,22880.19921875,0,22748.725,22698.5980078125,62.34550799908969,36.5619915918287,28.91522260958753,7.646768982241166
2026-03-24 07:00:00+00:00,22922.80078125,22922.80078125,22843.400390625,22844.150390625,0,22761.5025390625,22705.7730078125,68.69517887055837,44.62918170513149,32.058014428696325,12.571167276435162
2026-03-24 07:05:00+00:00,22951.0,22952.69921875,22915.900390625,22922.30078125,0,22777.067578125,22712.811015625,70.6157198399995,52.6905454639309,36.18452063574324,16.506024828187662
2026-03-24 07:10:00+00:00,22955.19921875,22988.849609375,22937.400390625,22952.05078125,0,22790.8875,22719.98,70.90200022423537,58.74094710727513,40.695805930049616,18.04514117722552
2026-03-24 07:15:00+00:00,22993.400390625,22996.099609375,22955.30078125,22956.94921875,0,22806.5125,22727.571015625,73.43736557463464,65.85926470268896,45.72849768457749,20.13076701811147
2026-03-24 07:20:00+00:00,23008.5,23025.19921875,22980.0,22993.349609375,0,22822.025,22735.451015625,74.3873271242087,71.89028847028749,50.96085584171949,20.929432628567994
2026-03-24 07:25:00+00:00,22974.400390625,23009.05078125,22952.849609375,23009.05078125,0,22834.22255859375,22744.861015625,68.43506635087013,73.07599023584044,55.38388272054368,17.692107515296755
2026-03-24 07:30:00+00:00,22941.44921875,22979.349609375,22936.44921875,22974.599609375,0,22846.1375,22753.2130078125,63.174517328845965,70.54360052667835,58.41582628177062,12.127774244907728
2026-03-24 07:35:00+00:00,22939.0,22956.5,22911.349609375,22941.900390625,0,22856.6625,22761.8080078125,62.78817558308676,67.56023956619902,60.2447089386563,7.315530627542714
2026-03-24 07:40:00+00:00,22990.5,22990.5,22935.30078125,22939.5,0,22868.50751953125,22771.9140234375,67.31453201481904,68.56119334854884,61.90800582063481,6.653187527914028
2026-03-24 07:45:00+00:00,22987.5,22991.80078125,22958.400390625,22990.75,0,22879.57255859375,22781.816015625,66.80476243022744,68.32477601735809,63.19135985997947,5.133416157378619
2026-03-24 07:50:00+00:00,22992.05078125,23012.94921875,22966.44921875,22986.69921875,0,22891.442578125,22791.8040234375,67.2104114627499,67.72394412235371,64.09787671245432,3.626067409899392
2026-03-24 07:55:00+00:00,23021.94921875,23025.650390625,22983.75,22991.400390625,0,22904.0775390625,22796.54,69.81982899220255,68.8664845849853,65.05159828696051,3.814886298024789
2026-03-24 08:00:00+00:00,23034.849609375,23039.05078125,22999.849609375,23021.19921875,0,22916.54248046875,22800.9030078125,70.89604314342012,70.00592511599098,66.0424636527666,3.9634614632243768
2026-03-24 08:05:00+00:00,23028.94921875,23056.25,23021.69921875,23034.69921875,0,22927.644921875,22804.683984375,69.67227379032921,69.6301744267148,66.76000580755624,2.8701686191585623
2026-03-24 08:10:00+00:00,23037.5,23057.099609375,23022.0,23029.19921875,0,22939.6923828125,22809.13,70.46785101518194,69.22439020375896,67.25288268679678,1.971507516962177
2026-03-24 08:15:00+00:00,22962.900390625,23047.900390625,22962.900390625,23037.599609375,0,22949.332421875,22813.1019921875,56.53409050866061,62.16662016208284,66.23563018185399,-4.069010019771156
2026-03-24 08:20:00+00:00,22972.69921875,22992.55078125,22950.599609375,22963.650390625,0,22959.894921875,22817.6599609375,57.71677178504322,56.71024963612945,64.33055407270909,-7.620304436579644
2026-03-24 08:25:00+00:00,22976.19921875,22996.55078125,22971.30078125,22972.650390625,0,22970.83984375,22822.8059375,58.15474121266293,52.0682470914544,61.87809267645816,-9.809845585003764
2026-03-24 08:30:00+00:00,22970.69921875,22993.75,22954.25,22975.25,0,22975.2998046875,22827.6059375,57.15291277342328,47.39923373489728,58.98232088814599,-11.583087153248703
2026-03-24 08:35:00+00:00,22972.5,22992.400390625,22957.150390625,22970.650390625,0,22981.70234375,22831.971953125,57.4116044535665,43.34466469502877,55.854789649522544,-12.510124954493776
2026-03-24 08:40:00+00:00,22992.349609375,22995.75,22971.30078125,22971.75,0,22985.17978515625,22837.706953125,60.259782199069925,41.25749636954788,52.935330993527614,-11.677834623979734
2026-03-24 08:45:00+00:00,22981.099609375,23037.900390625,22980.05078125,22993.19921875,0,22986.684765625,22843.6259375,57.89651162008712,38.25464373426439,49.99919354167497,-11.74454980741058
2026-03-24 08:50:00+00:00,22956.75,22996.44921875,22920.0,22981.19921875,0,22986.7623046875,22848.5989453125,53.04727752307932,33.523612075743586,46.70407724848869,-13.180465172745109
2026-03-24 08:55:00+00:00,22945.599609375,22964.30078125,22932.349609375,22955.099609375,0,22984.372265625,22852.876953125,50.94306970140456,28.54543802475382,43.072349403741725,-14.526911378987904
2026-03-24 09:00:00+00:00,22948.05078125,22959.400390625,22926.400390625,22945.099609375,0,22981.3498046875,22856.5949609375,51.39945852926032,24.51539015119124,39.36095755323163,-14.845567402040388
2026-03-24 09:05:00+00:00,22895.94921875,22954.099609375,22893.30078125,22948.150390625,0,22977.42724609375,22859.7559375,42.37525937206317,16.922317570468294,34.873229556678965,-17.95091198621067
2026-03-24 09:10:00+00:00,22909.650390625,22931.94921875,22882.650390625,22896.150390625,0,22975.8373046875,22864.5939453125,45.10471968810219,11.87345313320111,30.2732742719834,-18.399821138782286
2026-03-24 09:15:00+00:00,22914.94921875,22917.75,22901.599609375,22909.25,0,22974.634765625,22870.2569140625,46.16672191835963,8.205178645221167,25.859655146630956,-17.654476501409786
2026-03-24 09:20:00+00:00,22891.849609375,22916.150390625,22883.900390625,22915.900390625,0,22969.70224609375,22874.7358984375,42.32280208525831,3.394964225630247,21.36671696243081,-17.971752736800568
2026-03-24 09:25:00+00:00,22916.349609375,22927.150390625,22889.650390625,22893.349609375,0,22966.1447265625,22879.222890625,47.33168457360606,1.5420046179679048,17.401774493538234,-15.85976987557033
2026-03-24 09:30:00+00:00,22909.05078125,22923.44921875,22875.349609375,22914.599609375,0,22961.9947265625,22884.05890625,46.04868745378233,-0.5095597640247433,13.81950764202564,-14.329067406050385
2026-03-24 09:35:00+00:00,22916.55078125,22932.099609375,22894.150390625,22910.099609375,0,22956.7248046875,22889.5959375,47.619892674981394,-1.5128132283898594,10.753043467942542,-12.2658566963324
2026-03-24 09:40:00+00:00,22898.650390625,22922.849609375,22898.650390625,22916.900390625,0,22949.91484375,22893.9929296875,44.30357873821512,-3.7095493745073327,7.860524899452567,-11.5700742739599
2026-03-24 09:45:00+00:00,22919.69921875,22927.05078125,22881.30078125,22901.150390625,0,22944.45234375,22898.76890625,48.81735517129867,-3.709256084428489,5.546568702676357,-9.255824787104846
2026-03-24 09:50:00+00:00,22931.349609375,22932.599609375,22915.05078125,22918.849609375,0,22939.14482421875,22903.4308984375,51.175900588861865,-2.737379683829204,3.889779025375245,-6.627158709204448
2026-03-24 09:55:00+00:00,22958.400390625,22961.69921875,22931.30078125,22931.80078125,0,22938.91982421875,22907.989921875,56.22039210547888,0.2131542304086906,3.1544540663819336,-2.941299835973243
2026-03-25 03:45:00+00:00,23162.599609375,23172.400390625,23067.75,23067.75,0,22948.41484375,22917.17890625,76.20580483045734,18.81179336002242,6.285921925110031,12.52587143491239
2026-03-25 03:50:00+00:00,23188.5,23202.150390625,23161.900390625,23162.19921875,0,22959.0298828125,22926.37890625,77.60242761842467,35.23512533923349,12.075762607934724,23.159362731298767
2026-03-25 03:55:00+00:00,23215.099609375,23220.099609375,23188.900390625,23189.650390625,0,22971.24990234375,22935.60890625,78.96778618868316,49.8227744999931,19.6251649863464,30.1976095136467
2026-03-25 04:00:00+00:00,23233.44921875,23237.44921875,23207.80078125,23214.650390625,0,22984.29736328125,22944.95390625,79.87902265642647,62.14784995215814,28.129701979508752,34.01814797264939
2026-03-25 04:05:00+00:00,23215.900390625,23239.55078125,23202.55078125,23234.849609375,0,22995.47490234375,22954.17890625,76.46689297696955,69.69610397505312,36.44298237861763,33.25312159643549
2026-03-25 04:10:00+00:00,23270.900390625,23277.349609375,23204.650390625,23216.30078125,0,23009.96494140625,22964.2119140625,79.43226094491868,79.20318500182475,44.995022903259056,34.208162098565694
2026-03-25 04:15:00+00:00,23270.0,23286.05078125,23262.05078125,23272.94921875,0,23025.62744140625,22973.9008984375,79.25619089943197,85.677326326193,53.13148358784585,32.54584273834715
2026-03-25 04:20:00+00:00,23287.69921875,23289.05078125,23262.75,23271.400390625,0,23042.732421875,22983.516875,80.18594833233112,91.18518297547052,60.74222346537079,30.44295951009974
2026-03-25 04:25:00+00:00,23286.05078125,23298.099609375,23269.349609375,23287.55078125,0,23059.632421875,22993.306875,79.82708055032471,94.3298086069517,67.45974049368698,26.87006811326472
2026-03-25 04:30:00+00:00,23280.849609375,23304.650390625,23276.94921875,23287.400390625,0,23078.87744140625,23003.521875,78.63131742672618,95.3036547657248,73.02852334809454,22.27513141763025
2026-03-25 04:35:00+00:00,23290.150390625,23291.94921875,23246.55078125,23281.69921875,0,23097.90244140625,23014.0958984375,79.23045264541375,95.72250077598072,77.56731883367178,18.15518194230896
2026-03-25 04:40:00+00:00,23305.55078125,23310.099609375,23284.94921875,23290.349609375,0,23117.43251953125,23025.0608984375,80.21942250971637,96.18832296178152,81.29151965929373,14.896803302487797
2026-03-25 04:45:00+00:00,23295.5,23317.69921875,23289.94921875,23306.599609375,0,23137.6150390625,23033.3408984375,77.62170470947865,94.65534841548288,83.96428541053156,10.691063004951316
2026-03-25 04:50:00+00:00,23292.19921875,23313.650390625,23283.349609375,23295.44921875,0,23156.40751953125,23042.2958984375,76.74278020311338,92.11229636734788,85.59388760189483,6.518408765453046
2026-03-25 04:55:00+00:00,23314.55078125,23317.55078125,23291.900390625,23293.5,0,23176.68251953125,23050.1308984375,78.51674240168583,90.85319451918258,86.64574898535238,4.207445533830196
2026-03-25 05:00:00+00:00,23310.25,23323.5,23299.94921875,23313.69921875,0,23196.36748046875,23057.3158984375,77.29504855318653,88.488272407154,87.01425366971272,1.474018737441284
2026-03-25 05:05:00+00:00,23314.94921875,23319.19921875,23302.0,23310.400390625,0,23217.182421875,23064.5108984375,77.70327781227412,86.00186629479867,86.8117761947299,-0.8099098999312275
2026-03-25 05:10:00+00:00,23366.650390625,23369.05078125,23312.80078125,23313.05078125,0,23239.52998046875,23071.9758984375,81.61900165566387,87.19805907662885,86.8890327711097,0.3090263055191542
2026-03-25 05:15:00+00:00,23360.55078125,23373.05078125,23357.0,23366.25,0,23260.9900390625,23079.0169140625,79.83758806743216,86.65495855297559,86.84221792748288,-0.1872593745072919
2026-03-25 05:20:00+00:00,23375.80078125,23378.0,23354.349609375,23359.30078125,0,23281.86005859375,23087.044921875,80.95668702517403,86.4584557660346,86.76546549519323,-0.3070097291586222
2026-03-25 05:25:00+00:00,23367.44921875,23376.25,23357.19921875,23375.30078125,0,23292.1025390625,23095.564921875,78.39059318675444,84.6529975339181,86.3429719029382,-1.6899743690201063
2026-03-25 05:30:00+00:00,23384.80078125,23391.150390625,23366.0,23366.0,0,23301.917578125,23104.4809375,79.82166267178502,83.65792843429517,85.8059632092096,-2.148034774914421
2026-03-25 05:35:00+00:00,23419.349609375,23430.599609375,23383.150390625,23385.099609375,0,23312.130078125,23113.0579296875,82.33074812653578,84.68098105927129,85.58096677922194,-0.8999857199506494
2026-03-25 05:40:00+00:00,23432.55078125,23433.55078125,23415.19921875,23418.349609375,0,23322.08515625,23121.9589453125,83.19083074852423,85.57057752687979,85.57888892875351,-0.0083114018737262
2026-03-25 05:45:00+00:00,23417.849609375,23434.25,23412.44921875,23432.30078125,0,23332.1826171875,23130.474921875,78.6022224131523,84.11964848410571,85.28704083982396,-1.167392355718249
2026-03-25 05:50:00+00:00,23388.75,23423.0,23388.44921875,23417.75,0,23338.07509765625,23137.8109375,70.33266120081576,79.70291588239343,84.17021584833785,-4.46729996594442
2026-03-25 05:55:00+00:00,23388.400390625,23398.650390625,23377.30078125,23388.349609375,0,23343.9951171875,23144.881953125,70.23705313838862,75.30632844222418,82.39743836711511,-7.0911099248909295
2026-03-25 06:00:00+00:00,23389.650390625,23406.80078125,23380.0,23391.5,0,23349.09267578125,23152.0959765625,70.39202675657656,71.10323197551406,80.13859708879491,-9.035365113280848
2026-03-25 06:05:00+00:00,23359.099609375,23394.25,23343.5,23389.25,0,23352.7451171875,23158.52796875,61.90759488663026,64.56281507737367,77.02344068651067,-12.460625609136995
2026-03-25 06:10:00+00:00,23361.349609375,23381.44921875,23355.650390625,23358.900390625,0,23356.7701171875,23166.496953125,62.26829856160171,58.88228542694924,73.39520963459839,-14.51292420764915
2026-03-25 06:15:00+00:00,23390.099609375,23402.69921875,23359.400390625,23361.30078125,0,23361.767578125,23174.8449609375,66.61804511637013,56.05415210622596,69.92699812892391,-13.872846022697956
2026-03-25 06:20:00+00:00,23411.400390625,23416.099609375,23389.30078125,23391.849609375,0,23367.06005859375,23183.548984375,69.42992304119848,54.89879200188443,66.92135690351603,-12.022564901631595
2026-03-25 06:25:00+00:00,23399.349609375,23416.349609375,23390.400390625,23411.30078125,0,23372.2525390625,23192.1219921875,66.04069578262586,52.406652196466894,64.0184159621062,-11.61176376563931
2026-03-25 06:30:00+00:00,23411.599609375,23414.30078125,23394.5,23399.400390625,0,23378.22255859375,23200.903984375,67.76339280541121,50.83410218143399,61.38155320597176,-10.547451024537772
2026-03-25 06:35:00+00:00,23411.75,23422.44921875,23402.44921875,23411.849609375,0,23383.08251953125,23209.2919921875,67.78499896741397,49.03473829151699,58.91219022308081,-9.877451931563826
2026-03-25 06:40:00+00:00,23440.349609375,23442.0,23408.25,23411.25,0,23389.5875,23218.4769921875,71.67320886664328,49.347630142256094,56.99927820691588,-7.651648064659781
2026-03-25 06:45:00+00:00,23441.400390625,23447.599609375,23417.849609375,23439.94921875,0,23395.91005859375,23228.17,71.80784348589597,49.114230180384766,55.42226860160966,-6.308038421224893
2026-03-25 06:50:00+00:00,23433.94921875,23448.849609375,23433.400390625,23441.75,0,23399.275,23237.9369921875,69.29280598839058,47.77726515834729,53.89326791295719,-6.116002754609895
2026-03-25 06:55:00+00:00,23429.25,23436.30078125,23421.0,23433.44921875,0,23402.7099609375,23247.5609765625,67.68276679547338,45.81044872901839,52.27670407616943,-6.466255347151041
2026-03-25 07:00:00+00:00,23448.69921875,23465.25,23416.55078125,23429.0,0,23406.3548828125,23258.6159765625,70.71558282707323,45.29894391995549,50.88115204492665,-5.58220812497116
2026-03-25 07:05:00+00:00,23435.55078125,23458.099609375,23433.25,23447.55078125,0,23409.7599609375,23269.133984375,66.19305752040002,43.33308680265691,49.37153899647271,-6.0384521938158
2026-03-25 07:10:00+00:00,23447.55078125,23450.94921875,23430.900390625,23434.5,0,23412.8974609375,23279.786015625,68.19240594043305,42.25632596370997,47.94849638992016,-5.69217042621019
2026-03-25 07:15:00+00:00,23418.650390625,23452.25,23414.349609375,23447.849609375,0,23412.8625,23290.32203125,59.123590935083925,38.62571208318332,46.08393952857279,-7.4582274453894755
2026-03-25 07:20:00+00:00,23390.25,23420.400390625,23389.80078125,23419.44921875,0,23410.7474609375,23299.8000390625,51.829122202928566,33.07547674706802,43.482246972271845,-10.406770225203822
2026-03-25 07:25:00+00:00,23375.349609375,23400.849609375,23372.349609375,23391.0,0,23408.6224609375,23309.126015625,48.45159419945805,27.161438109120358,40.21808519964155,-13.056647090521196
2026-03-25 07:30:00+00:00,23399.55078125,23403.150390625,23369.69921875,23374.849609375,0,23409.1625,23318.786015625,53.72613117916049,24.148977808916243,37.00426372149649,-12.85528591258025
2026-03-25 07:35:00+00:00,23392.30078125,23420.5,23384.900390625,23400.5,0,23409.35751953125,23328.6590234375,52.00926627213607,20.93523851035934,33.790458679269065,-12.855220168909725
2026-03-25 07:40:00+00:00,23392.599609375,23405.0,23390.0,23393.75,0,23409.50498046875,23338.11703125,52.0772430377908,18.20261151992236,30.672889247399727,-12.47027772747737
2026-03-25 07:45:00+00:00,23381.5,23411.650390625,23381.5,23392.19921875,0,23410.625,23347.1200390625,49.28478362310668,14.968788354824936,27.532069068884773,-12.563280714059836
2026-03-25 07:50:00+00:00,23392.599609375,23397.099609375,23371.55078125,23381.0,0,23412.1875,23355.8040234375,52.05351210860882,13.1500206587516,24.65565938685814,-11.50563872810654
2026-03-25 07:55:00+00:00,23412.94921875,23424.30078125,23391.0,23391.5,0,23413.32998046875,23360.811015625,56.71876117308946,13.198533090217095,22.364234127529933,-9.165701037312836
2026-03-25 08:00:00+00:00,23423.94921875,23432.349609375,23388.099609375,23414.150390625,0,23413.957421875,23365.52,59.038884653464976,13.963623649455258,20.684112031915,-6.720488382459742
2026-03-25 08:05:00+00:00,23429.5,23439.25,23417.900390625,23424.5,0,23415.46494140625,23369.8080078125,60.19835215400419,14.846721325215183,19.51663389057504,-4.669912565359851
2026-03-25 08:10:00+00:00,23432.55078125,23434.900390625,23420.30078125,23429.900390625,0,23416.5125,23373.7900390625,60.85421562814706,15.612780728446523,18.735863258149333,-3.1230825297028098
2026-03-25 08:15:00+00:00,23444.900390625,23451.30078125,23429.19921875,23432.94921875,0,23418.17001953125,23378.3700390625,63.47780632999631,17.020200316692353,18.39273066985794,-1.3725303531655868
2026-03-25 08:20:00+00:00,23428.55078125,23462.80078125,23423.19921875,23445.75,0,23417.580078125,23381.523046875,57.94127252342847,16.62467474120058,18.03911948412647,-1.414444742925891
2026-03-25 08:25:00+00:00,23430.19921875,23437.099609375,23419.0,23428.0,0,23417.02001953125,23384.72703125,58.33584646225151,16.256834335996245,17.682662454500427,-1.4258281185041817
2026-03-25 08:30:00+00:00,23443.44921875,23460.30078125,23429.19921875,23430.349609375,0,23417.49501953125,23387.84203125,61.4651921605353,16.840357273958944,17.514201418392133,-0.6738441444331897
2026-03-25 08:35:00+00:00,23406.30078125,23447.900390625,23402.69921875,23444.5,0,23416.34755859375,23390.24703125,50.10295869533545,14.142212341892446,16.839803603092196,-2.697591261199751
2026-03-25 08:40:00+00:00,23390.75,23418.69921875,23387.44921875,23406.69921875,0,23413.45009765625,23392.4450390625,46.24878619716485,10.626598151899088,15.597162512853576,-4.970564360954487
2026-03-25 08:45:00+00:00,23375.75,23403.94921875,23375.44921875,23390.30078125,0,23410.46005859375,23394.15703125,42.82658929243835,6.554517539778317,13.788633518238523,-7.234115978460208
2026-03-25 08:50:00+00:00,23321.400390625,23385.650390625,23316.80078125,23375.80078125,0,23404.1525390625,23394.4740234375,33.2315783359314,-1.0461357394015067,10.82167966671052,-11.867815406112026
2026-03-25 08:55:00+00:00,23337.25,23340.849609375,23314.349609375,23321.19921875,0,23400.08251953125,23395.3090234375,37.62071589504268,-5.724785444010195,7.512386644566376,-13.237172088576571
2026-03-25 09:00:00+00:00,23338.0,23353.849609375,23304.5,23337.349609375,0,23397.47001953125,23396.2250390625,37.82898431783236,-9.26532540694825,4.156844234263451,-13.4221696412117
2026-03-25 09:05:00+00:00,23337.599609375,23348.55078125,23321.30078125,23338.80078125,0,23395.58251953125,23396.686015625,37.75651032155172,-11.965604967288527,0.9323543939530552,-12.897959361241584
2026-03-25 09:10:00+00:00,23357.349609375,23368.05078125,23336.69921875,23337.44921875,0,23393.4724609375,23397.6280078125,43.50598123873503,-12.36934986536653,-1.7279864579108617,-10.641363407455668
2026-03-25 09:15:00+00:00,23344.69921875,23367.650390625,23331.44921875,23357.099609375,0,23391.0923828125,23398.2230078125,40.89995774319922,-13.55386093377092,-4.093161353082873,-9.460699580688049
2026-03-25 09:20:00+00:00,23325.05078125,23350.25,23319.099609375,23345.099609375,0,23387.71494140625,23397.391015625,37.17525138953617,-15.89483344110704,-6.453495770687707,-9.441337670419331
2026-03-25 09:25:00+00:00,23334.849609375,23335.25,23318.5,23325.80078125,0,23385.382421875,23396.8769921875,40.10474401781845,-16.766118108494993,-8.516020238249165,-8.250097870245828
2026-03-25 09:30:00+00:00,23330.0,23357.44921875,23284.099609375,23332.5,0,23382.25244140625,23395.9609765625,39.132191369865645,-17.644545098806702,-10.341725210360671,-7.302819888446029
2026-03-25 09:35:00+00:00,23321.650390625,23330.05078125,23296.650390625,23330.05078125,0,23377.6875,23395.045,37.448376096118416,-18.7977596413657,-12.032932096561678,-6.764827544804023
2026-03-25 09:40:00+00:00,23300.650390625,23325.400390625,23299.44921875,23321.599609375,0,23371.52255859375,23393.3619921875,33.53947762606548,-21.16226950073542,-13.858799577396429,-7.303469923338991
2026-03-25 09:45:00+00:00,23274.599609375,23311.400390625,23274.599609375,23302.94921875,0,23363.7775390625,23390.4669921875,29.434886460271244,-24.85176525094721,-16.057392712106587,-8.794372538840623
2026-03-25 09:50:00+00:00,23296.599609375,23296.599609375,23273.94921875,23277.849609375,0,23356.97998046875,23387.74796875,36.502266531141714,-25.70419906947791,-17.986753983580854,-7.7174450858970545
2026-03-25 09:55:00+00:00,23309.0,23309.0,23287.650390625,23296.19921875,0,23350.1849609375,23385.5709765625,40.14135531137043,-25.089930027646915,-19.407389192394067,-5.682540835252848
2026-03-27 03:45:00+00:00,23042.69921875,23173.55078125,23029.849609375,23173.55078125,0,23330.8923828125,23378.6499609375,17.261920378999562,-45.56610714555791,-24.63913278302684,-20.92697436253107
2026-03-27 03:50:00+00:00,23074.849609375,23101.150390625,23026.349609375,23041.80078125,0,23313.12490234375,23372.3789453125,22.97026474147036,-58.52472065365873,-31.416250357153217,-27.10847029650552
2026-03-27 03:55:00+00:00,23057.55078125,23087.94921875,23054.55078125,23075.099609375,0,23293.82998046875,23365.736953125,22.087262641220704,-69.39049563831213,-39.011099413385,-30.37939622492713
2026-03-27 04:00:00+00:00,23018.599609375,23063.849609375,23017.94921875,23056.80078125,0,23274.444921875,23358.926953125,20.20395742793282,-80.22000831844343,-47.252881194396686,-32.96712712404675
2026-03-27 04:05:00+00:00,23023.5,23023.5,23001.599609375,23018.349609375,0,23256.082421875,23352.1699609375,21.11526844493055,-87.39956676933434,-55.28221830938422,-32.11734845995012
2026-03-27 04:10:00+00:00,23052.900390625,23055.75,23022.349609375,23024.150390625,0,23239.93994140625,23345.4259765625,26.53610486652893,-89.68324018647763,-62.162422684802905,-27.520817501674728
2026-03-27 04:15:00+00:00,23039.349609375,23054.599609375,23024.849609375,23053.55078125,0,23225.83740234375,23337.9849609375,25.660838752212456,-91.53138578182916,-68.03621530420816,-23.495170477621
2026-03-27 04:20:00+00:00,23014.94921875,23040.099609375,23014.30078125,23039.25,0,23209.72236328125,23330.296953125,24.118197584479148,-93.88274029206876,-73.20552030178028,-20.67721999028849
2026-03-27 04:25:00+00:00,22991.400390625,23017.30078125,22979.44921875,23015.349609375,0,23192.3923828125,23321.89296875,22.699875857703887,-96.53361982667413,-77.87114020675905,-18.66247961991506
2026-03-27 04:30:00+00:00,23024.599609375,23034.94921875,22988.80078125,22992.25,0,23176.7423828125,23314.1499609375,29.035833437971604,-94.8620507888154,-81.26932232317031,-13.59272846564508
2026-03-27 04:35:00+00:00,23015.599609375,23024.849609375,22998.349609375,23024.849609375,0,23159.6548828125,23305.6549609375,28.35726181902311,-93.18931663335388,-83.65332118520703,-9.53599544814685
2026-03-27 04:40:00+00:00,22979.849609375,23015.599609375,22977.55078125,23015.599609375,0,23141.41240234375,23296.4239453125,25.779978483632743,-93.6686352678662,-85.65638400173887,-8.012251266127322
2026-03-27 04:45:00+00:00,22972.849609375,22986.400390625,22972.5,22980.5,0,23123.80234375,23287.201953125,25.29520073212053,-93.53512553402106,-87.2321323081953,-6.302993225825759
2026-03-27 04:50:00+00:00,23007.650390625,23011.25,22968.5,22973.349609375,0,23107.4423828125,23278.7699609375,32.12839668507013,-89.58846583617196,-87.70339901379063,-1.885066822381333
2026-03-27 04:55:00+00:00,23005.75,23014.05078125,22991.349609375,23007.900390625,0,23091.2298828125,23269.9109765625,31.956497776868574,-85.62700047220278,-87.28811930547306,1.6611188332702795
2026-03-27 05:00:00+00:00,23009.599609375,23038.650390625,23002.900390625,23006.75,0,23075.62734375,23261.391953125,32.74153363165672,-81.24039067311969,-86.0785735790024,4.838182905882704
2026-03-27 05:05:00+00:00,23018.19921875,23020.400390625,22996.19921875,23009.400390625,0,23061.50478515625,23252.804921875,34.55791364712063,-76.19176298097955,-84.10121145939783,7.909448478418284
2026-03-27 05:10:00+00:00,22988.5,23018.69921875,22987.0,23018.69921875,0,23047.1998046875,23244.2019140625,31.40369701549008,-73.73717169247902,-82.02840350601407,8.291231813535049
2026-03-27 05:15:00+00:00,22977.05078125,22989.400390625,22973.0,22989.150390625,0,23031.22236328125,23235.9379296875,30.25716102990654,-71.8870772021437,-80.00013824524001,8.113061043096309
2026-03-27 05:20:00+00:00,22952.94921875,22979.650390625,22950.30078125,22977.900390625,0,23013.41982421875,23227.489921875,27.94427719287114,-71.54097878718676,-78.30830635362938,6.767327566442617
2026-03-27 05:25:00+00:00,22973.30078125,22977.80078125,22949.75,22952.099609375,0,23009.94990234375,23218.964921875,32.627507362367865,-68.83105078359222,-76.41285523962195,7.5818044560297295
2026-03-27 05:30:00+00:00,22978.900390625,22997.69921875,22967.099609375,22973.5,0,23005.15244140625,23210.6969140625,33.900482640629974,-65.47679589292966,-74.22564337028349,8.748847477353834
2026-03-27 05:35:00+00:00,22989.94921875,22992.849609375,22972.69921875,22979.150390625,0,23001.77236328125,23202.64390625,36.45190896533737,-61.221256103741325,-71.62476591697506,10.40350981323374
2026-03-27 05:40:00+00:00,22991.0,23001.150390625,22976.80078125,22989.349609375,0,23000.3923828125,23194.83390625,36.70214767892106,-57.10564259536477,-68.720941252653,11.615298657288236
2026-03-27 05:45:00+00:00,22961.25,22992.69921875,22956.25,22990.44921875,0,22997.2798828125,23186.2069140625,32.767914227836684,-55.60360189682979,-66.09747338148837,10.493871484658584
2026-03-27 05:50:00+00:00,22947.75,22964.0,22946.849609375,22960.150390625,0,22992.02236328125,23176.9029296875,31.136836647069277,-54.87005317978037,-63.851989341146776,8.981936161366406
2026-03-27 05:55:00+00:00,22935.19921875,22961.80078125,22928.05078125,22947.349609375,0,22986.81484375,23167.1279296875,29.658748557511373,-54.67123769571481,-62.01583901206038,7.344601316345575
2026-03-27 06:00:00+00:00,22938.599609375,22952.150390625,22929.30078125,22934.5,0,22982.99736328125,23157.309921875,30.61970718649773,-53.62118029855628,-60.33690726935957,6.7157269708032885
2026-03-27 06:05:00+00:00,22950.5,22957.0,22934.80078125,22938.94921875,0,22980.95234375,23147.66890625,34.0170801070895,-51.23809926462127,-58.51714566841192,7.279046403790645
2026-03-27 06:10:00+00:00,22950.599609375,22957.30078125,22933.099609375,22950.44921875,0,22977.25234375,23137.782890625,34.04619201369498,-48.77915697433491,-56.56954792959652,7.790390955261607
2026-03-27 06:15:00+00:00,22949.5,22957.44921875,22943.44921875,22950.55078125,0,22973.94736328125,23128.201875,33.8685447356286,-46.38446553494214,-54.53253145066565,8.148065915723507
2026-03-27 06:20:00+00:00,22958.05078125,22961.80078125,22946.44921875,22949.25,0,22972.857421875,23118.75890625,36.637246032402494,-43.29757128145866,-52.28553941682425,8.987968135365591
2026-03-27 06:25:00+00:00,22946.650390625,22958.5,22938.80078125,22958.30078125,0,22971.5474609375,23108.8229296875,34.55976338818006,-41.29507764233131,-50.08744706192567,8.792369419594358
2026-03-27 06:30:00+00:00,22937.849609375,22946.650390625,22917.69921875,22946.650390625,0,22968.057421875,23099.45390625,33.003918604461305,-39.95762981802909,-48.06148361314635,8.10385379511726
2026-03-27 06:35:00+00:00,22940.19921875,22954.25,22932.400390625,22936.849609375,0,22964.7798828125,23090.442890625,33.86000732207815,-38.26698100477006,-46.1025830914711,7.835602086701037
2026-03-27 06:40:00+00:00,22934.150390625,22940.0,22924.5,22939.349609375,0,22961.007421875,23081.6108984375,32.70150380168673,-36.9888352493108,-44.27983352303904,7.290998273728242
2026-03-27 06:45:00+00:00,22908.19921875,22934.900390625,22907.05078125,22934.349609375,0,22955.507421875,23073.346875,28.237656108272688,-37.63609276711941,-42.95108537185512,5.314992604735707
2026-03-27 06:50:00+00:00,22932.900390625,22933.19921875,22906.400390625,22909.19921875,0,22952.72744140625,23065.2598828125,37.04628429931471,-35.74383816264526,-41.50963593001315,5.765797767367886
2026-03-27 06:55:00+00:00,22961.55078125,22964.25,22924.05078125,22932.30078125,0,22951.95244140625,23057.7308984375,45.415398286157846,-31.5684640703912,-39.52140155808876,7.952937487697554
2026-03-27 07:00:00+00:00,22958.25,22963.80078125,22930.650390625,22962.30078125,0,22952.21748046875,23050.14390625,44.678466561886026,-28.20071519104385,-37.25726428467978,9.056549093635924
2026-03-27 07:05:00+00:00,22954.900390625,22967.55078125,22950.650390625,22958.0,0,22951.2974609375,23042.094921875,43.89998100223863,-25.507995133822988,-34.90741045450842,9.399415320685437
2026-03-27 07:10:00+00:00,22965.55078125,22965.55078125,22938.94921875,22954.849609375,0,22950.62998046875,23034.511953125,47.05864486975754,-22.25802096353073,-32.377532556312886,10.11951159278216
2026-03-27 07:15:00+00:00,22956.849609375,22966.44921875,22944.400390625,22964.69921875,0,22948.975,23027.1479296875,44.83749121684372,-20.15220282055816,-29.932466609161946,9.780263788603785
2026-03-27 07:20:00+00:00,22956.099609375,22973.19921875,22939.900390625,22956.80078125,0,22947.22998046875,23019.5729296875,44.64189968295203,-18.332519627965667,-27.612477212922688,9.27995758495702
2026-03-27 07:25:00+00:00,22944.599609375,22961.30078125,22942.19921875,22956.349609375,0,22946.3974609375,23011.864921875,41.64229086506133,-17.61530322775434,-25.61304241588902,7.99773918813468
2026-03-27 07:30:00+00:00,22926.650390625,22952.599609375,22925.849609375,22945.650390625,0,22945.34248046875,23003.964921875,37.41641686948935,-18.28448386031596,-24.147330704774408,5.862846844458449
2026-03-27 07:35:00+00:00,22925.30078125,22935.900390625,22925.30078125,22926.599609375,0,22944.84755859375,22996.4579296875,37.11146085740885,-18.708061640983946,-23.059476892016317,4.351415251032371
2026-03-27 07:40:00+00:00,22943.150390625,22944.849609375,22920.0,22926.400390625,0,22945.07509765625,22989.8289453125,43.65261095063653,-17.402826827936224,-21.9281468792003,4.5253200512640746
2026-03-27 07:45:00+00:00,22972.05078125,22992.94921875,22939.69921875,22943.650390625,0,22946.15263671875,22983.33796875,52.3029614199213,-13.876439880928956,-20.31780547954603,6.441365598617075
2026-03-27 07:50:00+00:00,22961.650390625,22972.75,22945.05078125,22972.75,0,22946.70517578125,22976.3909765625,49.36587090324488,-11.785125828362652,-18.61126954930936,6.826143720946707
2026-03-27 07:55:00+00:00,22936.400390625,22977.25,22935.75,22960.30078125,0,22946.0501953125,22974.265,43.04584696128978,-12.026573498533253,-17.294330339154136,5.267756840620884
2026-03-27 08:00:00+00:00,22922.55078125,22937.19921875,22918.349609375,22936.400390625,0,22944.2751953125,22971.2190234375,40.01946315711997,-13.183499076320004,-16.472164086587313,3.2886650102673087
2026-03-27 08:05:00+00:00,22912.0,22934.150390625,22909.30078125,22922.599609375,0,22942.54267578125,22968.3080078125,37.83702708825754,-14.781340707620984,-16.133999410794047,1.3526587031730628
2026-03-27 08:10:00+00:00,22930.94921875,22949.150390625,22909.44921875,22912.349609375,0,22942.19765625,22966.555,43.768237634398254,-14.35314401467258,-15.777828331569754,1.4246843168971743
2026-03-27 08:15:00+00:00,22923.44921875,22937.900390625,22920.75,22930.30078125,0,22941.36015625,22964.553984375,42.05777914743035,-14.452384280717524,-15.512739521399308,1.060355240681783
2026-03-27 08:20:00+00:00,22928.900390625,22945.30078125,22920.44921875,22922.94921875,0,22941.09765625,22962.073984375,43.77757288871821,-13.930585772286577,-15.196308771576762,1.265722999290185
2026-03-27 08:25:00+00:00,22924.05078125,22937.150390625,22912.75,22928.55078125,0,22941.890234375,22959.7680078125,42.56709514823205,-13.749879588791371,-14.907022935019686,1.1571433462283132
2026-03-27 08:30:00+00:00,22919.75,22930.599609375,22916.19921875,22922.849609375,0,22941.23271484375,22957.8640234375,41.47191762141048,-13.794689150567136,-14.684556178129178,0.8898670275620404
2026-03-27 08:35:00+00:00,22909.05078125,22925.0,22896.5,22919.900390625,0,22938.60771484375,22956.21703125,38.797647346478506,-14.526090853945789,-14.6528631132925,0.126772259346712
2026-03-27 08:40:00+00:00,22911.69921875,22915.05078125,22884.94921875,22908.55078125,0,22936.28017578125,22953.9590234375,39.83193085419854,-14.72231551209552,-14.666753593053103,-0.0555619190424145
2026-03-27 08:45:00+00:00,22894.5,22917.099609375,22893.75,22911.05078125,0,22933.26015625,22951.53703125,35.62183966894274,-16.080294554674765,-14.949461785377435,-1.130832769297328
2026-03-27 08:50:00+00:00,22889.0,22905.349609375,22882.150390625,22895.5,0,22929.4326171875,22949.7200390625,34.37075176046906,-17.399733467751503,-15.43951612185225,-1.9602173458992525
2026-03-27 08:55:00+00:00,22885.599609375,22899.400390625,22872.25,22888.55078125,0,22925.8701171875,22947.9750390625,33.585384821774056,-18.50645057523434,-16.052903012528667,-2.4535475627056726
2026-03-27 09:00:00+00:00,22858.099609375,22886.94921875,22852.94921875,22885.150390625,0,22920.9701171875,22944.9840234375,28.010959128609045,-21.35636910017638,-17.11359623005821,-4.24277287011817
2026-03-27 09:05:00+00:00,22836.349609375,22868.19921875,22832.19921875,22856.69921875,0,22915.5576171875,22941.596015625,24.541497335382655,-25.08087655874988,-18.707052295796544,-6.373824262953335
2026-03-27 09:10:00+00:00,22852.900390625,22867.400390625,22832.44921875,22837.0,0,22911.8701171875,22938.46203125,31.4949519664834,-26.39282576066762,-20.24420698877076,-6.14861877189686
2026-03-27 09:15:00+00:00,22855.80078125,22864.150390625,22848.099609375,22852.599609375,0,22908.3951171875,22935.2140625,32.66593327967426,-26.88856305407171,-21.57307820183095,-5.315484852240761
2026-03-27 09:20:00+00:00,22855.69921875,22869.19921875,22848.44921875,22855.19921875,0,22904.02255859375,22932.558046875,32.644890448143315,-26.97864069928619,-22.654190701322,-4.324449997964191
2026-03-27 09:25:00+00:00,22846.55078125,22865.19921875,22840.400390625,22856.44921875,0,22897.74755859375,22929.948046875,30.72490522760758,-27.471555342122883,-23.617663629482173,-3.85389171264071
2026-03-27 09:30:00+00:00,22832.19921875,22845.0,22814.099609375,22845.0,0,22891.275,22927.533046875,27.947945959966617,-28.689529858966125,-24.632036875378965,-4.05749298358716
2026-03-27 09:35:00+00:00,22820.650390625,22831.30078125,22812.94921875,22831.30078125,0,22885.4875,22924.4800390625,25.91791598746589,-30.23811122704865,-25.753251745712905,-4.484859481335743
2026-03-27 09:40:00+00:00,22815.19921875,22833.25,22811.900390625,22819.80078125,0,22880.119921875,22921.206015625,24.995040643217465,-31.541644685210485,-26.910930333612423,-4.630714351598062
2026-03-27 09:45:00+00:00,22819.75,22819.80078125,22806.05078125,22814.400390625,0,22875.507421875,22917.80203125,27.32167762836778,-31.840457355443505,-27.89683573797864,-3.943621617464864
2026-03-27 09:50:00+00:00,22815.44921875,22821.30078125,22804.80078125,22820.349609375,0,22869.732421875,22914.291015625,26.485510533128576,-32.05479789645324,-28.728428169673563,-3.3263697267796744
2026-03-27 09:55:00+00:00,22835.5,22838.25,22807.75,22815.849609375,0,22865.3349609375,22911.776015625,36.27703501606097,-30.257939156257635,-29.03433036699038,-1.2236087892672565
2026-03-30 03:45:00+00:00,22522.44921875,22609.80078125,22472.94921875,22574.69921875,0,22845.01240234375,22903.27,11.198442314286126,-53.478035922125855,-33.92307147801748,-19.55496444410838
2026-03-30 03:50:00+00:00,22529.30078125,22551.400390625,22500.099609375,22521.19921875,0,22825.27490234375,22895.15203125,12.622186830733868,-70.51441973103283,-41.24134112862055,-29.273078602412284
2026-03-30 03:55:00+00:00,22580.75,22590.400390625,22516.900390625,22526.099609375,0,22808.32490234375,22887.9950390625,22.65080554298565,-78.95421957013605,-48.78391681692365,-30.1703027532124
2026-03-30 04:00:00+00:00,22683.599609375,22684.69921875,22576.75,22581.400390625,0,22797.05234375,22882.65703125,37.97606426254204,-76.46230793188442,-54.31959503991581,-22.14271289196861
2026-03-30 04:05:00+00:00,22677.400390625,22713.30078125,22661.900390625,22681.55078125,0,22785.33740234375,22877.193046875,37.49385986145504,-74.1331147488454,-58.282298981701736,-15.850815767143663
2026-03-30 04:10:00+00:00,22659.25,22703.69921875,22652.650390625,22675.80078125,0,22773.57490234375,22871.388046875,36.05052689618015,-72.91132088322775,-61.20810336200695,-11.7032175212208
2026-03-30 04:15:00+00:00,22630.44921875,22690.0,22628.849609375,22659.55078125,0,22760.64736328125,22864.836015625,33.82541195772403,-73.42067495280571,-63.6506176801667,-9.770057272639017
2026-03-30 04:20:00+00:00,22618.5,22665.30078125,22617.19921875,22630.19921875,0,22747.2923828125,22858.2730078125,32.917614190725786,-73.93625271441124,-65.7077446870156,-8.228508027395634
2026-03-30 04:25:00+00:00,22615.30078125,22629.80078125,22596.94921875,22617.94921875,0,22735.15244140625,22851.82203125,32.664849858638604,-73.75282535994847,-67.31676082160219,-6.436064538346287
2026-03-30 04:30:00+00:00,22651.19921875,22665.5,22604.69921875,22614.69921875,0,22725.894921875,22846.04203125,38.38238227722146,-69.90493341146794,-67.83439533957534,-2.0705380718925994
2026-03-30 04:35:00+00:00,22601.599609375,22650.05078125,22594.05078125,22650.05078125,0,22713.3298828125,22839.391015625,34.07696627320321,-70.05022983033268,-68.27756223772681,-1.7726675926058704
2026-03-30 04:40:00+00:00,22596.75,22600.19921875,22556.599609375,22600.19921875,0,22700.37734375,22833.16203125,33.679172670506475,-69.75263626442393,-68.57257704306623,-1.1800592213576948
2026-03-30 04:45:00+00:00,22556.30078125,22603.94921875,22553.5,22595.900390625,0,22685.407421875,22825.6300390625,30.48291736726395,-71.95129537929097,-69.24832071031118,-2.702974668979792
2026-03-30 04:50:00+00:00,22544.349609375,22564.55078125,22537.650390625,22555.30078125,0,22670.29736328125,22817.286015625,29.58940350423936,-73.80730360599046,-70.16011728944704,-3.647186316543412
2026-03-30 04:55:00+00:00,22534.75,22564.0,22534.75,22542.650390625,0,22655.42490234375,22808.816015625,28.85770148229578,-75.18611303737634,-71.1653164390329,-4.020796598343438
2026-03-30 05:00:00+00:00,22529.150390625,22540.25,22519.19921875,22535.44921875,0,22640.84990234375,22800.301015625,28.416279341754105,-75.85624752165677,-72.10350265555768,-3.7527448660990927
2026-03-30 05:05:00+00:00,22538.30078125,22549.5,22526.25,22528.5,0,22627.00498046875,22791.756015625,30.292729524345678,-74.7868773096634,-72.64017758637883,-2.14669972328457
2026-03-30 05:10:00+00:00,22514.55078125,22554.599609375,22512.25,22538.849609375,0,22611.74501953125,22782.9100390625,28.22468210145594,-74.99136643348902,-73.11041535580087,-1.8809510776881524
2026-03-30 05:15:00+00:00,22527.349609375,22535.05078125,22509.44921875,22513.30078125,0,22597.3400390625,22774.3350390625,30.960038398121128,-73.27598710533857,-73.14352970570842,-0.1324573996301552
2026-03-30 05:20:00+00:00,22493.349609375,22538.30078125,22491.400390625,22528.0,0,22580.23251953125,22765.3100390625,27.916409285581608,-73.80922567040034,-73.2766688986468,-0.5325567717535336
2026-03-30 05:25:00+00:00,22490.19921875,22524.19921875,22478.349609375,22493.25,0,22578.62001953125,22756.581015625,27.64521509318206,-73.63718760831762,-73.34877264058096,-0.2884149677366565
2026-03-30 05:30:00+00:00,22504.30078125,22509.05078125,22483.650390625,22489.599609375,0,22577.37001953125,22748.161015625,30.881897936281305,-71.5383187550251,-72.9866818634698,1.4483631084446955
2026-03-30 05:35:00+00:00,22472.30078125,22509.30078125,22472.30078125,22503.44921875,0,22571.94755859375,22738.7440234375,27.838579574981,-71.63136089270483,-72.7156176693168,1.0842567766119655
2026-03-30 05:40:00+00:00,22478.55078125,22482.099609375,22454.0,22471.44921875,0,22561.6951171875,22728.8740234375,29.303969345871337,-70.3893698508,-72.25036810561343,1.8609982548134385
2026-03-30 05:45:00+00:00,22481.30078125,22483.5,22466.900390625,22479.25,0,22551.89013671875,22719.26703125,29.97775455883857,-68.39476866581754,-71.47924821765426,3.084479551836722
2026-03-30 05:50:00+00:00,22482.349609375,22486.849609375,22467.5,22480.349609375,0,22543.0451171875,22710.186015625,30.250791896658967,-65.96895217569909,-70.37718900926322,4.408236833564132
2026-03-30 05:55:00+00:00,22468.19921875,22488.25,22465.80078125,22481.25,0,22534.9326171875,22701.098984375,28.628837962847,-64.44540685949687,-69.19083257930996,4.745425719813085
2026-03-30 06:00:00+00:00,22503.80078125,22506.30078125,22457.349609375,22468.099609375,0,22529.19765625,22692.935,37.68200535348481,-59.67731472447485,-67.28812900834293,7.610814283868081
2026-03-30 06:05:00+00:00,22516.25,22535.80078125,22503.19921875,22503.30078125,0,22524.2451171875,22684.641015625,40.52308831173124,-54.26844657339461,-64.68419252135328,10.41574594795867
2026-03-30 06:10:00+00:00,22486.650390625,22519.150390625,22484.75,22515.05078125,0,22516.01767578125,22675.9050390625,36.28713040416313,-51.7735079257036,-62.10205560222335,10.328547676519747
2026-03-30 06:15:00+00:00,22464.55078125,22485.69921875,22460.400390625,22485.69921875,0,22509.165234375,22666.618046875,33.4737003352775,-50.99170422964016,-59.87998532770671,8.888281098066543
2026-03-30 06:20:00+00:00,22478.599609375,22480.25,22453.150390625,22465.05078125,0,22503.25771484375,22657.7090234375,36.82687404175871,-48.6773736859468,-57.639462999354734,8.96208931340793
2026-03-30 06:25:00+00:00,22484.0,22489.849609375,22468.150390625,22477.69921875,0,22499.64267578125,22648.9940234375,38.11808204332337,-45.87862345301619,-55.28729509008703,9.40867163707084
2026-03-30 06:30:00+00:00,22549.349609375,22560.599609375,22480.30078125,22483.150390625,0,22499.89267578125,22641.8,51.13396057618244,-37.94996285367597,-51.81982864280482,13.869865789128852
2026-03-30 06:35:00+00:00,22558.30078125,22594.5,22545.650390625,22549.05078125,0,22501.07021484375,22634.73203125,52.604472880499074,-30.591517472665146,-47.57416640877689,16.982648936111744
2026-03-30 06:40:00+00:00,22567.099609375,22578.099609375,22553.80078125,22557.55078125,0,22502.96767578125,22628.1840234375,54.06769214427106,-23.77583161179064,-42.81449944937964,19.038667837589003
2026-03-30 06:45:00+00:00,22555.30078125,22577.44921875,22550.849609375,22566.900390625,0,22503.81767578125,22621.5100390625,51.76006525238533,-19.106174202421244,-38.07283439998796,18.96666019756672
2026-03-30 06:50:00+00:00,22531.30078125,22594.099609375,22531.05078125,22555.349609375,0,22504.65517578125,22614.4240625,47.33455726646339,-17.144406440638704,-33.88714880811811,16.74274236747941
2026-03-30 06:55:00+00:00,22519.150390625,22534.599609375,22502.849609375,22531.150390625,0,22504.24521484375,22607.645078125,45.226302555710845,-16.381292985501204,-30.38597764359473,14.004684658093527
2026-03-30 07:00:00+00:00,22517.400390625,22523.5,22508.0,22519.849609375,0,22505.44775390625,22601.26609375,44.91600498676454,-15.736331811414855,-27.45604847715876,11.719716665743904
2026-03-30 07:05:00+00:00,22565.599609375,22569.44921875,22514.05078125,22516.650390625,0,22509.2177734375,22595.520078125,54.230335631197526,-11.206737010503277,-24.206186183827665,12.99944917332439
2026-03-30 07:10:00+00:00,22557.05078125,22579.30078125,22555.80078125,22564.650390625,0,22511.8552734375,22589.545078125,52.53359820850176,-8.21215487149675,-21.007379921361483,12.795225049864731
2026-03-30 07:15:00+00:00,22530.55078125,22560.69921875,22530.55078125,22557.349609375,0,22514.7677734375,22583.042109375,47.565518519331945,-7.886346587412845,-18.383173254571755,10.49682666715891
2026-03-30 07:20:00+00:00,22503.94921875,22533.05078125,22484.05078125,22530.099609375,0,22516.0376953125,22576.190078125,43.15372064477273,-9.66327275700678,-16.639193155058763,6.975920398051983
2026-03-30 07:25:00+00:00,22505.80078125,22506.69921875,22491.75,22501.75,0,22517.2626953125,22569.662109375,43.54621404378104,-10.797625621991756,-15.470879648445363,4.673254026453607
2026-03-30 07:30:00+00:00,22491.349609375,22511.400390625,22486.150390625,22506.099609375,0,22517.7126953125,22563.07609375,41.1576844907139,-12.71611379260139,-14.919926477276569,2.203812684675178
2026-03-30 07:35:00+00:00,22495.80078125,22504.900390625,22485.349609375,22490.849609375,0,22519.0927734375,22556.688125,42.20915059049455,-13.71921059957458,-14.679783301736173,0.960572702161592
2026-03-30 07:40:00+00:00,22499.19921875,22506.94921875,22481.44921875,22495.30078125,0,22518.8626953125,22550.277109375,43.04594691321872,-14.077667948629824,-14.559360231114905,0.4816922824850795
2026-03-30 07:45:00+00:00,22484.94921875,22516.349609375,22479.099609375,22498.55078125,0,22517.29765625,22543.667109375,40.40410722288178,-15.334833473403704,-14.714454879572664,-0.6203785938310418
2026-03-30 07:50:00+00:00,22484.349609375,22495.05078125,22482.19921875,22485.30078125,0,22517.1826171875,22536.6441015625,40.29205207451251,-16.192868367761548,-15.010137577210442,-1.1827307905511066
2026-03-30 07:55:00+00:00,22476.44921875,22486.400390625,22456.55078125,22484.25,0,22517.7775390625,22535.7241015625,38.76649766825568,-17.31081440757771,-15.470272943283897,-1.8405414642938125
2026-03-30 08:00:00+00:00,22485.80078125,22486.05078125,22464.05078125,22476.19921875,0,22518.13759765625,22534.8541015625,41.585833416167205,-17.24343022900939,-15.824904400428997,-1.4185258285803943
2026-03-30 08:05:00+00:00,22493.650390625,22502.099609375,22474.25,22485.599609375,0,22518.6201171875,22533.112109375,43.91990920510841,-16.367950364270655,-15.933513593197327,-0.4344367710733259
2026-03-30 08:10:00+00:00,22462.05078125,22500.5,22454.849609375,22494.349609375,0,22514.25517578125,22528.6811328125,37.43513925255336,-18.01627030227246,-16.350064935012355,-1.6662053672601047
2026-03-30 08:15:00+00:00,22448.0,22468.150390625,22446.69921875,22461.150390625,0,22508.74013671875,22524.093125,34.96314703639956,-20.223235478173592,-17.124699043644604,-3.098536434528988
2026-03-30 08:20:00+00:00,22422.099609375,22452.900390625,22420.5,22445.55078125,0,22501.49013671875,22519.3501171875,30.91111523599152,-23.788003053556167,-18.45735984562692,-5.330643207929249
2026-03-30 08:25:00+00:00,22428.80078125,22441.599609375,22420.150390625,22420.94921875,0,22495.16513671875,22515.3171484375,33.07232631208093,-25.77525735132804,-19.920939346767145,-5.854318004560895
2026-03-30 08:30:00+00:00,22462.30078125,22487.19921875,22423.75,22428.099609375,0,22491.71513671875,22512.1931640625,42.71901404182312,-24.366123170362695,-20.80997611148625,-3.5561470588764443
2026-03-30 08:35:00+00:00,22449.44921875,22475.849609375,22449.44921875,22461.19921875,0,22488.230078125,22508.8761328125,40.31814306792058,-24.00961991552685,-21.449904872294372,-2.55971504323248
2026-03-30 08:40:00+00:00,22420.5,22451.900390625,22419.150390625,22449.05078125,0,22483.38505859375,22504.2621484375,35.48080280606355,-25.766033733925724,-22.31313064462065,-3.452903089305078
2026-03-30 08:45:00+00:00,22411.55078125,22425.349609375,22409.599609375,22420.19921875,0,22475.6826171875,22500.461171875,34.1180313192952,-27.562409204365395,-23.3629863565696,-4.199422847795798
2026-03-30 08:50:00+00:00,22388.0,22431.849609375,22383.44921875,22412.349609375,0,22467.230078125,22496.286171875,30.76880073995308,-30.53441915466101,-24.79727291618788,-5.73714623847313
2026-03-30 08:55:00+00:00,22378.05078125,22394.400390625,22376.349609375,22386.0,0,22459.605078125,22492.721171875,29.453380335468808,-33.3086162621039,-26.499541585371084,-6.809074676732813
2026-03-30 09:00:00+00:00,22362.5,22410.599609375,22360.650390625,22376.55078125,0,22452.5326171875,22489.0841796875,27.476147729395198,-36.3430653062569,-28.46824632954825,-7.874818976708653
2026-03-30 09:05:00+00:00,22362.900390625,22378.5,22352.19921875,22361.400390625,0,22445.38759765625,22485.6471875,27.61089259046545,-38.27437666926926,-30.429472397492454,-7.844904271776805
2026-03-30 09:10:00+00:00,22366.80078125,22383.900390625,22358.69921875,22363.44921875,0,22439.16015625,22482.4001953125,28.9948729982611,-39.040194847762905,-32.151616887546545,-6.88857796021636
2026-03-30 09:15:00+00:00,22362.0,22383.400390625,22341.0,22365.599609375,0,22432.4701171875,22478.8741796875,28.27823872592693,-39.57826064461551,-33.63694563896034,-5.94131500565517
2026-03-30 09:20:00+00:00,22348.5,22376.900390625,22344.69921875,22361.349609375,0,22424.93515625,22475.5531640625,26.30904694934037,-40.62571093394945,-35.03469869795816,-5.591012235991286
2026-03-30 09:25:00+00:00,22349.94921875,22357.80078125,22338.30078125,22347.69921875,0,22418.18515625,22472.00515625,26.8975550142507,-40.86778461153153,-36.20131588067284,-4.666468730858696
2026-03-30 09:30:00+00:00,22291.19921875,22348.5,22285.55078125,22348.5,0,22408.52763671875,22467.9621484375,19.94397357329902,-45.278323423179245,-38.01671738917412,-7.261606034005126
2026-03-30 09:35:00+00:00,22299.400390625,22307.69921875,22289.099609375,22291.19921875,0,22399.6751953125,22464.146171875,22.93888349221129,-47.56365694742272,-39.92610530082384,-7.637551646598879
2026-03-30 09:40:00+00:00,22335.599609375,22342.0,22295.44921875,22297.099609375,0,22392.16513671875,22460.7721484375,34.573484460529954,-45.92443747841389,-41.12577173634185,-4.798665742072046
2026-03-30 09:45:00+00:00,22341.80078125,22356.55078125,22325.150390625,22335.44921875,0,22384.57265625,22458.1621484375,36.34644120358538,-43.62211293029395,-41.62503997513228,-1.997072955161677
2026-03-30 09:50:00+00:00,22377.44921875,22381.25,22341.849609375,22342.30078125,0,22380.342578125,22456.1401171875,45.49102200229252,-38.477429305065016,-40.995517841118826,2.51808853605381
2026-03-30 09:55:00+00:00,22379.19921875,22391.0,22359.150390625,22376.0,0,22376.9025390625,22454.0980859375,45.90189293129048,-33.86860390860602,-39.570135054616266,5.701531146010247
2026-04-01 03:45:00+00:00,22887.0,22894.69921875,22811.400390625,22878.900390625,0,22400.14755859375,22462.19109375,83.87763119744324,10.636590606096432,-29.528789922473727,40.16538052857016
2026-04-01 03:50:00+00:00,22899.55078125,22902.400390625,22872.55078125,22888.599609375,0,22423.68505859375,22470.818125,84.17334752320264,46.38531996256279,-14.345967945466423,60.731287908029216
2026-04-01 03:55:00+00:00,22929.75,22930.150390625,22898.25,22900.0,0,22447.05751953125,22479.337109375,84.8914380709785,76.27403055566174,3.778031754759207,72.49599880090253
2026-04-01 04:00:00+00:00,22854.5,22936.900390625,22845.44921875,22928.55078125,0,22467.31005859375,22486.102109375,75.67736549904774,92.81904278038564,21.586233959884492,71.23280882050115
2026-04-01 04:05:00+00:00,22828.099609375,22854.0,22824.150390625,22853.25,0,22487.6900390625,22492.93109375,72.69618751651846,102.61787825952342,37.79256281981228,64.82531543971115
2026-04-01 04:10:00+00:00,22854.94921875,22873.69921875,22827.400390625,22828.5,0,22509.8599609375,22500.7390625,73.82549618073035,111.26744323452658,52.48753890275515,58.77990433177144
2026-04-01 04:15:00+00:00,22897.55078125,22898.099609375,22848.5,22851.44921875,0,22535.3375,22509.1180859375,75.55325325809403,120.17457812110295,66.02494674642472,54.14963137467825
2026-04-01 04:20:00+00:00,22915.150390625,22932.099609375,22896.19921875,22897.75,0,22562.19248046875,22517.74109375,76.25070962707156,127.18754918612832,78.25746723436544,48.93008195176287
2026-04-01 04:25:00+00:00,22893.150390625,22919.099609375,22885.0,22914.94921875,0,22588.725,22524.617109375,73.43052875914348,129.4776256708501,88.50149892166237,40.97612674918773
2026-04-01 04:30:00+00:00,22927.150390625,22941.0,22890.44921875,22892.900390625,0,22616.9375,22531.9941015625,74.9712135141683,132.50856735351772,97.30291260803344,35.20565474548427
2026-04-01 04:35:00+00:00,22906.80078125,22932.0,22905.099609375,22927.55078125,0,22643.9375,22538.788125,72.27004881668626,131.74983695698756,104.19229747782428,27.55753947916328
2026-04-01 04:40:00+00:00,22868.849609375,22907.44921875,22862.55078125,22907.44921875,0,22669.27998046875,22545.0591015625,67.39333500474008,126.626523511477,108.67914268455483,17.947380826922156
2026-04-01 04:45:00+00:00,22871.150390625,22878.849609375,22857.400390625,22867.900390625,0,22695.4125,22551.85609375,67.53635639843395,121.35303229620332,111.21392060688454,10.139111689318767
2026-04-01 04:50:00+00:00,22828.349609375,22879.44921875,22822.05078125,22871.69921875,0,22719.33251953125,22558.040078125,62.08110103195702,112.42413175949332,111.4559628374063,0.9681689220870168
2026-04-01 04:55:00+00:00,22796.5,22828.150390625,22772.099609375,22827.849609375,0,22744.59755859375,22563.6220703125,58.30682263333187,101.60665814942696,109.48610189981044,-7.879443750383487
2026-04-01 05:00:00+00:00,22796.0,22816.30078125,22778.349609375,22797.099609375,0,22769.4275390625,22568.230078125,58.24695414142548,91.9336328634854,105.97560809254544,-14.041975229060045
2026-04-01 05:05:00+00:00,22813.80078125,22816.400390625,22796.150390625,22796.400390625,0,22793.33759765625,22573.365078125,59.82839119361383,84.72738041309276,101.72596255665492,-16.99858214356216
2026-04-01 05:10:00+00:00,22807.5,22815.0,22787.349609375,22813.150390625,0,22816.62255859375,22578.9040625,58.976889273585705,77.61327551135037,96.90342514759402,-19.29014963624365
2026-04-01 05:15:00+00:00,22797.150390625,22820.25,22791.900390625,22808.599609375,0,22837.6076171875,22584.7680859375,57.52853156409732,70.3294549628481,91.58863111064484,-21.259176147796737
2026-04-01 05:20:00+00:00,22789.849609375,22802.05078125,22783.44921875,22797.599609375,0,22858.14013671875,22590.4490625,56.47492207199439,63.23888417741182,85.91868172399823,-22.67979754658641
2026-04-01 05:25:00+00:00,22770.75,22791.5,22769.69921875,22791.5,0,22852.32763671875,22596.0370703125,53.703887508247526,55.43930706856554,79.8228067929117,-24.38349972434617
2026-04-01 05:30:00+00:00,22749.099609375,22771.349609375,22744.5,22771.349609375,0,22844.805078125,22601.103046875,50.668921063208806,46.96964361926075,73.25217415818152,-26.282530538920767
2026-04-01 05:35:00+00:00,22770.55078125,22786.0,22738.599609375,22748.69921875,0,22836.8451171875,22606.530078125,53.474418941622325,41.50980541260287,66.90370040906579,-25.39389499646292
2026-04-01 05:40:00+00:00,22763.75,22791.650390625,22758.099609375,22771.19921875,0,22832.3076171875,22612.10609375,52.4558838277541,36.21659571607597,60.76627947046783,-24.549683754391857
2026-04-01 05:45:00+00:00,22767.19921875,22767.55078125,22747.69921875,22763.55078125,0,22829.26259765625,22617.7630859375,52.945412928441925,31.931920717757748,54.99940771992582,-23.067487002168072
2026-04-01 05:50:00+00:00,22781.650390625,22782.80078125,22764.900390625,22766.80078125,0,22825.59765625,22623.867109375,55.03436960672165,29.36388511972837,49.87230319988633,-20.508418080157966
2026-04-01 05:55:00+00:00,22790.099609375,22800.650390625,22781.5,22781.5,0,22820.22509765625,22629.9530859375,56.25710685357424,27.691272000251047,45.43609695995927,-17.744824959708225
2026-04-01 06:00:00+00:00,22798.5,22811.650390625,22786.44921875,22788.849609375,0,22814.392578125,22636.050078125,57.494659175005566,26.735366705786877,41.6959509091248,-14.960584203337923
2026-04-01 06:05:00+00:00,22813.44921875,22814.349609375,22788.849609375,22797.650390625,0,22810.40751953125,22643.078046875,59.68076913506295,26.874291783275112,38.73161908395486,-11.85732730067975
2026-04-01 06:10:00+00:00,22799.150390625,22822.650390625,22798.19921875,22813.5,0,22804.00751953125,22650.1010546875,56.67808072403376,25.536229223947885,36.092541111953466,-10.55631188800558
2026-04-01 06:15:00+00:00,22754.099609375,22798.650390625,22743.650390625,22797.650390625,0,22796.3724609375,22656.7410546875,48.41336873692593,20.60308393702508,32.99464967696779,-12.391565739942711
2026-04-01 06:20:00+00:00,22745.599609375,22765.0,22742.599609375,22751.94921875,0,22790.2099609375,22663.07703125,47.02021675405689,15.82522841095124,29.56076542376448,-13.73553701281324
2026-04-01 06:25:00+00:00,22775.900390625,22778.150390625,22736.94921875,22743.19921875,0,22785.4474609375,22669.3490234375,52.29075885587468,14.318706165038748,26.512353572019336,-12.193647406980588
2026-04-01 06:30:00+00:00,22838.75,22841.150390625,22774.099609375,22774.099609375,0,22785.96748046875,22677.1350390625,60.96502029784413,17.98885038217486,24.80765293405044,-6.8188025518755815
2026-04-01 06:35:00+00:00,22839.150390625,22842.400390625,22827.0,22834.55078125,0,22788.1,22685.508046875,61.01365077918162,20.69125834708757,23.984374016657867,-3.293115669570298
2026-04-01 06:40:00+00:00,22859.30078125,22864.599609375,22828.150390625,22837.80078125,0,22791.2650390625,22694.463046875,63.47954819156113,24.18017029712064,24.023533272750424,0.1566370243702159
2026-04-01 06:45:00+00:00,22837.75,22864.19921875,22834.69921875,22857.75,0,22792.4625,22703.458046875,59.16910737757616,24.918940183360974,24.202614654872534,0.71632552848844
2026-04-01 06:50:00+00:00,22831.400390625,22841.94921875,22825.55078125,22836.30078125,0,22793.65751953125,22712.5250390625,57.921167002239,24.707250426901737,24.30354180927838,0.4037086176233586
2026-04-01 06:55:00+00:00,22832.80078125,22836.94921875,22817.849609375,22829.55078125,0,22795.4400390625,22721.9310546875,58.13090603019737,24.371544594327133,24.31714236628813,0.0544022280390024
2026-04-01 07:00:00+00:00,22829.5,22847.400390625,22824.25,22831.0,0,22797.42255859375,22731.263046875,57.40460851883659,23.56747861901385,24.16720961683328,-0.5997309978194245
2026-04-01 07:05:00+00:00,22842.5,22842.69921875,22816.55078125,22827.94921875,0,22801.01005859375,22740.77703125,59.54826836726281,23.705974181157217,24.07496252969807,-0.3689883485408529
2026-04-01 07:10:00+00:00,22834.599609375,22856.349609375,22829.55078125,22841.55078125,0,22805.28505859375,22750.2290234375,57.649471587883234,22.91409795712389,23.842789615183232,-0.9286916580593464
2026-04-01 07:15:00+00:00,22868.650390625,22881.099609375,22833.849609375,22834.94921875,0,22810.1900390625,22760.63203125,63.109414442904416,24.7488544288135,24.02400257790929,0.7248518509042157
2026-04-01 07:20:00+00:00,22873.55078125,22875.55078125,22860.400390625,22868.44921875,0,22815.680078125,22771.1040625,63.83208610795307,26.295217817700177,24.478245625867466,1.8169721918327115
2026-04-01 07:25:00+00:00,22862.05078125,22874.349609375,22855.69921875,22873.05078125,0,22820.42265625,22782.52109375,60.82094924525271,26.289716566057905,24.840539813905558,1.4491767521523506
2026-04-01 07:30:00+00:00,22864.599609375,22873.599609375,22855.5,22862.099609375,0,22824.5701171875,22793.825078125,61.2571738413904,26.18913387954308,25.110258627033065,1.0788752525100165
2026-04-01 07:35:00+00:00,22869.150390625,22878.55078125,22862.099609375,22864.900390625,0,22828.52265625,22804.49609375,62.0692152215665,26.17490339717915,25.32318758106228,0.8517158161168723
2026-04-01 07:40:00+00:00,22883.30078125,22883.400390625,22842.69921875,22868.94921875,0,22832.7626953125,22815.32609375,64.55684843633227,26.99427075120184,25.657404215090192,1.3368665361116463
2026-04-01 07:45:00+00:00,22843.0,22897.94921875,22839.849609375,22883.19921875,0,22834.240234375,22824.637109375,53.74578016702004,24.11372107698844,25.348667587469844,-1.2349465104814037
2026-04-01 07:50:00+00:00,22810.599609375,22843.5,22805.599609375,22843.0,0,22834.8126953125,22833.2651171875,46.93982314295968,18.99743337836844,24.078420745649563,-5.080987367281121
2026-04-01 07:55:00+00:00,22807.94921875,22812.44921875,22795.0,22810.55078125,0,22837.50517578125,22831.6841015625,46.4219628005938,14.561023725564157,22.174941341632483,-7.613917616068328
2026-04-01 08:00:00+00:00,22776.75,22808.349609375,22760.099609375,22808.349609375,0,22839.0626953125,22829.2280859375,40.72606519877263,8.430440037747758,19.426041080855537,-10.99560104310778
2026-04-01 08:05:00+00:00,22764.75,22776.349609375,22748.5,22776.25,0,22838.50517578125,22825.9280859375,38.75634862982561,2.5739378317630326,16.05562043103704,-13.481682599274006
2026-04-01 08:10:00+00:00,22675.150390625,22763.900390625,22649.75,22763.900390625,0,22830.3251953125,22822.34109375,27.90429566938552,-9.1913696339725,11.006222418035131,-20.19759205200763
2026-04-01 08:15:00+00:00,22703.19921875,22720.5,22658.69921875,22674.849609375,0,22823.52763671875,22819.8430859375,34.122950852556926,-16.066944810729183,5.591588972282269,-21.65853378301145
2026-04-01 08:20:00+00:00,22697.94921875,22708.599609375,22691.5,22702.44921875,0,22815.46005859375,22816.7030859375,33.53980540245263,-21.689495791822992,0.135372019461216,-21.824867811284207
2026-04-01 08:25:00+00:00,22703.650390625,22725.900390625,22690.5,22697.55078125,0,22808.755078125,22812.825078125,34.84203433837912,-25.392660248046013,-4.97023443404023,-20.422425814005784
2026-04-01 08:30:00+00:00,22720.80078125,22730.5,22688.19921875,22703.75,0,22803.22509765625,22808.9380859375,38.73122719895815,-26.63650254710228,-9.30348805665264,-17.333014490449642
2026-04-01 08:35:00+00:00,22737.25,22739.849609375,22715.44921875,22720.650390625,0,22798.44755859375,22805.820078125,42.289218346902736,-25.99528458998975,-12.641847363320064,-13.353437226669689
2026-04-01 08:40:00+00:00,22753.0,22756.599609375,22727.900390625,22739.0,0,22794.62255859375,22802.3370703125,45.54972948950532,-23.940253032818877,-14.901528497219823,-9.038724535599048
2026-04-01 08:45:00+00:00,22742.05078125,22756.80078125,22723.75,22754.349609375,0,22789.60009765625,22799.0420703125,43.70126954710216,-22.93080412868221,-16.507383623512304,-6.423420505169908
2026-04-01 08:50:00+00:00,22723.400390625,22743.099609375,22709.94921875,22741.349609375,0,22784.04013671875,22796.1330859375,40.67348407930193,-23.36638610117734,-17.879184119045313,-5.487201982132028
2026-04-01 08:55:00+00:00,22733.400390625,22736.0,22717.0,22723.150390625,0,22777.27763671875,22793.3780859375,42.955615730563785,-22.64364962833497,-18.832077220903244,-3.8115724074317257
2026-04-01 09:00:00+00:00,22709.150390625,22734.900390625,22704.44921875,22734.55078125,0,22769.0576171875,22790.9941015625,39.03427653018064,-23.753828749289823,-19.81642752658056,-3.937401222709262
2026-04-01 09:05:00+00:00,22667.75,22709.349609375,22665.19921875,22708.25,0,22759.342578125,22788.4191015625,33.424376122827496,-27.65552356628541,-21.384246734521533,-6.271276831763878
2026-04-01 09:10:00+00:00,22662.650390625,22678.55078125,22641.400390625,22666.19921875,0,22749.2451171875,22785.752109375,32.799077035125805,-30.80405075406088,-23.2682075384294,-7.53584321563148
2026-04-01 09:15:00+00:00,22641.19921875,22662.5,22619.05078125,22660.599609375,0,22737.84755859375,22782.300078125,30.236620380176817,-34.63100683987432,-25.540767398718387,-9.09023944115593
2026-04-01 09:20:00+00:00,22657.19921875,22666.75,22629.80078125,22640.900390625,0,22726.54248046875,22779.2940625,34.356105042721765,-35.95832563258227,-27.624279045491164,-8.334046587091109
2026-04-01 09:25:00+00:00,22647.80078125,22685.349609375,22644.849609375,22656.80078125,0,22716.78251953125,22776.3070703125,33.118982493722896,-37.33819918091467,-29.56706307257587,-7.771136108338801
2026-04-01 09:30:00+00:00,22676.75,22692.55078125,22651.25,22651.25,0,22710.0900390625,22774.045078125,40.25529845910852,-35.684450759454194,-30.79054060995153,-4.893910149502659
2026-04-01 09:35:00+00:00,22682.099609375,22684.400390625,22669.900390625,22676.94921875,0,22703.79755859375,22772.2720703125,41.497565728544345,-33.55536904595283,-31.343506297151794,-2.2118627488010354
2026-04-01 09:40:00+00:00,22671.650390625,22691.30078125,22670.05078125,22682.75,0,22698.542578125,22770.7230859375,39.75859178868399,-32.33844362601667,-31.54249376292477,-0.7959498630918986
2026-04-01 09:45:00+00:00,22681.099609375,22688.5,22668.599609375,22671.099609375,0,22694.36005859375,22768.9340625,42.12065139295592,-30.26269892519849,-31.28653479537952,1.0238358701810242
2026-04-01 09:50:00+00:00,22683.5,22683.900390625,22672.94921875,22681.25,0,22694.7775390625,22767.3290625,42.73491718756847,-28.100045005183347,-30.64923683734029,2.54919183215694
2026-04-01 09:55:00+00:00,22703.150390625,22706.30078125,22674.599609375,22683.55078125,0,22694.77509765625,22766.0480859375,47.63442571359557,-24.51787706921823,-29.42296488371588,4.905087814497648
2026-04-02 03:45:00+00:00,22228.0,22383.400390625,22209.5,22383.400390625,0,22671.27763671875,22754.975078125,14.756824510378763,-59.33566409723062,-35.405504726418826,-23.930159370811797
2026-04-02 03:50:00+00:00,22252.150390625,22255.94921875,22215.599609375,22226.349609375,0,22648.70263671875,22744.21609375,17.8600365209646,-84.01184027618729,-45.12677183637252,-38.885068439814766
2026-04-02 03:55:00+00:00,22245.55078125,22261.599609375,22236.349609375,22251.44921875,0,22624.94013671875,22733.157109375,17.67072159034531,-102.91409141752592,-56.6842357526032,-46.22985566492272
2026-04-02 04:00:00+00:00,22255.400390625,22268.75,22239.44921875,22244.44921875,0,22600.84765625,22721.9961328125,19.04985292471692,-115.76501345654832,-68.50039129339223,-47.264622163156105
2026-04-02 04:05:00+00:00,22251.44921875,22290.75,22244.0,22255.400390625,0,22575.7701171875,22711.042109375,18.91298458986969,-124.82933345485436,-79.76617972568465,-45.0631537291697
2026-04-02 04:10:00+00:00,22262.55078125,22278.099609375,22244.0,22249.900390625,0,22551.7951171875,22701.2111328125,20.638287119816795,-129.62285743124812,-89.73751526679735,-39.885342164450776
2026-04-02 04:15:00+00:00,22235.650390625,22273.19921875,22227.349609375,22264.44921875,0,22527.4076171875,22691.0121484375,19.55266409743689,-134.04718393063013,-98.5994489995639,-35.44773493106622
2026-04-02 04:20:00+00:00,22221.150390625,22241.69921875,22212.69921875,22235.69921875,0,22501.7951171875,22679.9171484375,18.973311924291,-137.1426285221023,-106.3080849040716,-30.83454361803072
2026-04-02 04:25:00+00:00,22206.5,22227.55078125,22205.849609375,22220.80078125,0,22476.66259765625,22667.2721484375,18.38070760443435,-139.17364757072573,-112.88119743740243,-26.2924501333233
2026-04-02 04:30:00+00:00,22215.099609375,22229.80078125,22190.44921875,22206.80078125,0,22454.030078125,22654.7911328125,19.961000261964443,-138.49286861228757,-118.00353167237948,-20.4893369399081
2026-04-02 04:35:00+00:00,22186.400390625,22216.099609375,22184.69921875,22216.099609375,0,22430.217578125,22641.333125,18.66236438948374,-138.6706248430055,-122.13695030650469,-16.533674536500826
2026-04-02 04:40:00+00:00,22234.349609375,22236.650390625,22183.30078125,22186.349609375,0,22409.87509765625,22629.2651171875,27.18584632961553,-133.40459162099796,-124.39047856940334,-9.01411305159462
2026-04-02 04:45:00+00:00,22205.349609375,22234.5,22190.650390625,22234.5,0,22387.2826171875,22616.7441015625,25.448865318949785,-130.0718921835687,-125.52676129223642,-4.545130891332292
2026-04-02 04:50:00+00:00,22191.30078125,22226.5,22189.44921875,22206.55078125,0,22364.4576171875,22603.9141015625,24.627933717850127,-127.09920635301025,-125.84125030439118,-1.2579560486190502
2026-04-02 04:55:00+00:00,22217.650390625,22221.400390625,22188.94921875,22189.75,0,22341.50263671875,22591.677109375,29.238500761773736,-121.21979184783775,-124.9169586130805,3.697166765242727
2026-04-02 05:00:00+00:00,22214.0,22229.0,22208.5,22216.849609375,0,22318.09765625,22579.107109375,28.974075254298413,-115.52319008483757,-123.03820490743192,7.515014822594367
2026-04-02 05:05:00+00:00,22221.349609375,22224.349609375,22206.80078125,22213.400390625,0,22295.5826171875,22566.842109375,30.340044864412008,-109.15724333935214,-120.26201259381595,11.104769254463832
2026-04-02 05:10:00+00:00,22221.400390625,22236.19921875,22215.099609375,22219.94921875,0,22272.59765625,22553.897109375,30.350011968636,-102.92167011038693,-116.79394409713017,13.872273986743252
2026-04-02 05:15:00+00:00,22206.349609375,22225.099609375,22189.44921875,22221.19921875,0,22248.74013671875,22540.5530859375,29.02447885976885,-98.0639850864318,-113.0479522949905,14.98396720855871
2026-04-02 05:20:00+00:00,22226.599609375,22237.44921875,22199.25,22204.849609375,0,22224.91259765625,22527.8440625,33.24865849613515,-91.52518359944588,-108.74339855588156,17.218214956435688
2026-04-02 05:25:00+00:00,22243.69921875,22249.5,22220.30078125,22225.599609375,0,22225.69755859375,22515.4260546875,36.6759295817309,-83.9950975429856,-103.7937383533024,19.798640810316783
2026-04-02 05:30:00+00:00,22234.849609375,22250.19921875,22230.30078125,22242.94921875,0,22224.83251953125,22502.7400390625,35.65560382585846,-77.84420012646297,-98.60383070793452,20.759630581471555
2026-04-02 05:35:00+00:00,22235.69921875,22243.349609375,22222.400390625,22236.30078125,0,22224.33994140625,22489.7880078125,35.840148259084074,-72.07023245538221,-93.29711105742408,21.226878602041864
2026-04-02 05:40:00+00:00,22227.650390625,22235.05078125,22217.94921875,22233.400390625,0,22222.95244140625,22477.481015625,34.82124590274256,-67.36722717940211,-88.11113428181969,20.74390710241758
2026-04-02 05:45:00+00:00,22217.650390625,22230.80078125,22206.05078125,22225.849609375,0,22221.2625,22465.62203125,33.54525975956476,-63.712539545180334,-83.23141533449181,19.51887578931148
2026-04-02 05:50:00+00:00,22212.0,22220.55078125,22206.25,22216.599609375,0,22218.7349609375,22453.703046875,32.813584314910884,-60.57385487254942,-78.69990324210333,18.126048369553917
2026-04-02 05:55:00+00:00,22207.599609375,22222.75,22202.75,22209.0,0,22217.332421875,22442.3200390625,32.22410892378906,-57.77549941112011,-74.51502247590669,16.73952306478658
2026-04-02 06:00:00+00:00,22219.80078125,22224.099609375,22203.69921875,22206.5,0,22217.26494140625,22431.4210546875,35.67466478687814,-53.9513325677035,-70.40228449426606,16.450951926562553
2026-04-02 06:05:00+00:00,22234.400390625,22239.19921875,22218.30078125,22218.900390625,0,22218.6599609375,22422.6060546875,39.63492690872886,-49.17571924944059,-66.15697144530097,16.981252195860378
2026-04-02 06:10:00+00:00,22225.5,22237.25,22221.400390625,22234.75,0,22219.17998046875,22413.0520703125,38.095128618610815,-45.583737477307295,-62.04232465170224,16.458587174394943
2026-04-02 06:15:00+00:00,22242.0,22251.05078125,22223.099609375,22223.150390625,0,22221.9599609375,22403.9330859375,42.55095390041781,-40.93379463614838,-57.82061864859147,16.886824012443093
2026-04-02 06:20:00+00:00,22245.19921875,22256.75,22241.650390625,22243.44921875,0,22222.50244140625,22394.7640625,43.40160625689069,-36.568986702070106,-53.5702922592872,17.001305557217094
2026-04-02 06:25:00+00:00,22277.19921875,22300.599609375,22243.599609375,22247.400390625,0,22226.094921875,22385.89203125,51.18723084277057,-30.17981824428716,-48.89219745628719,18.71237921200003
2026-04-02 06:30:00+00:00,22271.25,22288.75,22260.400390625,22277.55078125,0,22230.0923828125,22376.57203125,49.81525534166065,-25.30471148113793,-44.17470026125734,18.869988780119414
2026-04-02 06:35:00+00:00,22262.400390625,22270.19921875,22244.55078125,22269.5,0,22232.3298828125,22366.7600390625,47.764387023500085,-21.90276235494821,-39.72031267999552,17.817550325047307
2026-04-02 06:40:00+00:00,22267.0,22277.400390625,22259.05078125,22264.30078125,0,22234.9798828125,22357.2590234375,48.94098839841611,-18.62089306258349,-35.50042875651311,16.87953569392962
2026-04-02 06:45:00+00:00,22261.650390625,22272.44921875,22256.900390625,22267.849609375,0,22236.994921875,22348.0240234375,47.59810554690811,-16.26417350374686,-31.65317770595986,15.389004202212998
2026-04-02 06:50:00+00:00,22261.650390625,22266.19921875,22231.25,22261.44921875,0,22239.007421875,22338.5890234375,47.59810554690811,-14.232394094357003,-28.16902098363929,13.936626889282284
2026-04-02 06:55:00+00:00,22295.0,22295.0,22255.69921875,22258.900390625,0,22243.43994140625,22330.306015625,56.27281535150512,-9.817983905017172,-24.49881356791487,14.680829662897697
2026-04-02 07:00:00+00:00,22316.55078125,22319.44921875,22285.150390625,22294.5,0,22247.9375,22323.28203125,60.78994326210531,-4.52836392584868,-20.50472363950163,15.97635971365295
2026-04-02 07:05:00+00:00,22348.599609375,22360.75,22307.69921875,22316.44921875,0,22253.18251953125,22317.001015625,66.35605153403941,2.2241321923138457,-15.958952473138536,18.18308466545238
2026-04-02 07:10:00+00:00,22361.849609375,22368.099609375,22334.30078125,22349.30078125,0,22259.53251953125,22311.4140234375,68.35606565340842,8.546183200076484,-11.057925338495531,19.604108538572014
2026-04-02 07:15:00+00:00,22350.900390625,22367.05078125,22336.650390625,22363.05078125,0,22265.292578125,22305.288046875,64.92153933401008,12.528522713852,-6.340635728026025,18.869158441878024
2026-04-02 07:20:00+00:00,22324.650390625,22362.94921875,22323.55078125,22351.150390625,0,22270.142578125,22298.8250390625,57.46672096964251,13.411797002834646,-2.3901491818538907,15.801946184688536
2026-04-02 07:25:00+00:00,22364.80078125,22371.69921875,22325.19921875,22326.25,0,22277.50009765625,22292.5860546875,64.23203080498632,17.15386019075231,1.5186526926673498,15.63520749808496
2026-04-02 07:30:00+00:00,22373.349609375,22405.19921875,22364.849609375,22365.30078125,0,22285.567578125,22286.4110546875,65.49065768473787,20.57214829164513,5.329351812462907,15.242796479182228
2026-04-02 07:35:00+00:00,22376.80078125,22378.75,22330.900390625,22372.900390625,0,22294.02763671875,22280.5140625,66.01064214585222,23.291160961387504,8.921713642247827,14.369447319139676
2026-04-02 07:40:00+00:00,22369.849609375,22376.900390625,22355.349609375,22376.80078125,0,22301.530078125,22274.2890625,63.92145913711824,24.60150577002787,12.057672067803836,12.543833702224036
2026-04-02 07:45:00+00:00,22389.099609375,22394.650390625,22360.30078125,22368.5,0,22309.2650390625,22268.4010546875,67.03315605698411,26.88338269110318,15.022814192463706,11.860568498639472
2026-04-02 07:50:00+00:00,22439.650390625,22439.650390625,22385.650390625,22388.44921875,0,22319.97255859375,22263.1310546875,73.49741066396274,32.39735561854104,18.497722477679176,13.899633140861866
2026-04-02 07:55:00+00:00,22488.25,22488.25,22421.05078125,22439.75,0,22332.28505859375,22268.3360546875,77.96988139152911,40.22511116005262,22.843200214153867,17.381910945898753
2026-04-02 08:00:00+00:00,22491.80078125,22502.400390625,22458.0,22488.44921875,0,22344.61513671875,22273.1290625,78.25856572329099,46.18281544574347,27.51112326047179,18.67169218527168
2026-04-02 08:05:00+00:00,22517.80078125,22522.650390625,22465.150390625,22491.0,0,22356.64521484375,22278.5740625,80.29477278110225,52.39830666164198,32.488559940705834,19.90974672093615
2026-04-02 08:10:00+00:00,22535.650390625,22543.30078125,22513.400390625,22519.150390625,0,22369.865234375,22284.1790625,81.57085590432699,58.09476227482082,37.60980040752884,20.484961867291982
2026-04-02 08:15:00+00:00,22533.80078125,22560.099609375,22524.5,22537.80078125,0,22383.43525390625,22289.82609375,80.98560601620207,61.74820153984911,42.43748063399289,19.31072090585621
2026-04-02 08:20:00+00:00,22532.05078125,22560.19921875,22519.099609375,22533.55078125,0,22396.68779296875,22295.21609375,80.3978548556731,63.76729838236861,46.70344418366804,17.063854198700568
2026-04-02 08:25:00+00:00,22530.349609375,22538.44921875,22493.80078125,22530.150390625,0,22410.12275390625,22301.110078125,79.7916243395411,64.48681298539304,50.26011794401305,14.226695041379998
2026-04-02 08:30:00+00:00,22560.0,22561.55078125,22519.849609375,22529.44921875,0,22425.040234375,22307.8870703125,82.29717312592938,66.68091612325952,53.544277579862346,13.136638543397176
2026-04-02 08:35:00+00:00,22567.94921875,22571.80078125,22537.30078125,22558.900390625,0,22438.6876953125,22315.1160546875,82.90898516735592,68.27417203044024,56.49025646997793,11.783915560462312
2026-04-02 08:40:00+00:00,22627.25,22628.25,22566.400390625,22566.69921875,0,22454.22265625,22323.3590625,86.62307457540317,73.47494286050642,59.88719374808363,13.587749112422784
2026-04-02 08:45:00+00:00,22651.94921875,22672.599609375,22618.400390625,22625.849609375,0,22469.39013671875,22332.6700390625,87.81117669168664,78.68260762354839,63.64627652317659,15.036331100371804
2026-04-02 08:50:00+00:00,22673.849609375,22675.25,22637.75,22651.55078125,0,22484.99013671875,22341.4600390625,88.76410143014202,83.6130586686777,67.63963295227681,15.973425716400882
2026-04-02 08:55:00+00:00,22665.650390625,22684.30078125,22645.849609375,22672.55078125,0,22500.72763671875,22350.6660546875,86.05165395126335,85.86902356251449,71.28551107432435,14.583512488190138
2026-04-02 09:00:00+00:00,22689.150390625,22706.0,22656.599609375,22665.55078125,0,22518.95263671875,22360.623046875,87.25386967485962,88.532596928766,74.73492824521269,13.797668683553312
2026-04-02 09:05:00+00:00,22629.150390625,22694.5,22620.94921875,22690.349609375,0,22532.1701171875,22368.853046875,70.5373177078584,84.8241988888949,76.75278237394913,8.071416514945767
2026-04-02 09:10:00+00:00,22584.599609375,22639.599609375,22572.849609375,22630.849609375,0,22542.7326171875,22376.2650390625,61.1667450286142,77.39819281618111,76.88186446239553,0.5163283537855818
2026-04-02 09:15:00+00:00,22615.5,22634.94921875,22569.150390625,22584.400390625,0,22554.667578125,22384.148046875,64.6722934141537,73.16305462883247,76.13810249568292,-2.9750478668504456
2026-04-02 09:20:00+00:00,22659.55078125,22663.599609375,22609.900390625,22614.900390625,0,22569.15263671875,22392.9110546875,68.97236055465054,72.5251818509496,75.41551836673625,-2.8903365157866574
2026-04-02 09:25:00+00:00,22656.80078125,22667.150390625,22641.650390625,22659.099609375,0,22582.5376953125,22401.920078125,68.41252666574921,70.97955295829888,74.52832528504878,-3.548772326749898
2026-04-02 09:30:00+00:00,22688.75,22697.349609375,22650.80078125,22658.30078125,0,22594.99267578125,22411.1630859375,71.32462133056077,71.50836198304751,73.92433262464853,-2.415970641601021
2026-04-02 09:35:00+00:00,22746.650390625,22747.05078125,22686.94921875,22689.849609375,0,22607.9126953125,22421.222109375,75.6973298359733,75.72659551972538,74.2847852036639,1.4418103160614777
2026-04-02 09:40:00+00:00,22760.400390625,22761.44921875,22733.5,22747.900390625,0,22621.34267578125,22431.733125,76.60952202676283,79.26536429610132,75.28090102215138,3.9844632739499417
2026-04-02 09:45:00+00:00,22718.150390625,22781.94921875,22715.599609375,22761.94921875,0,22631.36015625,22441.3821484375,68.14547480620547,77.76422457051376,75.77756573182386,1.9866588386899051
2026-04-02 09:50:00+00:00,22689.150390625,22724.349609375,22673.599609375,22717.650390625,0,22639.03515625,22450.6121484375,63.00036816975679,73.38852564510307,75.29975771447971,-1.9112320693766376
2026-04-02 09:55:00+00:00,22700.25,22711.5,22678.5,22690.44921875,0,22647.3576171875,22460.264140625,64.11707600717807,70.00937395117944,74.24168096181967,-4.232307010640227
2026-04-06 03:45:00+00:00,22666.05078125,22785.849609375,22592.30078125,22785.849609375,0,22654.0576171875,22469.34515625,58.280494399211385,63.83592000065255,72.16052876958625,-8.3246087689337
2026-04-06 03:50:00+00:00,22653.55078125,22714.349609375,22646.69921875,22671.30078125,0,22660.21767578125,22478.2641796875,56.26446187366962,57.27454246106208,69.18333150788142,-11.908789046819336
2026-04-06 03:55:00+00:00,22609.05078125,22661.94921875,22602.19921875,22657.25,0,22662.67021484375,22486.0491796875,49.6763807850993,47.93130316410316,64.93292583912577,-17.001622675022617
2026-04-06 04:00:00+00:00,22681.05078125,22684.849609375,22596.5,22604.849609375,0,22668.32529296875,22494.9821875,58.20381826751421,45.808465502221225,61.108033771744864,-15.29956826952364
2026-04-06 04:05:00+00:00,22704.349609375,22746.900390625,22678.19921875,22681.69921875,0,22672.1802734375,22504.5591796875,60.53433571383417,45.481835782775306,57.98279417395096,-12.50095839117565
2026-04-06 04:10:00+00:00,22620.19921875,22714.349609375,22602.19921875,22704.849609375,0,22670.5927734375,22512.1231640625,49.74546504870207,37.99476611474529,53.98518856210983,-15.990422447364535
2026-04-06 04:15:00+00:00,22589.900390625,22636.349609375,22589.900390625,22620.19921875,0,22666.3953125,22519.0171875,46.52987642412717,29.27883901882888,49.043918653453645,-19.76507963462477
2026-04-06 04:20:00+00:00,22573.0,22603.25,22569.0,22591.099609375,0,22661.76279296875,22524.933203125,44.790673812752,20.76827991639584,43.38879090604208,-22.62051098964624
2026-04-06 04:25:00+00:00,22569.30078125,22586.55078125,22568.400390625,22571.099609375,0,22655.7703125,22530.89421875,44.39947808871348,13.568693027980771,37.42477133042982,-23.85607830244905
2026-04-06 04:30:00+00:00,22589.599609375,22591.599609375,22562.849609375,22569.099609375,0,22653.7927734375,22537.438203125,47.12830131601416,9.392641805967289,31.818345425537316,-22.425703619570022
2026-04-06 04:35:00+00:00,22614.94921875,22632.05078125,22586.0,22590.44921875,0,22655.31025390625,22544.3971875,50.40204938433271,8.035959211163572,27.061868182662568,-19.025908971499
2026-04-06 04:40:00+00:00,22654.849609375,22656.80078125,22597.25,22615.849609375,0,22657.277734375,22552.261171875,55.11324130508194,10.064390513398394,23.662372648809736,-13.597982135411344
2026-04-06 04:45:00+00:00,22638.599609375,22679.69921875,22613.30078125,22659.80078125,0,22656.23017578125,22559.80015625,52.90900787935578,10.242627111860202,20.97842354141983,-10.735796429559628
2026-04-06 04:50:00+00:00,22640.55078125,22662.80078125,22637.0,22639.5,0,22655.41767578125,22566.711171875,53.15129263429608,10.421195113656722,18.86697785586721,-8.445782742210486
2026-04-06 04:55:00+00:00,22634.44921875,22645.0,22591.30078125,22638.349609375,0,22652.70263671875,22573.069140625,52.24603580051445,9.955604430007952,17.084703170695356,-7.129098740687404
2026-04-06 05:00:00+00:00,22636.80078125,22640.400390625,22598.849609375,22634.05078125,0,22647.21015625,22578.8331640625,52.581239132561215,9.66496025415836,15.600754587387955,-5.935794333229598
2026-04-06 05:05:00+00:00,22661.0,22661.849609375,22634.44921875,22637.69921875,0,22642.24013671875,22584.816171875,56.00374433855101,11.257527592119004,14.732109188334167,-3.474581596215163
2026-04-06 05:10:00+00:00,22653.5,22662.650390625,22627.30078125,22661.69921875,0,22639.0076171875,22590.8681640625,54.68634507477685,11.77868402394597,14.141424155456528,-2.3627401315105576
2026-04-06 05:15:00+00:00,22657.0,22663.25,22641.150390625,22653.94921875,0,22637.40009765625,22597.51515625,55.215785113245246,12.331969729522823,13.77953327026979,-1.4475635407469645
2026-04-06 05:20:00+00:00,22617.400390625,22669.19921875,22610.25,22657.30078125,0,22633.2576171875,22602.5671484375,48.33473707539344,9.465977215604653,12.916822059336765,-3.45084484373211
2026-04-06 05:25:00+00:00,22635.849609375,22651.30078125,22609.599609375,22618.69921875,0,22631.74755859375,22607.8171484375,51.37507623420018,8.584399650961132,12.050337577661637,-3.465937926700505
2026-04-06 05:30:00+00:00,22590.05078125,22635.80078125,22587.849609375,22635.599609375,0,22628.57255859375,22612.0821484375,44.39141107670314,4.142409290900105,10.468751920309332,-6.326342629409227
2026-04-06 05:35:00+00:00,22588.55078125,22603.30078125,22577.400390625,22590.30078125,0,22627.54755859375,22616.456171875,44.17958756535193,0.4953523502190364,8.474072006291273,-7.978719656072236
2026-04-06 05:40:00+00:00,22567.80078125,22587.400390625,22543.400390625,22587.400390625,0,22621.88505859375,22620.0301953125,41.24745314618769,-4.022944140062464,5.974668777020526,-9.99761291708299
2026-04-06 05:45:00+00:00,22611.94921875,22611.94921875,22558.650390625,22567.44921875,0,22617.2650390625,22623.476171875,49.00263328737642,-3.9952618274401175,3.980682656128397,-7.975944483568514
2026-04-06 05:50:00+00:00,22613.94921875,22635.650390625,22597.099609375,22611.349609375,0,22616.9525390625,22625.99015625,49.32893889189104,-3.76849919700544,2.4308462855016297,-6.19934548250707
2026-04-06 05:55:00+00:00,22629.30078125,22629.55078125,22596.75,22615.05078125,0,22618.92255859375,22628.74015625,51.8743651835513,-2.323264239290438,1.4800241805432164,-3.8032884198336543
2026-04-06 06:00:00+00:00,22610.05078125,22633.099609375,22595.900390625,22629.150390625,0,22620.77509765625,22630.58515625,48.57894044959975,-2.7000942383565416,0.6440004967632649,-3.3440947351198065
2026-04-06 06:05:00+00:00,22618.849609375,22647.94921875,22606.19921875,22610.19921875,0,22623.2525390625,22632.249140625,50.13815448212077,-2.262660293316003,0.0626683387474113,-2.3253286320634143
2026-04-06 06:10:00+00:00,22644.400390625,22650.599609375,22604.900390625,22619.599609375,0,22625.992578125,22634.4611328125,54.45684296749244,0.1440828720951685,0.0789512454169628,0.0651316266782057
2026-04-06 06:15:00+00:00,22645.69921875,22663.30078125,22634.55078125,22644.30078125,0,22627.530078125,22636.7341015625,54.67176676503037,2.131676109987893,0.4894962183311489,1.6421798916567445
2026-04-06 06:20:00+00:00,22668.19921875,22675.25,22644.80078125,22646.19921875,0,22628.19755859375,22639.49109375,58.33952815764325,5.459486468909745,1.4834942684468682,3.9759922004628767
2026-04-06 06:25:00+00:00,22676.400390625,22707.80078125,22665.69921875,22669.0,0,22630.08759765625,22641.8191015625,59.62202097050817,8.658753464147594,2.9185461075870136,5.74020735656058
2026-04-06 06:30:00+00:00,22667.849609375,22684.80078125,22663.75,22678.05078125,0,22631.4525390625,22643.817109375,57.62999984446839,10.384512822642137,4.411739450598039,5.972773372044098
2026-04-06 06:35:00+00:00,22673.599609375,22691.94921875,22664.75,22667.94921875,0,22633.41005859375,22644.7441015625,58.63094341842413,12.076950920352829,5.944781744548997,6.132169175803831
2026-04-06 06:40:00+00:00,22659.599609375,22680.75,22659.400390625,22673.0,0,22634.55,22644.897109375,55.21098000123672,12.14849699781189,7.185524795201577,4.962972202610313
2026-04-06 06:45:00+00:00,22660.19921875,22672.44921875,22653.099609375,22660.349609375,0,22634.5099609375,22644.6241015625,55.33115782516377,12.113939293569274,8.171207694875116,3.9427315986941576
2026-04-06 06:50:00+00:00,22700.80078125,22731.099609375,22659.25,22661.69921875,0,22636.875,22645.327109375,62.64098640816666,15.187684661545063,9.574503088209106,5.613181573335957
2026-04-06 06:55:00+00:00,22713.400390625,22727.94921875,22699.25,22702.0,0,22639.69501953125,22645.812109375,64.57817730316404,18.42790773859815,11.345184018286917,7.082723720311236
2026-04-06 07:00:00+00:00,22650.099609375,22714.900390625,22648.349609375,22713.55078125,0,22641.32998046875,22646.23109375,50.429944914500375,15.706904434427996,12.217528101515132,3.4893763329128653
2026-04-06 07:05:00+00:00,22667.69921875,22682.599609375,22644.44921875,22649.400390625,0,22642.9224609375,22647.8930859375,53.481496913194334,14.800025619941152,12.734027605200335,2.0659980147408152
2026-04-06 07:10:00+00:00,22675.650390625,22684.80078125,22652.650390625,22667.94921875,0,22647.20244140625,22649.09609375,54.83426470399933,14.555128286709078,13.098247741502083,1.4568805452069924
2026-04-06 07:15:00+00:00,22757.0,22757.0,22675.44921875,22676.19921875,0,22655.62490234375,22651.045078125,65.79416748563685,20.686814277349185,14.615961048671508,6.070853228677677
2026-04-06 07:20:00+00:00,22775.25,22785.30078125,22746.55078125,22757.0,0,22665.99736328125,22653.4140625,67.68846128352683,26.71093504748569,17.034955848434343,9.675979199051348
2026-04-06 07:25:00+00:00,22802.44921875,22803.69921875,22774.30078125,22776.150390625,0,22675.52236328125,22655.688046875,70.32601486863128,33.29602791528305,20.28717026180409,13.008857653478962
2026-04-06 07:30:00+00:00,22767.400390625,22814.30078125,22758.44921875,22804.099609375,0,22683.194921875,22656.103046875,63.17022127783306,35.27992888247172,23.285721985937617,11.994206896534106
2026-04-06 07:35:00+00:00,22806.0,22806.94921875,22768.400390625,22769.05078125,0,22692.0298828125,22657.0150390625,67.13622678554303,39.51138789371544,26.530855167493183,12.980532726222254
2026-04-06 07:40:00+00:00,22860.69921875,22864.849609375,22806.19921875,22807.25,0,22704.5623046875,22659.866015625,71.77470563418669,46.73983177268383,30.572650488531316,16.167181284152516
2026-04-06 07:45:00+00:00,22864.19921875,22875.5,22844.849609375,22861.30078125,0,22716.82978515625,22663.3669921875,72.04657779808548,52.14969712774109,34.88805981637327,17.26163731136782
2026-04-06 07:50:00+00:00,22878.400390625,22898.650390625,22863.150390625,22864.400390625,0,22728.52978515625,22666.93,73.17558658101291,56.9267540981964,39.295798672737895,17.630955425458502
2026-04-06 07:55:00+00:00,22860.19921875,22881.150390625,22843.849609375,22878.5,0,22739.25478515625,22670.81296875,69.31166319076543,58.56877927763344,43.150394793717005,15.418384483916434
2026-04-06 08:00:00+00:00,22884.849609375,22893.599609375,22862.94921875,22863.650390625,0,22750.0873046875,22675.4389453125,71.50610116987006,61.15422869283066,46.75116157353974,14.403067119290917
2026-04-06 08:05:00+00:00,22863.400390625,22900.55078125,22863.400390625,22885.69921875,0,22759.4373046875,22680.5259375,67.01556694186982,60.77190262277145,49.555309783386086,11.216592839385363
2026-04-06 08:10:00+00:00,22850.900390625,22877.75,22843.5,22863.44921875,0,22768.58984375,22683.9229296875,64.4744436705127,58.7826511134881,51.40077804940649,7.38187306408161
2026-04-06 08:15:00+00:00,22843.80078125,22874.349609375,22843.80078125,22852.69921875,0,22777.09990234375,22686.711953125,63.01297619580232,55.9878823613326,52.31819891179171,3.669683449540884
2026-04-06 08:20:00+00:00,22882.69921875,22886.75,22843.400390625,22845.80078125,0,22788.2548828125,22691.961953125,67.37629741445235,56.2632194374346,53.10720301692029,3.1560164205143124
2026-04-06 08:25:00+00:00,22862.80078125,22887.400390625,22859.599609375,22883.0,0,22798.3849609375,22697.4199609375,63.26478738396416,54.25042333538295,53.33584708061282,0.9145762547701252
2026-04-06 08:30:00+00:00,22890.55078125,22898.69921875,22861.75,22862.44921875,0,22807.8724609375,22703.7709765625,66.34884760570125,54.26888310345021,53.5224542851803,0.746428818269905
2026-04-06 08:35:00+00:00,22866.05078125,22898.650390625,22865.94921875,22890.69921875,0,22815.50498046875,22709.7059765625,61.44418789704683,51.71048111999698,53.16005965214365,-1.44957853214666
2026-04-06 08:40:00+00:00,22911.400390625,22913.349609375,22865.94921875,22866.900390625,0,22828.57001953125,22716.1419921875,66.39594499942417,52.73437454611485,53.07492263093789,-0.3405480848230411
2026-04-06 08:45:00+00:00,22914.94921875,22928.75,22897.650390625,22911.650390625,0,22840.93251953125,22722.1419921875,66.75576223035333,53.21870611733903,53.10367932821812,0.115026789120904
2026-04-06 08:50:00+00:00,22907.25,22928.5,22907.25,22916.150390625,0,22852.5125,22727.19,65.12648757258378,52.377504500862415,52.95844436274698,-0.5809398618845663
2026-04-06 08:55:00+00:00,22895.44921875,22913.30078125,22881.400390625,22908.0,0,22859.4349609375,22732.3269921875,62.60440545348009,50.18017590389718,52.40279067097703,-2.222614767079847
2026-04-06 09:00:00+00:00,22922.25,22925.849609375,22895.900390625,22896.650390625,0,22866.7849609375,22737.9609765625,65.83990956500207,50.02472236321046,51.92717700942372,-1.9024546462132577
2026-04-06 09:05:00+00:00,22918.0,22939.94921875,22902.650390625,22923.099609375,0,22872.5625,22743.6319921875,64.88124462351217,48.99381463346799,51.34050453423257,-2.3466899007645807
2026-04-06 09:10:00+00:00,22913.80078125,22928.5,22904.150390625,22918.650390625,0,22879.88251953125,22749.1719921875,63.89136128705727,47.29280890921291,50.53096540922864,-3.2381565000157337
2026-04-06 09:15:00+00:00,22922.0,22928.650390625,22911.55078125,22914.30078125,0,22885.68251953125,22754.3919921875,65.01376903918523,46.0752314596175,49.63981861930642,-3.56458715968892
2026-04-06 09:20:00+00:00,22911.150390625,22929.25,22905.30078125,22924.19921875,0,22888.205078125,22759.545,62.256065816572026,43.73071924600663,48.45799874464646,-4.727279498639831
2026-04-06 09:25:00+00:00,22917.150390625,22930.30078125,22886.30078125,22910.599609375,0,22890.85263671875,22764.7480078125,63.18605181646101,41.87412740632863,47.14122447698289,-5.267097070654266
2026-04-06 09:30:00+00:00,22959.650390625,22968.25,22912.44921875,22917.05078125,0,22894.91513671875,22771.5930078125,69.01062859573112,43.33264801733458,46.37950918505324,-3.04686116771866
2026-04-06 09:35:00+00:00,22975.349609375,22977.30078125,22959.75,22960.19921875,0,22900.67265625,22778.3830078125,70.84560230276786,45.23390357561948,46.15038806316649,-0.9164844875470096
2026-04-06 09:40:00+00:00,22989.349609375,22997.650390625,22965.349609375,22974.650390625,0,22905.89765625,22786.368984375,72.41428806103158,47.32481429990367,46.38527331051392,0.9395409893897408
2026-04-06 09:45:00+00:00,22970.900390625,22991.19921875,22967.05078125,22990.30078125,0,22911.27265625,22794.0159765625,67.27700871737063,46.95194554486443,46.49860775738402,0.4533377874804074
2026-04-06 09:50:00+00:00,22969.849609375,22972.94921875,22957.94921875,22970.849609375,0,22917.2201171875,22802.056953125,66.98552860861486,46.04092399267756,46.407071004442734,-0.3661470117651717
2026-04-06 09:55:00+00:00,22959.44921875,22972.19921875,22954.19921875,22969.900390625,0,22923.0025390625,22809.006953125,64.02861668652957,43.97281698321604,45.92022020019739,-1.9474032169813569
2026-04-07 03:45:00+00:00,22773.05078125,22834.80078125,22720.44921875,22834.80078125,0,22917.5201171875,22812.188984375,34.57286648375904,26.98199947456669,42.13257605507125,-15.150576580504564
2026-04-07 03:50:00+00:00,22802.150390625,22825.80078125,22758.75,22773.75,0,22914.48759765625,22815.6459765625,39.26995904031464,15.683954601983714,36.84285176445375,-21.158897162470037
2026-04-07 03:55:00+00:00,22889.849609375,22892.599609375,22801.30078125,22804.650390625,0,22914.4525390625,22821.241953125,50.74629767686279,13.64942459238955,32.204166330040906,-18.554741737651355
2026-04-07 04:00:00+00:00,22858.349609375,22900.650390625,22856.75,22891.44921875,0,22914.06748046875,22826.031953125,47.28957377283373,9.3870500880912,27.640743081650964,-18.253692993559763
2026-04-07 04:05:00+00:00,22851.25,22880.349609375,22837.650390625,22860.19921875,0,22911.0599609375,22830.1689453125,46.520421103997926,5.374257348674291,23.18744593505563,-17.81318858638134
2026-04-07 04:10:00+00:00,22801.80078125,22868.5,22793.0,22854.900390625,0,22905.4025390625,22833.2909765625,41.462082196534894,-1.7755807075445773,18.19484060653559,-19.970421314080166
2026-04-07 04:15:00+00:00,22818.25,22863.0,22803.25,22803.25,0,22900.9525390625,22836.2919921875,43.65678848966947,-6.044882752074045,13.346895934813665,-19.391778686887708
2026-04-07 04:20:00+00:00,22841.400390625,22853.849609375,22811.25,22819.69921875,0,22898.25009765625,22839.5919921875,46.68632037021944,-7.474135155884142,9.1826897166741,-16.656824872558243
2026-04-07 04:25:00+00:00,22886.150390625,22892.650390625,22842.44921875,22843.94921875,0,22896.4451171875,22843.9580078125,52.05310110454764,-4.9389439035294345,6.358362992633395,-11.29730689616283
2026-04-07 04:30:00+00:00,22913.900390625,22923.19921875,22879.30078125,22889.349609375,0,22896.24013671875,22848.7640234375,55.07329218372116,-0.6827234761476575,4.950145698877185,-5.632869175024842
2026-04-07 04:35:00+00:00,22897.5,22928.349609375,22893.75,22914.44921875,0,22895.42509765625,22853.52203125,52.95044186184353,1.351409213126317,4.230398401727011,-2.878989188600694
2026-04-07 04:40:00+00:00,22920.0,22923.55078125,22887.0,22899.5,0,22895.32509765625,22858.718046875,55.48552717448465,4.724574035626574,4.329233528506924,0.3953405071196503
2026-04-07 04:45:00+00:00,22943.19921875,22950.75,22917.44921875,22921.80078125,0,22896.9275390625,22863.566015625,57.99844302095325,9.16417561694834,5.296221946195208,3.867953670753134
2026-04-07 04:50:00+00:00,22926.44921875,22966.400390625,22915.849609375,22945.75,0,22897.39248046875,22867.8269921875,55.55971776353453,11.2018785582477,6.477353268605706,4.724525289641994
2026-04-07 04:55:00+00:00,22943.650390625,22945.69921875,22922.80078125,22928.80078125,0,22896.59248046875,22873.6980078125,57.53446297406355,14.042885985953037,7.990459812075171,6.052426173877864
2026-04-07 05:00:00+00:00,22913.69921875,22947.900390625,22910.44921875,22944.5,0,22893.5099609375,22878.6180078125,53.109149174351565,13.71944634542524,9.136257118745185,4.583189226680055
2026-04-07 05:05:00+00:00,22928.75,22929.94921875,22887.599609375,22915.900390625,0,22890.47998046875,22883.68,54.98294801998244,14.510324375263735,10.211070570048896,4.299253805214839
2026-04-07 05:10:00+00:00,22958.849609375,22965.25,22928.19921875,22930.650390625,0,22889.87744140625,22887.7169921875,58.550275667811086,17.365706777560263,11.641997811551173,5.723708966009092
2026-04-07 05:15:00+00:00,22931.75,22960.94921875,22924.0,22960.30078125,0,22887.9724609375,22890.8469921875,54.37261622767912,17.243137749126618,12.76222579906626,4.4809119500603565
2026-04-07 05:20:00+00:00,22879.19921875,22933.5,22862.400390625,22933.19921875,0,22883.9599609375,22892.3819921875,47.32142160500374,12.75851977529237,12.761484594311485,-0.0029648190191142
2026-04-07 05:25:00+00:00,22843.94921875,22904.05078125,22834.650390625,22881.099609375,0,22887.5048828125,22893.91296875,43.26806705411988,6.287568145933619,11.466701304635912,-5.179133158702292
2026-04-07 05:30:00+00:00,22850.55078125,22864.349609375,22827.75,22845.099609375,0,22889.92490234375,22894.803984375,44.23149254607464,1.672701420411613,9.507901327791052,-7.8351999073794385
2026-04-07 05:35:00+00:00,22864.94921875,22886.69921875,22844.80078125,22853.849609375,0,22888.6798828125,22894.888984375,46.37066725649463,-0.8134037226082,7.443640317711202,-8.257044040319402
2026-04-07 05:40:00+00:00,22862.5,22878.94921875,22848.400390625,22867.599609375,0,22888.88740234375,22894.855,46.04710603346571,-2.9473166127536388,5.365448931618234,-8.312765544371873
2026-04-07 05:45:00+00:00,22893.69921875,22903.150390625,22852.150390625,22866.05078125,0,22891.00986328125,22895.1609765625,50.76043901360548,-2.0967714655707823,3.873004852180431,-5.969776317751213
2026-04-07 05:50:00+00:00,22927.5,22928.19921875,22887.5,22895.0,0,22897.29482421875,22896.5069921875,55.31496498370067,1.28986350975174,3.356376583694693,-2.066513073942953
2026-04-07 05:55:00+00:00,22943.599609375,22947.0,22920.94921875,22928.80078125,0,22903.5623046875,22897.6819921875,57.33906809571896,5.212810024495411,3.727663271854837,1.4851467526405742
2026-04-07 06:00:00+00:00,22943.94921875,22946.400390625,22933.099609375,22943.5,0,22908.68974609375,22899.29296875,57.384211413464975,8.2548274431756,4.63309610611899,3.6217313370566098
2026-04-07 06:05:00+00:00,22944.25,22960.25,22927.599609375,22944.5,0,22911.5947265625,22901.1599609375,57.42595218309609,10.568096261878964,5.820096137270985,4.748000124607978
2026-04-07 06:10:00+00:00,22921.25,22945.05078125,22912.349609375,22945.05078125,0,22911.96220703125,22902.7089453125,53.13976336592943,10.425294381806452,6.741135786178079,3.684158595628373
2026-04-07 06:15:00+00:00,22917.099609375,22928.0,22903.80078125,22922.400390625,0,22912.9421875,22903.396953125,52.380006794642405,9.863520501334278,7.365612729209319,2.497907772124959
2026-04-07 06:20:00+00:00,22942.94921875,22943.099609375,22917.099609375,22918.69921875,0,22914.0896484375,22904.999921875,56.54701328002881,11.373056579293916,8.16710149922624,3.2059550800676764
2026-04-07 06:25:00+00:00,22986.849609375,22991.55078125,22943.44921875,22944.349609375,0,22916.27216796875,22906.9258984375,62.541884462881725,15.92815952123783,9.719313103628558,6.208846417609273
2026-04-07 06:30:00+00:00,22944.400390625,22945.25,22944.099609375,22944.80078125,0,22917.1697265625,22908.492890625,54.68556829428383,15.929192415682335,10.961288966039314,4.967903449643023
2026-04-07 06:35:00+00:00,22949.05078125,22950.30078125,22926.0,22945.849609375,0,22917.43974609375,22909.2458984375,55.34732730685835,16.119443737075926,11.99291992024664,4.126523816829288
2026-04-07 06:40:00+00:00,22942.55078125,22950.5,22906.25,22950.5,0,22918.88232421875,22909.7979296875,54.15683871526587,15.566285157117818,12.707592967620874,2.858692189496944
2026-04-07 06:45:00+00:00,22929.94921875,22947.25,22922.5,22939.94921875,0,22918.94228515625,22910.2519140625,51.82928595512504,13.950252393249684,12.956124852746637,0.9941275405030474
2026-04-07 06:50:00+00:00,22912.75,22932.650390625,22905.69921875,22931.849609375,0,22916.6373046875,22910.5979296875,48.74973433748232,11.15313517206232,12.595526916609774,-1.4423917445474537
2026-04-07 06:55:00+00:00,22924.75,22929.30078125,22909.44921875,22914.94921875,0,22916.2873046875,22910.6479296875,50.94000106553161,9.791825267460808,12.034786586779983,-2.242961319319175
2026-04-07 07:00:00+00:00,22934.849609375,22945.349609375,22920.30078125,22926.19921875,0,22919.06982421875,22910.984921875,52.76949708576839,9.419351015796565,11.5116994725833,-2.092348456786736
2026-04-07 07:05:00+00:00,22946.30078125,22946.30078125,22924.44921875,22937.55078125,0,22924.18740234375,22911.634921875,54.8264221194356,9.933667224428063,11.196093022952256,-1.2624257985241911
2026-04-07 07:10:00+00:00,22946.05078125,22951.900390625,22933.099609375,22947.19921875,0,22928.96240234375,22912.1159375,54.770341074375175,10.203474314101186,10.997569281182042,-0.7940949670808557
2026-04-07 07:15:00+00:00,22942.80078125,22948.849609375,22931.5,22947.19921875,0,22932.85498046875,22912.7489453125,53.99708288788301,10.039323466251515,10.805920118195935,-0.7665966519444201
2026-04-07 07:20:00+00:00,22939.849609375,22952.05078125,22925.25,22944.80078125,0,22936.7224609375,22913.2029296875,53.26173939745168,9.560885889255587,10.556913272407868,-0.9960273831522812
2026-04-07 07:25:00+00:00,22915.900390625,22944.599609375,22912.5,22940.5,0,22937.83251953125,22912.3279296875,47.59698683046484,7.166606680621044,9.878851954050504,-2.71224527342946
2026-04-07 07:30:00+00:00,22937.69921875,22942.19921875,22907.849609375,22917.400390625,0,22938.34248046875,22911.574921875,52.5444141047389,6.948014026500459,9.292684368540495,-2.344670342040036
2026-04-07 07:35:00+00:00,22912.75,22939.69921875,22911.349609375,22939.69921875,0,22936.8,22910.0429296875,47.06730967512103,4.707321260149911,8.37561174686238,-3.668290486712469
2026-04-07 07:40:00+00:00,22938.849609375,22956.05078125,22906.150390625,22914.099609375,0,22936.54501953125,22909.4019140625,52.630053976797775,4.980168173857237,7.696523032261351,-2.716354858404114
2026-04-07 07:45:00+00:00,22967.30078125,22970.69921875,22940.5,22941.650390625,0,22937.69755859375,22909.3509375,57.8323532255704,7.406792222507647,7.63857687031061,-0.2317846478029626
2026-04-07 07:50:00+00:00,22954.25,22969.30078125,22948.55078125,22969.30078125,0,22939.34755859375,22909.246953125,54.85630460040097,8.182497548688843,7.747361005986257,0.4351365427025859
2026-04-07 07:55:00+00:00,22959.94921875,22961.099609375,22933.75,22954.75,0,22941.4900390625,22912.984921875,55.92301022472148,9.15163458430834,8.028215721650675,1.123418862657665
2026-04-07 08:00:00+00:00,23012.80078125,23042.75,22961.80078125,22961.900390625,0,22944.9826171875,22917.1979296875,64.33841966813219,14.022716910403688,9.227115959401278,4.79560095100241
2026-04-07 08:05:00+00:00,23030.19921875,23033.099609375,23003.150390625,23014.150390625,0,22947.15009765625,22920.004921875,66.59919476497159,19.067198454660684,11.19513245845316,7.872065996207525
2026-04-07 08:10:00+00:00,23056.05078125,23062.349609375,23016.55078125,23031.099609375,0,22952.7326171875,22923.9589453125,69.67538574481951,24.864370479877834,13.928980062738097,10.93539041713974
2026-04-07 08:15:00+00:00,23020.75,23063.349609375,23017.75,23057.5,0,22956.317578125,22927.3489453125,61.36435761237727,26.306942987048387,16.404572647600155,9.902370339448233
2026-04-07 08:20:00+00:00,23026.94921875,23044.099609375,22995.05078125,23022.19921875,0,22960.5375,22931.8519140625,62.216697117747394,27.63189396289817,18.65003691065976,8.981857052238418
2026-04-07 08:25:00+00:00,22977.69921875,23032.69921875,22960.05078125,23029.0,0,22962.925,22935.0408984375,52.33807864192795,24.42629265949654,19.805288060427117,4.621004599069426
2026-04-07 08:30:00+00:00,23013.55078125,23020.55078125,22974.099609375,22979.900390625,0,22967.9650390625,22938.48390625,57.6139991102714,24.49637306099612,20.743505060540915,3.752868000455205
2026-04-07 08:35:00+00:00,23015.55078125,23022.650390625,22993.900390625,23016.400390625,0,22972.505078125,22941.0719140625,57.89401143909016,24.43166257144549,21.48113656272183,2.9505260087236564
2026-04-07 08:40:00+00:00,23011.94921875,23018.349609375,22986.05078125,23016.150390625,0,22976.36005859375,22943.032890625,57.16168389658327,23.8152358338084,21.947956416939142,1.8672794168692557
2026-04-07 08:45:00+00:00,22996.599609375,23026.150390625,22994.80078125,23014.55078125,0,22978.875,22945.0148828125,54.02509008943816,21.83641145008733,21.925647423568783,-0.0892359734814576
2026-04-07 08:50:00+00:00,23004.80078125,23011.80078125,22982.150390625,22998.900390625,0,22981.8125,22946.7108984375,55.43223049961255,20.69142700899829,21.67880334065469,-0.9873763316563996
2026-04-07 08:55:00+00:00,23014.099609375,23025.400390625,22999.05078125,23005.94921875,0,22985.37744140625,22948.12890625,57.03783899336872,20.300346547926893,21.40311198210913,-1.1027654341822384
2026-04-07 09:00:00+00:00,23034.19921875,23049.94921875,23012.94921875,23015.0,0,22990.094921875,22950.28390625,60.36194717876717,21.36598913913258,21.39568741351382,-0.0296982743812392
2026-04-07 09:05:00+00:00,23001.30078125,23036.44921875,22989.44921875,23036.05078125,0,22994.36494140625,22951.4369140625,53.11759180645242,19.333030466841592,20.983156024179376,-1.650125557337784
2026-04-07 09:10:00+00:00,23028.599609375,23041.150390625,23003.44921875,23004.25,0,22998.9099609375,22953.734921875,57.658626908651605,19.697621437648195,20.72604910687314,-1.0284276692249463
2026-04-07 09:15:00+00:00,23044.55078125,23055.30078125,23020.69921875,23031.400390625,0,23005.5,22956.0509375,60.09109965080451,21.03125347103924,20.78708997970636,0.2441634913328769
2026-04-07 09:20:00+00:00,23060.05078125,23067.94921875,23045.19921875,23046.400390625,0,23011.56005859375,22958.0749609375,62.354296102563815,23.07291670550694,21.24425532486648,1.8286613806404617
2026-04-07 09:25:00+00:00,23096.69921875,23101.19921875,23064.19921875,23064.599609375,0,23018.02998046875,22961.3739453125,67.10435836699605,27.33309326578092,22.462022913049367,4.87107035273155
2026-04-07 09:30:00+00:00,23118.55078125,23128.75,23076.5,23096.849609375,0,23026.24501953125,22966.1609765625,69.56982982053,32.102494778639084,24.39011728616731,7.712377492471774
2026-04-07 09:35:00+00:00,23127.0,23133.25,23102.150390625,23117.94921875,0,23034.59755859375,22971.8219921875,70.49078401152516,36.14737672143383,26.74156917322061,9.405807548213216
2026-04-07 09:40:00+00:00,23109.25,23130.0,23099.349609375,23125.0,0,23039.42001953125,22976.9959765625,65.97357532475114,37.48855343762625,28.890966026101744,8.597587411524508
2026-04-07 09:45:00+00:00,23123.44921875,23140.5,23106.099609375,23109.400390625,0,23044.08251953125,22982.1659765625,67.75377015240895,39.24481414475304,30.961735649832004,8.283078494921032
2026-04-07 09:50:00+00:00,23135.349609375,23143.5,23123.099609375,23125.349609375,0,23048.0474609375,22987.62296875,69.20780020713057,41.12288643928696,32.993965807722994,8.128920631563965
2026-04-07 09:55:00+00:00,23129.94921875,23151.849609375,23124.150390625,23137.05078125,0,23053.507421875,22992.34796875,67.71558415199345,41.694873327433015,34.734147311665,6.960726015768017
2026-04-08 03:45:00+00:00,23900.0,23909.44921875,23836.900390625,23855.150390625,0,23097.1599609375,23011.79796875,92.51110557886967,103.09640830159697,48.40659950965139,54.68980879194557
2026-04-08 03:50:00+00:00,23862.599609375,23928.099609375,23859.80078125,23899.94921875,0,23141.40498046875,23030.17796875,88.9382904411511,147.04462923375831,68.13420545447278,78.91042377928554
2026-04-08 03:55:00+00:00,23877.75,23893.650390625,23855.19921875,23863.349609375,0,23184.61494140625,23048.853984375,89.12157051504263,181.0098519599924,90.7093347555767,90.30051720441568
2026-04-08 04:00:00+00:00,23879.44921875,23909.349609375,23875.900390625,23877.849609375,0,23227.80986328125,23067.55796875,89.14329758079185,205.69354132430817,113.706176069323,91.98736525498516
2026-04-08 04:05:00+00:00,23913.900390625,23916.19921875,23879.900390625,23879.94921875,0,23272.907421875,23087.4109765625,89.59696173426705,225.43676987812432,136.05229483108326,89.38447504704106
2026-04-08 04:10:00+00:00,23921.05078125,23921.349609375,23899.5,23913.349609375,0,23319.12998046875,23107.49,89.69322701749918,238.90643287039347,156.6231224389453,82.28331043144817
2026-04-08 04:15:00+00:00,23941.55078125,23959.75,23920.150390625,23920.150390625,0,23365.96748046875,23127.46203125,89.97951749803107,248.3723348401727,174.9729649191908,73.39936992098191
2026-04-08 04:20:00+00:00,23921.19921875,23958.5,23912.55078125,23940.94921875,0,23411.3224609375,23146.1490234375,87.38446000337059,251.3346993767227,190.2453118106972,61.08938756602552
2026-04-08 04:25:00+00:00,23897.400390625,23936.599609375,23891.849609375,23922.05078125,0,23454.48251953125,23165.2090234375,84.32188911507703,248.89294513895584,201.9748384763489,46.91810666260693
2026-04-08 04:30:00+00:00,23900.349609375,23923.900390625,23892.849609375,23896.900390625,0,23499.4349609375,23184.235,84.39487774569025,244.37876829866943,210.45562444081304,33.92314385785642
2026-04-08 04:35:00+00:00,23901.849609375,23935.099609375,23893.150390625,23900.400390625,0,23543.0974609375,23203.4209765625,84.43456870529019,238.1767349531583,215.9998465432821,22.1768884098762
2026-04-08 04:40:00+00:00,23880.150390625,23903.400390625,23878.599609375,23902.0,0,23584.87744140625,23222.425,81.21642228435181,228.8723354237336,218.5743443193724,10.297991104361188
2026-04-08 04:45:00+00:00,23904.599609375,23905.05078125,23869.099609375,23880.44921875,0,23627.1048828125,23242.2619921875,82.0467219066798,220.92469699841604,219.04441485518117,1.8802821432348933
2026-04-08 04:50:00+00:00,23893.099609375,23913.0,23877.400390625,23905.25,0,23666.92490234375,23261.628984375,80.24984525553137,211.2628754743237,217.48810697900967,-6.225231504686008
2026-04-08 04:55:00+00:00,23908.75,23915.25,23880.05078125,23892.75,0,23706.43486328125,23281.1069921875,80.86405810794605,202.53398235887653,214.49728205498303,-11.963299696106532
2026-04-08 05:00:00+00:00,23921.5,23928.349609375,23908.05078125,23909.849609375,0,23746.15986328125,23300.6109765625,81.37230781416991,194.4041204324276,210.478649730472,-16.074529298044382
2026-04-08 05:05:00+00:00,23921.55078125,23930.900390625,23904.05078125,23922.05078125,0,23786.77490234375,23320.1209765625,81.37442966455824,185.8231898440972,205.54755775319703,-19.72436790909981
2026-04-08 05:10:00+00:00,23950.5,23952.94921875,23906.650390625,23921.650390625,0,23828.12744140625,23340.2749609375,82.59181310705647,179.29193472681436,200.2964331479205,-21.00449842110615
2026-04-08 05:15:00+00:00,23940.349609375,23955.55078125,23925.150390625,23950.94921875,0,23868.37744140625,23360.2849609375,80.60252784979383,171.3219238047095,194.50153127927837,-23.179607474568822
2026-04-08 05:20:00+00:00,23971.849609375,23971.94921875,23935.150390625,23940.099609375,0,23910.4724609375,23381.4039453125,82.04761703052189,165.6380471699522,188.72883445741311,-23.090787287460927
2026-04-08 05:25:00+00:00,23982.5,23984.05078125,23965.099609375,23970.19921875,0,23914.5974609375,23402.2999609375,82.52173615080675,160.14685820773957,183.0124392074784,-22.865580999738853
2026-04-08 05:30:00+00:00,23992.0,23998.44921875,23981.30078125,23982.150390625,0,23921.06748046875,23423.8849609375,82.95417639849651,154.77744397001516,177.36544015998578,-22.587996189970625
2026-04-08 05:35:00+00:00,23990.0,24000.80078125,23985.69921875,23992.349609375,0,23926.67998046875,23444.90796875,82.49144623769891,148.6472482684403,171.6218017816767,-22.9745535132364
2026-04-08 05:40:00+00:00,23991.75,24004.19921875,23983.5,23990.5,0,23932.29501953125,23465.396953125,82.58299568941072,142.2900037926338,165.75544218386813,-23.46543839123433
2026-04-08 05:45:00+00:00,24001.05078125,24014.0,23991.099609375,23991.599609375,0,23936.6525390625,23486.33296875,83.08909798991039,136.42966085526132,159.8902859181468,-23.46062506288547
2026-04-08 05:50:00+00:00,24002.099609375,24013.5,23998.75,24001.05078125,0,23940.70498046875,23507.1759765625,83.14856434727741,130.3671373119614,153.98565619690973,-23.618518884948315
2026-04-08 05:55:00+00:00,23981.900390625,24004.150390625,23975.5,24001.849609375,0,23942.7224609375,23526.55796875,77.49656688580735,122.52029785710327,147.69258452894846,-25.17228667184517
2026-04-08 06:00:00+00:00,23968.30078125,23982.75,23965.650390625,23982.75,0,23945.0775390625,23545.32,73.85647517925997,113.89137733284588,140.93234308972794,-27.04096575688206
2026-04-08 06:05:00+00:00,23963.75,23981.099609375,23947.099609375,23968.44921875,0,23948.39501953125,23563.473984375,72.62713247515285,105.46989434566422,133.8398533409152,-28.369958995250983
2026-04-08 06:10:00+00:00,23980.55078125,23988.30078125,23954.44921875,23964.05078125,0,23952.405078125,23582.67,74.3261710351473,99.01016350845748,126.87391537442366,-27.86375186596618
2026-04-08 06:15:00+00:00,23986.5,23998.599609375,23979.94921875,23980.55078125,0,23956.63759765625,23601.861015625,74.91981868895671,93.29538143078024,120.15820858569498,-26.86282715491473
2026-04-08 06:20:00+00:00,23948.69921875,23987.400390625,23930.19921875,23985.80078125,0,23960.0650390625,23621.281015625,64.68526324498796,84.73934589777491,113.07443604811095,-28.335090150336057
2026-04-08 06:25:00+00:00,23931.0,23951.44921875,23923.5,23949.349609375,0,23961.38505859375,23639.63,60.51670796814384,75.65830521353928,105.59120988119663,-29.93290466765737
2026-04-08 06:30:00+00:00,23951.400390625,23957.44921875,23920.150390625,23931.19921875,0,23964.30009765625,23658.3469921875,63.441142477916586,69.30870842858349,98.33470959067402,-29.026001162090537
2026-04-08 06:35:00+00:00,23971.0,23971.0,23950.80078125,23951.25,0,23967.41259765625,23677.5280078125,66.04337821814612,65.10761188420292,91.68929004937982,-26.581678165176896
2026-04-08 06:40:00+00:00,23963.30078125,23971.19921875,23957.69921875,23969.599609375,0,23969.50263671875,23696.86203125,64.11282032201268,60.46000469833598,85.44343297917106,-24.983428280835085
2026-04-08 06:45:00+00:00,23963.55078125,23967.349609375,23958.05078125,23963.19921875,0,23971.60263671875,23716.03703125,64.14946637522218,56.14965713449419,79.5846778102357,-23.435020675741512
2026-04-08 06:50:00+00:00,23971.55078125,23973.94921875,23962.80078125,23963.44921875,0,23972.65517578125,23735.1860546875,65.36816967079324,52.77089870545024,74.22192198927861,-21.451023283828377
2026-04-08 06:55:00+00:00,23949.25,23973.44921875,23949.25,23971.05078125,0,23973.1001953125,23753.4870703125,59.31501489139375,47.74336583420154,68.9262107582632,-21.18284492406165
2026-04-08 07:00:00+00:00,23917.099609375,23950.94921875,23902.25,23950.099609375,0,23970.3626953125,23771.803046875,51.85924488394031,40.69562811217838,63.28009422904624,-22.58446611686785
2026-04-08 07:05:00+00:00,23922.69921875,23934.0,23910.599609375,23916.55078125,0,23967.37265625,23789.6850390625,52.968104338930935,35.156820922704355,57.65543956777786,-22.498618645073503
2026-04-08 07:10:00+00:00,23947.099609375,23950.55078125,23916.25,23923.44921875,0,23965.12763671875,23807.736015625,57.55590571004398,32.36312199593522,52.596976053409335,-20.23385405747412
2026-04-08 07:15:00+00:00,23952.400390625,23953.150390625,23932.349609375,23946.349609375,0,23963.24765625,23825.5830078125,58.502921951950825,30.228370378143158,48.1232549183561,-17.89488454021295
2026-04-08 07:20:00+00:00,23953.099609375,23958.849609375,23944.400390625,23952.55078125,0,23961.31513671875,23842.711015625,58.63403357651241,28.267139462455816,44.15203182717605,-15.884892364720235
2026-04-08 07:25:00+00:00,23977.650390625,23979.80078125,23953.25,23953.400390625,0,23960.1451171875,23859.8930078125,63.04863139050868,28.36689677110189,40.99500481596122,-12.628108044859331
2026-04-08 07:30:00+00:00,23967.900390625,23979.19921875,23957.0,23978.80078125,0,23958.43515625,23876.711015625,60.29653096308402,27.34400695000295,38.264805242769576,-10.920798292766628
2026-04-08 07:35:00+00:00,23961.849609375,23969.69921875,23948.80078125,23967.75,0,23957.4326171875,23893.7630078125,58.58736551827024,25.74830152663344,35.761504499542355,-10.013202972908914
2026-04-08 07:40:00+00:00,23974.099609375,23988.599609375,23961.80078125,23962.349609375,0,23957.72255859375,23910.776015625,60.99777318722462,25.181885009445978,33.64558060152308,-8.463695592077102
2026-04-08 07:45:00+00:00,23974.650390625,23991.349609375,23965.19921875,23974.30078125,0,23958.267578125,23927.56203125,61.10738378376541,24.49507530214032,31.81547954164653,-7.32040423950621
2026-04-08 07:50:00+00:00,23984.0,23984.69921875,23969.69921875,23973.900390625,0,23958.4400390625,23944.643046875,63.00789811512751,24.423668156221535,30.33711726456153,-5.9134491083399965
2026-04-08 07:55:00+00:00,23999.44921875,24001.599609375,23983.0,23983.19921875,0,23959.0875,23946.63203125,65.96726357334086,25.32180629652794,29.33405507095482,-4.01224877442688
2026-04-08 08:00:00+00:00,23994.400390625,24000.349609375,23981.25,23999.150390625,0,23961.37255859375,23949.268046875,64.16080444641952,25.334152666604496,28.53407459008476,-3.199921923480261
2026-04-08 08:05:00+00:00,24015.5,24024.5,23994.0,23994.150390625,0,23965.59755859375,23952.023046875,68.09315353682635,26.73827717830136,28.17491510772808,-1.4366379294267198
2026-04-08 08:10:00+00:00,23976.0,24017.5,23975.5,24015.5,0,23966.8275390625,23953.9540625,55.75884181121235,24.3826678677724,27.416465659736943,-3.0337977919645454
2026-04-08 08:15:00+00:00,23976.80078125,23990.05078125,23968.75,23975.400390625,0,23967.117578125,23955.2120703125,55.93311289371678,22.323119842512824,26.39779649629212,-4.074676653779296
2026-04-08 08:20:00+00:00,23963.0,23985.5,23953.099609375,23977.349609375,0,23967.1025390625,23956.0510546875,52.122469696353065,19.354202288901437,24.989077654813983,-5.634875365912549
2026-04-08 08:25:00+00:00,23985.69921875,23988.400390625,23964.05078125,23964.05078125,0,23968.2099609375,23956.9340234375,57.27799416614436,18.618330461551523,23.71492821616149,-5.096597754609967
2026-04-08 08:30:00+00:00,23968.400390625,23986.349609375,23964.55078125,23985.5,0,23968.05244140625,23957.878046875,52.62705521391326,16.449654501819168,22.261873473293026,-5.8122189714738575
2026-04-08 08:35:00+00:00,23965.19921875,23971.650390625,23951.19921875,23967.349609375,0,23968.84990234375,23959.2340234375,51.789010020186346,14.307724816822883,20.671043741999,-6.363318925176113
2026-04-08 08:40:00+00:00,23948.25,23979.94921875,23944.0,23964.30078125,0,23970.407421875,23960.19203125,47.47802612029568,11.114449353455711,18.759724864290337,-7.645275510834626
2026-04-08 08:45:00+00:00,23963.55078125,23966.599609375,23946.75,23948.150390625,0,23972.45,23961.4260546875,51.41019827377068,9.706510108899238,16.94908191321212,-7.242571804312881
2026-04-08 08:50:00+00:00,23976.900390625,23985.400390625,23962.900390625,23965.30078125,0,23973.9400390625,23963.3610546875,54.6035929744935,9.557734410358536,15.470812412641404,-5.9130780022828695
2026-04-08 08:55:00+00:00,23978.94921875,23988.80078125,23973.75,23977.30078125,0,23975.26748046875,23964.848046875,55.09141176895834,9.49569148374212,14.275788226861549,-4.780096743119428
2026-04-08 09:00:00+00:00,23979.0,23988.849609375,23971.900390625,23979.55078125,0,23976.5625,23966.5660546875,55.10428905799313,9.342920270766626,13.289214635642566,-3.946294364875939
2026-04-08 09:05:00+00:00,23978.80078125,23990.55078125,23973.849609375,23977.55078125,0,23976.62001953125,23967.9670703125,55.03761357920732,9.100863605097402,12.451544429533532,-3.3506808244361306
2026-04-08 09:10:00+00:00,23998.900390625,24006.150390625,23977.80078125,23979.19921875,0,23978.17001953125,23969.515078125,60.26193134693053,10.41089216641194,12.043413976909216,-1.6325218104972752
2026-04-08 09:15:00+00:00,23984.30078125,24017.599609375,23978.849609375,23999.0,0,23979.292578125,23970.770078125,55.24104470192906,10.153983970387344,11.665527975604842,-1.5115440052174982
2026-04-08 09:20:00+00:00,23987.5,23990.599609375,23972.55078125,23982.80078125,0,23979.96259765625,23971.510078125,56.104119662865024,10.092196036515816,11.35086158778704,-1.258665551271223
2026-04-08 09:25:00+00:00,24002.19921875,24005.0,23984.150390625,23987.650390625,0,23981.3400390625,23972.7470703125,59.927520181986594,11.101363156289151,11.300961901487463,-0.1995987451983101
2026-04-08 09:30:00+00:00,23992.05078125,24002.650390625,23955.75,24002.650390625,0,23981.742578125,23973.15109375,56.28258602818049,10.955947929254762,11.231959107040923,-0.2760111777861613
2026-04-08 09:35:00+00:00,24000.099609375,24011.5,23992.19921875,23992.25,0,23981.77509765625,23973.5030859375,58.441528650105376,11.359236272128328,11.257414540058404,0.1018217320699239
2026-04-08 09:40:00+00:00,23994.849609375,24008.099609375,23989.25,23999.0,0,23981.79755859375,23973.560078125,56.48219003794768,11.126949517718458,11.231321535590414,-0.104372017871956
2026-04-08 09:45:00+00:00,23992.650390625,23998.099609375,23985.30078125,23994.25,0,23980.655078125,23973.6130859375,55.64065162066177,10.64271937374724,11.11360110322178,-0.4708817294745397
2026-04-08 09:50:00+00:00,24003.80078125,24004.55078125,23991.400390625,23993.0,0,23982.0451171875,23973.8541015625,58.97788659186888,11.0315420814768,11.097189298872786,-0.0656472173959858
2026-04-08 09:55:00+00:00,24010.599609375,24018.25,24000.349609375,24004.19921875,0,23983.73505859375,23974.045078125,60.90899700356667,11.7528163373172,11.228314706561669,0.5245016307555304
2026-04-09 03:45:00+00:00,23935.650390625,23935.650390625,23816.44921875,23908.650390625,0,23982.367578125,23972.71609375,39.072660135326025,6.205126964116062,10.223677158072547,-4.018550193956486
2026-04-09 03:50:00+00:00,23969.400390625,23974.400390625,23926.55078125,23932.0,0,23981.55263671875,23972.46609375,48.09641065745704,4.480240680677525,9.074989862593544,-4.594749181916018
2026-04-09 03:55:00+00:00,23984.19921875,23989.75,23961.19921875,23968.44921875,0,23982.342578125,23972.7840625,51.48916084207582,4.258310472225276,8.11165398451989,-3.8533435122946154
2026-04-09 04:00:00+00:00,23890.94921875,23986.099609375,23890.94921875,23983.599609375,0,23978.630078125,23971.328046875,35.667972227107185,-3.402840665141412,5.80875505458763,-9.211595719729042
2026-04-09 04:05:00+00:00,23891.099609375,23929.349609375,23882.0,23891.80078125,0,23975.77255859375,23969.5390234375,35.702286549729,-9.354391270884662,2.776125789493172,-12.130517060377834
2026-04-09 04:10:00+00:00,23861.150390625,23899.30078125,23856.650390625,23891.30078125,0,23970.6525390625,23967.03203125,32.03744289801968,-16.299795762319263,-1.0390585208693155,-15.260737241449949
2026-04-09 04:15:00+00:00,23817.30078125,23883.05078125,23816.94921875,23863.900390625,0,23962.67255859375,23964.4040625,27.574405796420606,-25.05357386657852,-5.841961590011157,-19.21161227656736
2026-04-09 04:20:00+00:00,23805.05078125,23826.0,23795.19921875,23815.94921875,0,23953.97763671875,23961.885078125,26.46522268621136,-32.60364418910467,-11.19429810982986,-21.40934607927481
2026-04-09 04:25:00+00:00,23786.30078125,23806.599609375,23771.19921875,23805.94921875,0,23944.34267578125,23958.5830859375,24.81955926063368,-39.64311644533518,-16.884061776930924,-22.759054668404257
2026-04-09 04:30:00+00:00,23817.400390625,23826.5,23760.55078125,23785.349609375,0,23936.27265625,23955.51109375,32.33520935420481,-42.225718559813686,-21.95239313350748,-20.273325426306208
2026-04-09 04:35:00+00:00,23824.05078125,23831.349609375,23807.400390625,23815.30078125,0,23927.53017578125,23952.72609375,33.85791675693575,-43.237404513496585,-26.2093954095053,-17.028009103991284
2026-04-09 04:40:00+00:00,23839.0,23853.150390625,23824.0,23824.0,0,23920.26513671875,23950.235078125,37.27496159458817,-42.34477173346386,-29.436470674297016,-12.908301059166842
2026-04-09 04:45:00+00:00,23870.69921875,23870.69921875,23820.849609375,23839.05078125,0,23914.42509765625,23948.218046875,43.89402671594426,-38.63414145869683,-31.27600483117698,-7.358136627519851
2026-04-09 04:50:00+00:00,23864.80078125,23871.349609375,23843.5,23869.94921875,0,23907.55517578125,23946.5290625,42.98506331829298,-35.757208007427835,-32.17224546642715,-3.584962541000685
2026-04-09 04:55:00+00:00,23848.19921875,23867.55078125,23820.19921875,23863.5,0,23900.36259765625,23945.1510546875,40.44633178216563,-34.42005193583827,-32.621806760309376,-1.7982451755288975
2026-04-09 05:00:00+00:00,23858.44921875,23863.599609375,23841.80078125,23848.44921875,0,23893.280078125,23943.8660546875,42.696624407700725,-32.1625074132462,-32.529946890896746,0.3674394776505423
2026-04-09 05:05:00+00:00,23837.599609375,23872.19921875,23832.25,23858.05078125,0,23885.417578125,23941.6760546875,39.43266082982168,-31.69046835094923,-32.362051182907244,0.6715828319580126
2026-04-09 05:10:00+00:00,23807.900390625,23839.5,23803.650390625,23836.80078125,0,23876.180078125,23938.7860546875,35.293790228604635,-33.32866068560543,-32.55537308344688,-0.7732876021585469
2026-04-09 05:15:00+00:00,23824.349609375,23829.25,23807.94921875,23807.94921875,0,23867.20751953125,23936.2110546875,39.10606949362609,-32.92014252118315,-32.62832697099414,-0.291815550189014
2026-04-09 05:20:00+00:00,23825.400390625,23830.400390625,23811.25,23823.75,0,23857.94755859375,23933.1660546875,39.351884154083855,-32.14109710722187,-32.53088099823969,0.3897838910178208
2026-04-09 05:25:00+00:00,23828.75,23843.55078125,23820.849609375,23825.94921875,0,23852.6025390625,23930.383046875,40.180857353006935,-30.897248275970924,-32.20415445378594,1.3069061778150155
2026-04-09 05:30:00+00:00,23849.30078125,23864.099609375,23828.55078125,23828.94921875,0,23846.59755859375,23928.1320703125,45.13572101842193,-27.93123888366972,-31.349571339762697,3.418332456092976
2026-04-09 05:35:00+00:00,23860.650390625,23866.400390625,23828.150390625,23848.69921875,0,23840.4201171875,23925.8630859375,47.71164908728662,-24.38375569017444,-29.956408209845048,5.5726525196706085
2026-04-09 05:40:00+00:00,23855.75,23869.5,23852.0,23860.349609375,0,23838.66015625,23923.485078125,46.69229803974485,-21.71742530990741,-28.308611629857523,6.591186319950111
2026-04-09 05:45:00+00:00,23829.94921875,23863.19921875,23824.150390625,23855.599609375,0,23835.60263671875,23920.4040625,41.6471752983657,-21.43910997995772,-26.934711299877563,5.495601319919842
2026-04-09 05:50:00+00:00,23839.5,23850.5,23814.19921875,23830.30078125,0,23834.5201171875,23917.205078125,44.05688037833196,-20.214850633361493,-25.590739166574348,5.375888533212855
2026-04-09 05:55:00+00:00,23855.25,23863.849609375,23838.30078125,23838.30078125,0,23836.417578125,23914.4220703125,47.87930189160625,-17.76889415800906,-24.02637016486129,6.2574760068522295
2026-04-09 06:00:00+00:00,23855.30078125,23875.5,23844.400390625,23855.0,0,23838.930078125,23911.2180859375,47.89166440029042,-15.646001045890443,-22.35029634106712,6.704295295176678
2026-04-09 06:05:00+00:00,23856.25,23862.099609375,23847.69921875,23852.900390625,0,23842.4275390625,23908.8230859375,48.1392825708821,-13.728742541570682,-20.62598558116784,6.897243039597154
2026-04-09 06:10:00+00:00,23864.80078125,23871.30078125,23845.94921875,23856.150390625,0,23844.79755859375,23906.5830859375,50.42469646058582,-11.388050422327067,-18.77839854939969,7.390348127072617
2026-04-09 06:15:00+00:00,23887.25,23887.599609375,23849.400390625,23864.80078125,0,23847.95751953125,23905.0680859375,55.91725946019083,-7.633575608993851,-16.54943396131852,8.915858352324669
2026-04-09 06:20:00+00:00,23883.650390625,23898.0,23870.5,23886.94921875,0,23850.1900390625,23903.027109375,54.867561982333925,-4.892191524653754,-14.217985473985568,9.325793949331814
2026-04-09 06:25:00+00:00,23886.349609375,23905.400390625,23871.80078125,23884.599609375,0,23850.97255859375,23901.38609375,55.54153136256842,-2.4733097175521834,-11.869050322698891,9.395740605146708
2026-04-09 06:30:00+00:00,23876.55078125,23902.75,23868.900390625,23887.150390625,0,23851.56005859375,23899.613125,52.47781965750271,-1.3316614317336644,-9.761572544505846,8.429911112772182
2026-04-09 06:35:00+00:00,23901.0,23902.69921875,23860.25,23875.75,0,23854.20009765625,23898.668125,58.61228879250058,1.5283330107922666,-7.503591433446224,9.031924444238491
2026-04-09 06:40:00+00:00,23881.25,23907.30078125,23877.099609375,23899.849609375,0,23855.34013671875,23897.022109375,52.69482767070067,2.1761539214785444,-5.56764236246127,7.7437962839398145
2026-04-09 06:45:00+00:00,23875.349609375,23884.05078125,23873.650390625,23881.05078125,0,23857.22763671875,23894.99109375,51.03703388707326,2.188220010521036,-4.016469887864809,6.204689898385845
2026-04-09 06:50:00+00:00,23869.5,23883.849609375,23867.05078125,23875.30078125,0,23860.3076171875,23892.802109375,49.3784747029125,1.7061010132165393,-2.87195570764854,4.578056720865079
2026-04-09 06:55:00+00:00,23872.55078125,23886.900390625,23854.849609375,23868.55078125,0,23862.71767578125,23890.673125,50.28586538878415,1.552296872720035,-1.9871051915748248,3.53940206429486
2026-04-09 07:00:00+00:00,23864.55078125,23885.349609375,23862.55078125,23871.75,0,23864.6751953125,23888.388125,47.8630354594144,0.7759284222192946,-1.4344984688160012,2.210426891035296
2026-04-09 07:05:00+00:00,23855.349609375,23871.44921875,23845.099609375,23864.650390625,0,23866.00517578125,23885.517109375,45.16752433633722,-0.5751765637542121,-1.2626340878036433,0.6874575240494312
2026-04-09 07:10:00+00:00,23852.30078125,23867.55078125,23848.44921875,23854.25,0,23866.15517578125,23882.877109375,44.277707739697135,-1.8703912429227785,-1.3841855188274703,-0.4862057240953081
2026-04-09 07:15:00+00:00,23807.150390625,23855.25,23805.25,23853.30078125,0,23863.48017578125,23879.2701171875,33.69210459561276,-6.465586141210224,-2.400465643304021,-4.065120497906203
2026-04-09 07:20:00+00:00,23831.30078125,23839.400390625,23801.599609375,23807.099609375,0,23862.25771484375,23875.8521484375,41.718304746826206,-8.065601283557044,-3.5334927713546262,-4.532108512202417
2026-04-09 07:25:00+00:00,23830.69921875,23843.599609375,23828.400390625,23830.599609375,0,23862.29521484375,23872.6251171875,41.583282667591966,-9.275246608380256,-4.681843538759753,-4.593403069620504
2026-04-09 07:30:00+00:00,23830.94921875,23842.599609375,23824.349609375,23830.25,0,23861.86767578125,23869.242109375,41.66777758753366,-10.097330590979254,-5.764940949203654,-4.332389641775601
2026-04-09 07:35:00+00:00,23829.599609375,23836.94921875,23816.849609375,23831.150390625,0,23860.58515625,23865.937109375,41.32031358342935,-10.734005335565598,-6.758753826476044,-3.9752515090895546
2026-04-09 07:40:00+00:00,23815.400390625,23831.05078125,23804.69921875,23829.150390625,0,23858.59013671875,23862.392109375,37.75329485545712,-12.243200943597913,-7.855643249900417,-4.387557693697495
2026-04-09 07:45:00+00:00,23803.19921875,23817.30078125,23800.94921875,23815.849609375,0,23855.93759765625,23858.380078125,34.96048714535257,-14.25940835367146,-9.136396270654627,-5.1230120830168335
2026-04-09 07:50:00+00:00,23787.19921875,23804.349609375,23767.80078125,23803.05078125,0,23852.05751953125,23853.9120703125,31.653648038692296,-16.95291093018386,-10.699699202560474,-6.253211727623388
2026-04-09 07:55:00+00:00,23769.30078125,23790.349609375,23767.900390625,23786.599609375,0,23846.16005859375,23850.585078125,28.415673939935715,-20.297804989499127,-12.619320359948205,-7.678484629550923
2026-04-09 08:00:00+00:00,23788.69921875,23792.5,23759.05078125,23769.150390625,0,23841.4125,23846.9710546875,36.05087568546163,-21.139680762586067,-14.32339244047578,-6.816288322110289
2026-04-09 08:05:00+00:00,23773.19921875,23798.94921875,23767.650390625,23789.05078125,0,23835.75498046875,23842.7510546875,33.020248304126255,-22.79482923708565,-16.017679799797754,-6.777149437287896
2026-04-09 08:10:00+00:00,23760.150390625,23776.650390625,23755.849609375,23773.349609375,0,23829.9349609375,23840.135078125,30.68182860996021,-24.872760009275225,-17.788695841693247,-7.084064167581978
2026-04-09 08:15:00+00:00,23762.5,23770.55078125,23740.80078125,23759.849609375,0,23823.0099609375,23837.5630859375,31.62084824448958,-26.029884966013924,-19.436933666557383,-6.592951299456541
2026-04-09 08:20:00+00:00,23770.5,23785.44921875,23753.5,23762.900390625,0,23817.4724609375,23835.750078125,34.856612819417904,-26.00165084418768,-20.74987710208344,-5.251773742104238
2026-04-09 08:25:00+00:00,23767.849609375,23782.30078125,23764.55078125,23770.349609375,0,23812.0974609375,23834.7610546875,34.27788834412888,-25.89464215649423,-21.7788301129656,-4.115812043528628
2026-04-09 08:30:00+00:00,23781.80078125,23790.19921875,23754.94921875,23767.849609375,0,23807.7125,23834.2960546875,39.93141631786266,-24.402793808232676,-22.303622852019014,-2.099170956213655
2026-04-09 08:35:00+00:00,23785.55078125,23800.0,23767.75,23781.75,0,23803.3625,23834.2810546875,41.39083149541676,-22.65672693927263,-22.37424366946974,-0.2824832698028885
2026-04-09 08:40:00+00:00,23753.19921875,23786.94921875,23751.80078125,23785.349609375,0,23797.794921875,23832.99703125,33.76844157557565,-23.61128093721709,-22.621651123019213,-0.989629814197876
2026-04-09 08:45:00+00:00,23746.599609375,23760.94921875,23746.19921875,23753.44921875,0,23792.357421875,23831.4480078125,32.45539084118289,-24.61654101751992,-23.02062910191936,-1.5959119156005634
2026-04-09 08:50:00+00:00,23731.69921875,23758.69921875,23721.900390625,23746.349609375,0,23786.32734375,23829.3019921875,29.65197088721186,-26.31224271413521,-23.678951824362528,-2.633290889772681
2026-04-09 08:55:00+00:00,23720.30078125,23733.80078125,23710.400390625,23731.650390625,0,23781.98486328125,23826.2940234375,27.682121426998705,-28.25020637713169,-24.593202734916364,-3.657003642215326
2026-04-09 09:00:00+00:00,23697.150390625,23722.25,23683.349609375,23720.0,0,23775.27734375,23822.941015625,24.17011096090387,-31.293369110229836,-25.93323600997906,-5.360133100250774
2026-04-09 09:05:00+00:00,23705.849609375,23708.849609375,23690.400390625,23697.19921875,0,23769.03486328125,23820.0940234375,27.8731639401142,-32.62703905371018,-27.27199661872528,-5.355042434984895
2026-04-09 09:10:00+00:00,23729.75,23744.900390625,23702.69921875,23707.25,0,23763.97490234375,23817.5200390625,36.978897387091,-31.393535181177867,-28.0963043312158,-3.297230849962066
2026-04-09 09:15:00+00:00,23737.94921875,23748.349609375,23720.5,23728.80078125,0,23759.3923828125,23815.52703125,39.78729346527104,-29.41528495134844,-28.36010045524233,-1.055184496106108
2026-04-09 09:20:00+00:00,23748.400390625,23751.44921875,23723.5,23737.75,0,23756.0423828125,23814.33703125,43.25827343365532,-26.696445163572207,-28.027369396908306,1.3309242333360984
2026-04-09 09:25:00+00:00,23741.05078125,23752.150390625,23733.099609375,23747.75,0,23752.9349609375,23812.6710546875,41.44876942202027,-24.84836066274147,-27.39156765007494,2.5432069873334697
2026-04-09 09:30:00+00:00,23741.599609375,23806.80078125,23726.900390625,23742.44921875,0,23750.65498046875,23810.9950390625,41.64507140906014,-23.07347784826561,-26.52794968971308,3.4544718414474644
2026-04-09 09:35:00+00:00,23787.75,23800.599609375,23733.400390625,23744.19921875,0,23751.57744140625,23810.1750390625,55.23581109443512,-17.738441885663633,-24.770048128903188,7.031606243239555
2026-04-09 09:40:00+00:00,23793.349609375,23801.25,23778.650390625,23789.099609375,0,23751.8099609375,23809.056015625,56.55784899880793,-12.90973043336271,-22.397984589795094,9.488254156432385
2026-04-09 09:45:00+00:00,23771.25,23794.349609375,23769.099609375,23792.94921875,0,23751.7125,23807.2680078125,50.250264360061294,-10.74236431195095,-20.066860534226265,9.324496222275314
2026-04-09 09:50:00+00:00,23781.400390625,23784.55078125,23765.44921875,23772.849609375,0,23752.775,23805.781015625,52.85116641542548,-8.112147565119812,-17.675917940404975,9.563770375285165
2026-04-09 09:55:00+00:00,23766.05078125,23791.150390625,23758.94921875,23782.19921875,0,23752.9525390625,23804.503046875,48.70447830382953,-7.183460576121433,-15.577426467548268,8.393965891426834
2026-04-10 03:45:00+00:00,23965.69921875,23967.400390625,23867.19921875,23880.55078125,0,23762.7125,23807.02703125,75.56199385801195,9.552377071395313,-10.551465759759552,20.103842831154864
2026-04-10 03:50:00+00:00,23918.650390625,23978.19921875,23917.05078125,23966.25,0,23770.2525390625,23808.2950390625,66.69912902434962,18.80245871607258,-4.680680864593127,23.483139580665707
2026-04-10 03:55:00+00:00,23936.900390625,23944.19921875,23902.19921875,23918.849609375,0,23778.00751953125,23809.92703125,68.25456022455361,27.2912411018915,1.7137035287037992,25.5775375731877
2026-04-10 04:00:00+00:00,23943.599609375,23959.5,23931.19921875,23937.349609375,0,23785.9099609375,23811.6740234375,68.83010163073448,34.165395850304776,8.204041993023996,25.96135385728078
2026-04-10 04:05:00+00:00,23936.55078125,23944.05078125,23921.849609375,23943.19921875,0,23795.0775390625,23813.1090234375,67.44455994533737,38.5994807076022,14.283129735939635,24.31635097166256
2026-04-10 04:10:00+00:00,23948.150390625,23957.94921875,23934.94921875,23937.150390625,0,23805.155078125,23814.32703125,68.5659399072138,42.55892365753607,19.93828852025892,22.620635137277148
2026-04-10 04:15:00+00:00,23974.349609375,23992.099609375,23943.650390625,23948.599609375,0,23817.28759765625,23816.141015625,70.99599878373009,47.26601551395288,25.403833918997712,21.862181594955167
2026-04-10 04:20:00+00:00,23986.849609375,23987.94921875,23971.25,23973.25,0,23830.6150390625,23818.151015625,72.10405979957852,51.41241493975758,30.60555012314969,20.80686481660789
2026-04-10 04:25:00+00:00,23988.05078125,23998.25,23980.75,23986.650390625,0,23845.16005859375,23820.381015625,72.21391306634544,54.170941990578285,35.31862849663541,18.852313493942876
2026-04-10 04:30:00+00:00,23972.349609375,24001.25,23971.849609375,23988.44921875,0,23858.48505859375,23821.8080078125,68.42099919173752,54.46233332537304,39.14736946238294,15.314963862990098
2026-04-10 04:35:00+00:00,23961.55078125,23973.94921875,23916.30078125,23971.650390625,0,23870.07509765625,23823.4140234375,65.85890067921152,53.2085330298396,41.959602175874274,11.248930853965328
2026-04-10 04:40:00+00:00,23994.400390625,23995.900390625,23960.05078125,23960.650390625,0,23882.89765625,23825.7950390625,69.58942065653021,54.24032747174351,44.41574723504812,9.82458023669539
2026-04-10 04:45:00+00:00,24015.05078125,24018.650390625,23994.94921875,23994.94921875,0,23896.23017578125,23828.7060546875,71.68404356724032,56.077914648773,46.74818071779311,9.3297339309799
2026-04-10 04:50:00+00:00,24021.55078125,24023.94921875,24010.849609375,24014.150390625,0,23910.25517578125,23831.6860546875,72.33008264195854,57.39707366611765,48.87795930745801,8.519114358659635
2026-04-10 04:55:00+00:00,24009.099609375,24035.599609375,24002.5,24022.55078125,0,23923.63017578125,23834.57703125,69.07880596960689,56.78324922909451,50.45901729178532,6.324231937309193
2026-04-10 05:00:00+00:00,24019.849609375,24023.900390625,24001.0,24010.0,0,23935.23515625,23837.86703125,70.31929272565836,56.51277994961493,51.66976982335124,4.843010126263685
2026-04-10 05:05:00+00:00,24007.05078125,24026.099609375,24003.55078125,24019.69921875,0,23945.92021484375,23840.96203125,66.8791757216525,54.63586439646679,52.262988737974354,2.3728756584924326
2026-04-10 05:10:00+00:00,24003.849609375,24017.599609375,24003.80078125,24007.400390625,0,23957.5501953125,23844.896015625,66.00935909497775,52.28735144147504,52.267861278674495,0.0194901628005439
2026-04-10 05:15:00+00:00,23994.94921875,24009.05078125,23993.650390625,24003.75,0,23968.22763671875,23848.168984375,63.535154320187296,49.14147849022629,51.64258472098486,-2.501106230758566
2026-04-10 05:20:00+00:00,23985.69921875,23997.349609375,23984.75,23994.650390625,0,23979.21005859375,23851.268984375,60.977074693601296,45.37885462824852,50.3898387024376,-5.010984074189075
2026-04-10 05:25:00+00:00,23998.849609375,24000.0,23972.30078125,23985.30078125,0,23980.867578125,23854.6269921875,63.242882262704846,42.9628260155514,48.90443616506036,-5.941610149508961
2026-04-10 05:30:00+00:00,24001.80078125,24010.400390625,23994.900390625,23999.69921875,0,23985.02509765625,23858.071015625,63.751548823644825,40.81574236867164,47.28669740578262,-6.470955037110983
2026-04-10 05:35:00+00:00,24010.05078125,24011.19921875,23993.94921875,24001.44921875,0,23988.6826171875,23861.9640234375,65.20131736289488,39.326537319200725,45.69466538846624,-6.3681280692655164
2026-04-10 05:40:00+00:00,24013.30078125,24021.349609375,24007.30078125,24010.05078125,0,23992.16767578125,23866.1660546875,65.7819199281992,37.97087481810741,44.14990727439448,-6.179032456287075
2026-04-10 05:45:00+00:00,23992.650390625,24015.349609375,23985.150390625,24012.05078125,0,23994.97265625,23870.275078125,59.04127475662506,34.82870494752933,42.28566680902145,-7.456961861492118
2026-04-10 05:50:00+00:00,23992.30078125,24001.55078125,23990.099609375,23992.80078125,0,23997.18017578125,23874.735078125,58.93117673453262,31.94209356092324,40.21695215940181,-8.274858598478573
2026-04-10 05:55:00+00:00,23972.55078125,24005.25,23971.30078125,23992.599609375,0,23997.090234375,23878.412109375,52.926797417224655,27.7409924054773,37.721760208616914,-9.980767803139614
2026-04-10 06:00:00+00:00,24004.599609375,24007.400390625,23972.150390625,23972.150390625,0,23997.977734375,23883.0401171875,60.04157191758886,26.689996394456102,35.51540744578475,-8.82541105132865
2026-04-10 06:05:00+00:00,23983.849609375,24006.69921875,23980.099609375,24004.30078125,0,23997.76767578125,23887.5141015625,54.31734838313396,23.90713631295148,33.1937532192181,-9.286616906266625
2026-04-10 06:10:00+00:00,23980.150390625,23990.05078125,23970.05078125,23984.30078125,0,23998.15771484375,23891.867109375,53.3410055876478,21.159292459204156,30.78686106721532,-9.627568608011163
2026-04-10 06:15:00+00:00,23963.349609375,23987.099609375,23953.80078125,23980.94921875,0,23998.24765625,23895.7241015625,49.03044506186735,17.425058542914485,28.114500562355158,-10.68944201944067
2026-04-10 06:20:00+00:00,23982.44921875,23988.55078125,23964.05078125,23964.650390625,0,23997.65009765625,23900.01609375,53.619157795824826,15.82441609660964,25.65648366920605,-9.832067572596417
2026-04-10 06:25:00+00:00,23994.150390625,23996.0,23979.0,23982.400390625,0,23996.605078125,23904.2630859375,56.219611899206896,15.323443091998342,23.58987555376451,-8.266432461766168
2026-04-10 06:30:00+00:00,24008.05078125,24008.05078125,23984.94921875,23994.69921875,0,23995.930078125,23908.7130859375,59.1497469865404,15.865179812404676,22.044936405492543,-6.179756593087866
2026-04-10 06:35:00+00:00,24015.05078125,24019.19921875,24002.599609375,24007.55078125,0,23996.22763671875,23913.9501171875,60.580532415295146,16.667222202329867,20.96939356486001,-4.302171362530142
2026-04-10 06:40:00+00:00,24009.05078125,24019.55078125,24008.30078125,24015.05078125,0,23995.6876953125,23919.199140625,58.68325072779301,16.62703065936512,20.100920983761032,-3.4738903243959136
2026-04-10 06:45:00+00:00,24003.900390625,24011.0,23991.150390625,24009.099609375,0,23995.53017578125,23924.6431640625,57.0320816219737,15.99520235608361,19.27977725822555,-3.284574902141941
2026-04-10 06:50:00+00:00,24019.19921875,24020.19921875,23991.75,24003.349609375,0,23996.29765625,23930.6211328125,60.58017291550255,16.53831801042179,18.7314854086648,-2.193167398243009
2026-04-10 06:55:00+00:00,24009.599609375,24032.599609375,23994.75,24019.150390625,0,23997.03017578125,23936.8701171875,57.37848059560586,16.009584307859768,18.187105188503796,-2.1775208806440247
2026-04-10 07:00:00+00:00,23998.25,24016.80078125,23995.30078125,24009.349609375,0,23997.65771484375,23942.718125,53.76082634475663,14.5075069063314,17.451185532069317,-2.943678625737917
2026-04-10 07:05:00+00:00,24014.400390625,24020.44921875,23996.0,23996.0,0,23998.43525390625,23948.4111328125,57.83480652039579,14.453688172583496,16.851686060172153,-2.397997887588655
2026-04-10 07:10:00+00:00,24004.25,24022.0,24003.30078125,24014.30078125,0,23998.55771484375,23953.7371484375,54.57998861692784,13.437090332212392,16.1687669145802,-2.7316765823678075
2026-04-10 07:15:00+00:00,24011.30078125,24018.94921875,24001.099609375,24004.30078125,0,23998.62021484375,23958.99515625,56.4148980924649,13.049936792522203,15.545000890168602,-2.4950640976463987
2026-04-10 07:20:00+00:00,24000.75,24012.25,23986.150390625,24011.349609375,0,23997.99267578125,23964.189140625,52.966624153583794,11.75623637775061,14.787247987685005,-3.031011609934394
2026-04-10 07:25:00+00:00,24004.55078125,24007.650390625,23993.25,24000.599609375,0,23998.5876953125,23969.4481640625,54.05607829599327,10.911875453039102,14.012173480755823,-3.100298027716724
2026-04-10 07:30:00+00:00,24014.05078125,24018.55078125,24003.69921875,24004.900390625,0,23999.6751953125,23973.9741796875,56.75256668362645,10.883822016836348,13.386503187971927,-2.502681171135581
2026-04-10 07:35:00+00:00,24020.349609375,24021.75,24007.349609375,24013.30078125,0,24002.06513671875,23978.5141796875,58.492059012589976,11.240281288850383,12.95725880814762,-1.716977519297238
2026-04-10 07:40:00+00:00,24002.55078125,24021.400390625,23999.349609375,24019.55078125,0,24001.9626953125,23983.1401953125,52.11341914609249,9.971614585570933,12.360129963632286,-2.388515378061353
2026-04-10 07:45:00+00:00,23999.30078125,24010.75,23999.30078125,24003.150390625,0,24002.73525390625,23987.498203125,51.01935503347482,8.60474905353476,11.609053781612785,-3.004304728078022
2026-04-10 07:50:00+00:00,23999.30078125,24004.0,23996.44921875,23999.5,0,24003.6927734375,23992.163203125,51.01935503347482,7.435783191645896,10.774399663619404,-3.338616471973509
2026-04-10 07:55:00+00:00,24007.05078125,24009.900390625,23996.0,23999.150390625,0,24005.87783203125,23992.990234375,53.70714236841537,7.053422095392307,10.030204149973986,-2.97678205458168
2026-04-10 08:00:00+00:00,24004.25,24016.5,24003.599609375,24007.5,0,24006.96787109375,23994.7022265625,52.58412309234488,6.450046412050142,9.31417260238922,-2.8641261903390767
2026-04-10 08:05:00+00:00,24011.599609375,24012.099609375,23999.150390625,24004.099609375,0,24007.84033203125,23996.1962109375,55.22966853432083,6.4901049987529404,8.749359081661964,-2.259254082909024
2026-04-10 08:10:00+00:00,24020.400390625,24025.69921875,24011.5,24011.5,0,24008.4578125,23997.7322265625,58.23469788788001,7.14958524476242,8.429404314282056,-1.279819069519636
2026-04-10 08:15:00+00:00,24012.849609375,24030.25,24009.599609375,24020.69921875,0,24008.34775390625,23999.258203125,54.83403221642013,6.98245376804698,8.14001420503504,-1.15756043698806
2026-04-10 08:20:00+00:00,24018.599609375,24021.849609375,24002.349609375,24012.05078125,0,24008.8251953125,24000.6671875,56.8981689841498,7.230627639361046,7.958136891900242,-0.7275092525391962
2026-04-10 08:25:00+00:00,24040.94921875,24044.55078125,24016.599609375,24018.599609375,0,24010.67763671875,24001.9991796875,63.8194848743672,9.125540364580957,8.191617586436386,0.93392277814457
2026-04-10 08:30:00+00:00,24028.94921875,24047.849609375,24026.69921875,24041.19921875,0,24011.16513671875,24002.841171875,58.39721556989288,9.548898877339523,8.463073844617014,1.0858250327225107
2026-04-10 08:35:00+00:00,24031.55078125,24037.599609375,24025.44921875,24029.19921875,0,24012.2626953125,24003.711171875,59.206418280525234,9.979302710671618,8.766319617827936,1.2129830928436824
2026-04-10 08:40:00+00:00,24020.099609375,24046.5,23998.44921875,24031.849609375,0,24013.35517578125,24004.666171875,54.20835751686143,9.289305647489527,8.870916823760254,0.4183888237292734
2026-04-10 08:45:00+00:00,23994.849609375,24021.80078125,23938.599609375,24020.400390625,0,24012.37763671875,24005.3321484375,45.1563013860739,6.628603610552091,8.42245418111862,-1.79385057056653
2026-04-10 08:50:00+00:00,23956.900390625,24010.599609375,23956.599609375,23995.099609375,0,24010.01015625,24004.5821484375,35.54842348227599,1.4411802498725592,7.026199394869409,-5.58501914499685
2026-04-10 08:55:00+00:00,23964.75,23969.650390625,23947.900390625,23956.599609375,0,24007.6826171875,24003.5761328125,38.464921979610224,-2.0132843731662438,5.218302641262279,-7.231587014428523
2026-04-10 09:00:00+00:00,23964.5,23989.900390625,23959.849609375,23965.349609375,0,24005.8701171875,24002.4351171875,38.40531512681893,-4.716773358479259,3.231287441313972,-7.948060799793231
2026-04-10 09:05:00+00:00,23971.25,23981.0,23947.25,23962.849609375,0,24004.205078125,24001.678125,41.06103514765368,-6.242677567952342,1.3364944394607092,-7.579172007413051
2026-04-10 09:10:00+00:00,23982.69921875,23993.44921875,23969.19921875,23970.44921875,0,24002.6375,24000.9351171875,45.364063478146846,-6.453716947820794,-0.2215478379955915,-6.232169109825203
2026-04-10 09:15:00+00:00,24000.650390625,24005.5,23956.75,23982.900390625,0,24001.6525390625,24000.807109375,51.36012139487777,-5.113512244606682,-1.1999407193178095,-3.913571525288872
2026-04-10 09:20:00+00:00,23994.849609375,24006.150390625,23991.19921875,24000.5,0,24001.26748046875,24000.627109375,49.47076276980027,-4.467961055543128,-1.8535447865628731,-2.614416268980255
2026-04-10 09:25:00+00:00,23993.55078125,24005.650390625,23993.55078125,23995.0,0,24000.97998046875,24000.599140625,49.03580057793857,-4.0148806176111975,-2.2858119527725385,-1.729068664838659
2026-04-10 09:30:00+00:00,24035.099609375,24035.25,23994.19921875,23994.19921875,0,24002.769921875,24001.5871484375,60.883932201920096,-0.29971300962643,-1.8885921641433168,1.5888791545168868
2026-04-10 09:35:00+00:00,24060.80078125,24062.05078125,24035.0,24035.0,0,24005.457421875,24002.826171875,66.1294225775029,4.664682308706688,-0.5779372695733158,5.242619578280004
2026-04-10 09:40:00+00:00,24057.5,24073.80078125,24057.19921875,24060.400390625,0,24008.119921875,24003.94015625,64.92523828586079,8.23769686228843,1.1851895567990334,7.052507305489398
2026-04-10 09:45:00+00:00,24055.099609375,24061.44921875,24045.900390625,24058.099609375,0,24010.294921875,24004.8411328125,64.01236196713143,10.751706199283944,3.098492885296016,7.653213313987928
2026-04-10 09:50:00+00:00,24054.69921875,24061.400390625,24049.650390625,24053.650390625,0,24012.00986328125,24005.6691015625,63.85109204371048,12.566905074996612,4.992175323236135,7.574729751760477
2026-04-10 09:55:00+00:00,24051.80078125,24063.44921875,24046.19921875,24054.55078125,0,24013.957421875,24006.852109375,62.62117599129755,13.614642455399007,6.71666874966871,6.897973705730298
2026-04-13 03:45:00+00:00,23578.55078125,23693.69921875,23556.150390625,23619.05078125,0,23991.95498046875,23998.577109375,14.274175412634634,-23.47177005232152,0.6789809892706646,-24.15075104159218
2026-04-13 03:50:00+00:00,23591.5,23595.099609375,23573.0,23579.599609375,0,23969.48251953125,23990.95609375,16.18107588730315,-51.22760547800499,-9.702336304184469,-41.52526917382052
2026-04-13 03:55:00+00:00,23604.69921875,23609.849609375,23583.0,23590.849609375,0,23948.27001953125,23982.9580859375,18.178961796387924,-71.33691087729676,-22.029251218806927,-49.30765965848983
2026-04-13 04:00:00+00:00,23615.55078125,23618.80078125,23586.900390625,23604.30078125,0,23927.47001953125,23975.592109375,19.86999640939084,-85.4134567214387,-34.70609231933328,-50.70736440210543
2026-04-13 04:05:00+00:00,23592.849609375,23615.650390625,23580.349609375,23615.650390625,0,23906.10751953125,23967.84609375,18.985978273290343,-97.2796364728747,-47.22080115004157,-50.05883532283313
2026-04-13 04:10:00+00:00,23633.5,23644.0,23588.349609375,23591.25,0,23888.0400390625,23961.2491015625,25.38740340037262,-102.22513490094934,-58.221667900223125,-44.00346700072622
2026-04-13 04:15:00+00:00,23631.349609375,23635.400390625,23612.44921875,23634.30078125,0,23871.7625,23954.227109375,25.27363503817918,-105.1063954867568,-67.59861341752986,-37.50778206922695
2026-04-13 04:20:00+00:00,23642.75,23657.05078125,23627.900390625,23632.150390625,0,23855.6625,23947.1991015625,27.137834400044667,-105.25656683048146,-75.13020410012018,-30.12636273036128
2026-04-13 04:25:00+00:00,23669.05078125,23680.400390625,23642.150390625,23643.80078125,0,23840.8900390625,23940.4191015625,31.39027058541208,-102.07664938661036,-80.51949315741822,-21.557156229192145
2026-04-13 04:30:00+00:00,23671.349609375,23679.0,23653.150390625,23668.80078125,0,23825.89501953125,23933.545078125,31.765126748149317,-98.23861211564508,-84.06331694906359,-14.175295166581492
2026-04-13 04:35:00+00:00,23675.44921875,23679.650390625,23657.650390625,23672.44921875,0,23810.53251953125,23926.873046875,32.473680314340825,-93.7850401484684,-86.00766158894456,-7.777378559523839
2026-04-13 04:40:00+00:00,23660.05078125,23682.650390625,23653.849609375,23675.75,0,23793.5025390625,23919.9960546875,31.164656626272063,-90.45536436053226,-86.8972021432621,-3.5581622172701515
2026-04-13 04:45:00+00:00,23673.30078125,23673.30078125,23634.05078125,23655.5,0,23777.42509765625,23913.0780859375,33.643358519781174,-85.75883359379804,-86.6695284333693,0.9106948395712492
2026-04-13 04:50:00+00:00,23707.849609375,23720.94921875,23671.5,23673.099609375,0,23763.1400390625,23907.0430859375,39.73685716134492,-78.34587495354572,-85.00479773740457,6.658922783858856
2026-04-13 04:55:00+00:00,23721.5,23732.05078125,23702.75,23707.900390625,0,23747.46005859375,23901.5080859375,42.00298499736422,-70.55625084134226,-82.11508835819211,11.558837516849849
2026-04-13 05:00:00+00:00,23715.80078125,23728.30078125,23705.75,23721.80078125,0,23730.21005859375,23895.53609375,41.304614108468265,-64.10384768116637,-78.51284022278696,14.408992541620592
2026-04-13 05:05:00+00:00,23729.69921875,23732.0,23701.55078125,23715.150390625,0,23713.82001953125,23890.045078125,43.76036224150082,-57.20931061628653,-74.25213430148688,17.042823685200347
2026-04-13 05:10:00+00:00,23723.55078125,23738.25,23696.30078125,23729.44921875,0,23697.242578125,23884.290078125,42.90515223213904,-51.64612347865477,-69.73093213692046,18.08480865826569
2026-04-13 05:15:00+00:00,23732.099609375,23746.69921875,23721.849609375,23723.19921875,0,23681.11259765625,23878.9170703125,44.528415438853486,-46.01698346651028,-64.98814240283842,18.971158936328138
2026-04-13 05:20:00+00:00,23745.69921875,23753.25,23731.94921875,23731.94921875,0,23665.80751953125,23873.7400390625,47.1048120665778,-39.99740939327603,-59.98999580092594,19.99258640764991
2026-04-13 05:25:00+00:00,23740.0,23757.650390625,23730.349609375,23746.400390625,0,23673.87998046875,23868.2590234375,46.13771120048263,-35.28004647956914,-55.048005936654576,19.76795945708544
2026-04-13 05:30:00+00:00,23736.900390625,23741.44921875,23730.400390625,23737.44921875,0,23681.15,23862.5900390625,45.58950031913313,-31.429317349400662,-50.3242682192038,18.89495086980313
2026-04-13 05:35:00+00:00,23749.69921875,23752.30078125,23736.55078125,23736.55078125,0,23688.4,23857.5330078125,48.32011886747363,-27.033206330332177,-45.66605584142948,18.632849511097294
2026-04-13 05:40:00+00:00,23743.69921875,23751.150390625,23732.349609375,23749.849609375,0,23694.807421875,23852.4209765625,47.12611512433236,-23.75952155663981,-41.28474898447154,17.52522742783173
2026-04-13 05:45:00+00:00,23746.30078125,23752.0,23743.05078125,23743.75,0,23702.47998046875,23847.3609765625,47.72923583275335,-20.71637298401401,-37.17107378438004,16.454700800366027
2026-04-13 05:50:00+00:00,23743.400390625,23762.75,23731.099609375,23746.900390625,0,23707.975,23842.08796875,47.08440320866646,-18.32742594154115,-33.40234421581226,15.074918274271113
2026-04-13 05:55:00+00:00,23740.5,23757.650390625,23740.400390625,23742.150390625,0,23713.43251953125,23836.81296875,46.40917427245275,-16.478254423174803,-30.01752625728477,13.539271834109968
2026-04-13 06:00:00+00:00,23738.099609375,23751.349609375,23729.400390625,23740.650390625,0,23718.2,23831.34296875,45.82347843052193,-15.033171096267324,-27.020655225081285,11.98748412881396
2026-04-13 06:05:00+00:00,23761.05078125,23772.099609375,23738.25,23738.25,0,23722.8,23826.1559765625,52.05404955946674,-11.898802401727153,-23.99628466041046,12.097482258683309
2026-04-13 06:10:00+00:00,23756.150390625,23764.0,23750.75,23760.94921875,0,23727.0400390625,23821.0219921875,50.71299478336342,-9.698415897153607,-21.13671090775909,11.438295010605485
2026-04-13 06:15:00+00:00,23776.94921875,23776.94921875,23754.599609375,23756.75,0,23732.1150390625,23816.188984375,55.90541791437497,-6.204777322094742,-18.150324190626225,11.94554686853148
2026-04-13 06:20:00+00:00,23798.30078125,23799.900390625,23778.5,23778.5,0,23739.0275390625,23811.336015625,60.50534976048141,-1.6936278422399482,-14.858984920948968,13.16535707870902
2026-04-13 06:25:00+00:00,23785.650390625,23810.80078125,23785.19921875,23798.30078125,0,23744.64501953125,23806.4700390625,56.72934206768308,0.8509011629721499,-11.717007704164748,12.567908867136897
2026-04-13 06:30:00+00:00,23788.150390625,23794.900390625,23785.44921875,23785.94921875,0,23748.66005859375,23801.60203125,57.296524889464095,3.0342113389924634,-8.766763895533305,11.800975234525769
2026-04-13 06:35:00+00:00,23798.650390625,23806.55078125,23788.900390625,23788.900390625,0,23752.517578125,23797.173046875,59.68660738999302,5.547810920324992,-5.903848932361647,11.45165985268664
2026-04-13 06:40:00+00:00,23814.599609375,23816.099609375,23795.75,23798.30078125,0,23757.45751953125,23793.568046875,63.06794080042024,8.726234755613405,-2.977832194766637,11.704066950380042
2026-04-13 06:45:00+00:00,23821.0,23822.55078125,23804.349609375,23814.69921875,0,23762.02255859375,23790.8500390625,64.35984405522281,11.62758106097317,-0.0567495436186753,11.684330604591846
2026-04-13 06:50:00+00:00,23804.650390625,23822.599609375,23796.0,23820.0,0,23766.0775390625,23787.648046875,58.71014628685786,12.463965241116966,2.447393413328453,10.016571827788514
2026-04-13 06:55:00+00:00,23835.94921875,23836.5,23804.30078125,23804.400390625,0,23771.27001953125,23785.07703125,65.03745038832899,15.473985115972027,5.052711753857168,10.42127336211486
2026-04-13 07:00:00+00:00,23825.599609375,23841.05078125,23823.0,23837.599609375,0,23775.2650390625,23782.1640234375,61.67199435452344,16.83031122031025,7.408231647147785,9.422079573162463
2026-04-13 07:05:00+00:00,23833.5,23847.099609375,23821.5,23827.099609375,0,23779.9400390625,23779.1800390625,63.23591068994672,18.33139205025509,9.592863727769243,8.738528322485845
2026-04-13 07:10:00+00:00,23841.349609375,23842.900390625,23825.0,23833.80078125,0,23785.1625,23775.9940234375,64.77387524518932,19.924727442092266,11.659236470633848,8.265490971458414
2026-04-13 07:15:00+00:00,23839.75,23842.849609375,23824.30078125,23842.150390625,0,23789.6650390625,23772.89203125,64.18461917935406,20.81840054889108,13.491069286285295,7.327331262605782
2026-04-13 07:20:00+00:00,23822.150390625,23845.69921875,23821.150390625,23840.650390625,0,23793.58759765625,23769.4640234375,57.93934468286227,19.877367613491515,14.76832895172654,5.109038661764975
2026-04-13 07:25:00+00:00,23806.44921875,23825.150390625,23780.900390625,23822.099609375,0,23796.59501953125,23764.891015625,52.98603264254488,17.661053253978025,15.346873812176838,2.314179441801187
2026-04-13 07:30:00+00:00,23784.849609375,23815.0,23771.75,23806.80078125,0,23798.66748046875,23759.3719921875,47.02953095602176,14.000313298471156,15.077561709435702,-1.0772484109645468
2026-04-13 07:35:00+00:00,23811.5,23817.94921875,23785.55078125,23785.55078125,0,23802.21748046875,23754.4519921875,53.9135972301744,13.098621550729147,14.681773677694393,-1.5831521269652438
2026-04-13 07:40:00+00:00,23820.650390625,23822.400390625,23803.400390625,23809.099609375,0,23806.34501953125,23749.7630078125,56.02670186704592,12.972841552629689,14.339987252681452,-1.3671457000517648
2026-04-13 07:45:00+00:00,23835.30078125,23835.30078125,23805.25,23821.25,0,23810.05751953125,23745.3750390625,59.24841557128102,13.895149449530436,14.251019692051251,-0.3558702425208153
2026-04-13 07:50:00+00:00,23825.650390625,23839.80078125,23818.80078125,23835.349609375,0,23813.53251953125,23740.85203125,56.32122903225959,13.689574339412502,14.138730621523502,-0.4491562821109998
2026-04-13 07:55:00+00:00,23823.400390625,23831.25,23815.44921875,23826.099609375,0,23815.855078125,23745.7490234375,55.63112618566112,13.193017494286323,13.949587996076067,-0.7565705017897439
2026-04-13 08:00:00+00:00,23846.0,23853.900390625,23822.900390625,23824.55078125,0,23818.2400390625,23750.8390234375,60.82354725349213,14.456447295178805,14.050959855896616,0.4054874392821901
2026-04-13 08:05:00+00:00,23845.400390625,23856.5,23835.0,23845.94921875,0,23821.2275390625,23755.653046875,60.62084171017256,15.23373602328502,14.287515089374295,0.9462209339107216
2026-04-13 08:10:00+00:00,23835.44921875,23846.849609375,23829.05078125,23846.150390625,0,23823.59248046875,23760.051015625,57.213002343588336,14.875293412558676,14.405070754011174,0.4702226585475024
2026-04-13 08:15:00+00:00,23839.75,23843.349609375,23831.900390625,23835.849609375,0,23825.6474609375,23764.9890234375,58.30396459995553,14.768025558998488,14.477661715008638,0.2903638439898497
2026-04-13 08:20:00+00:00,23881.80078125,23882.55078125,23836.55078125,23839.5,0,23829.00751953125,23769.9550390625,67.12909245196485,17.870165482174343,15.15616246844178,2.7140030137325635
2026-04-13 08:25:00+00:00,23893.69921875,23905.650390625,23878.44921875,23882.44921875,0,23832.64248046875,23775.20203125,69.12065896482227,21.046131484868965,16.334156271727217,4.7119752131417485
2026-04-13 08:30:00+00:00,23887.599609375,23897.30078125,23882.599609375,23893.05078125,0,23836.78994140625,23780.0990234375,66.8834898306119,22.80800345723765,17.628925708829303,5.179077748408343
2026-04-13 08:35:00+00:00,23855.349609375,23888.69921875,23852.599609375,23887.849609375,0,23837.7599609375,23783.825,56.475569744480254,21.35581764120434,18.37430409530431,2.981513545900029
2026-04-13 08:40:00+00:00,23854.5,23854.5,23835.19921875,23854.19921875,0,23839.20498046875,23787.4880078125,56.22733260099793,19.906918973189025,18.680827070881254,1.2260919023077683
2026-04-13 08:45:00+00:00,23855.900390625,23865.25,23834.599609375,23854.75,0,23840.325,23791.09703125,56.56621452816509,18.65659455125933,18.67598056695687,-0.0193860156975382
2026-04-13 08:50:00+00:00,23861.25,23870.349609375,23852.099609375,23856.0,0,23841.32001953125,23795.121015625,57.90686099933719,17.891134346886247,18.519011322942745,-0.6278769760564984
2026-04-13 08:55:00+00:00,23866.05078125,23881.650390625,23860.94921875,23862.05078125,0,23842.63505859375,23798.976015625,59.12615002156266,17.470495547480823,18.30930816785036,-0.8388126203695379
2026-04-13 09:00:00+00:00,23881.05078125,23892.75,23865.44921875,23865.44921875,0,23845.580078125,23802.4400390625,62.75620576109734,18.13842246478453,18.275131027237197,-0.136708562452668
2026-04-13 09:05:00+00:00,23871.44921875,23897.44921875,23871.44921875,23881.900390625,0,23848.830078125,23805.4390234375,59.13582895679227,17.689084750822076,18.15792177195417,-0.4688370211320958
2026-04-13 09:10:00+00:00,23866.349609375,23880.900390625,23855.75,23870.650390625,0,23852.905078125,23808.45,57.2468447317616,16.72864807605947,17.872067032775234,-1.143418956715763
2026-04-13 09:15:00+00:00,23883.900390625,23888.25,23854.599609375,23866.05078125,0,23856.52509765625,23811.5340234375,61.77265183650325,17.185591657642362,17.734771957748663,-0.5491803001063005
2026-04-13 09:20:00+00:00,23881.80078125,23891.75,23870.900390625,23883.69921875,0,23859.5826171875,23814.6990234375,60.94152384192723,17.18025848329853,17.623869262858637,-0.4436107795601067
2026-04-13 09:25:00+00:00,23883.69921875,23897.400390625,23880.5,23882.849609375,0,23862.0025390625,23817.731015625,61.44662291937016,17.131735956583725,17.525442601603658,-0.3937066450199324
2026-04-13 09:30:00+00:00,23838.80078125,23888.19921875,23822.25,23884.94921875,0,23862.66005859375,23819.593046875,46.22244631218969,13.316844535856944,16.683722988454313,-3.366878452597369
2026-04-13 09:35:00+00:00,23842.349609375,23868.099609375,23824.349609375,23837.650390625,0,23863.60751953125,23821.6400390625,47.33318342899703,10.459307979323055,15.438839986628064,-4.979532007305007
2026-04-13 09:40:00+00:00,23845.400390625,23857.25,23826.400390625,23839.349609375,0,23863.5775390625,23823.8100390625,48.321354532066856,8.344670059203054,14.020006001143065,-5.675335941940009
2026-04-13 09:45:00+00:00,23825.599609375,23847.0,23822.44921875,23843.650390625,0,23862.5875,23825.328046875,42.718982765298286,5.013257001453894,12.21865620120523,-7.205399199751335
2026-04-13 09:50:00+00:00,23821.849609375,23832.150390625,23816.80078125,23826.55078125,0,23861.90751953125,23826.8910546875,41.73216409749838,2.0468991128873317,10.184304783541652,-8.13740567065432
2026-04-13 09:55:00+00:00,23818.900390625,23827.80078125,23814.650390625,23822.349609375,0,23860.8650390625,23828.343046875,40.93134780292823,-0.5357622569390514,8.040291375445513,-8.576053632384564
2026-04-15 03:45:00+00:00,24230.849609375,24266.69921875,24166.099609375,24166.099609375,0,23878.31748046875,23838.09203125,84.80188888610753,30.30893659584399,12.494020419525208,17.814916176318782
2026-04-15 03:50:00+00:00,24208.849609375,24234.69921875,24206.75,24231.599609375,0,23894.075,23847.4590234375,81.32797100873296,52.37462445376877,20.47014122637392,31.90448322739485
2026-04-15 03:55:00+00:00,24192.44921875,24212.900390625,24184.099609375,24209.19921875,0,23909.31748046875,23856.546015625,78.73846362963964,67.75740144982046,29.92759327106323,37.82980817875723
2026-04-15 04:00:00+00:00,24168.900390625,24194.69921875,24164.150390625,24193.5,0,23924.99501953125,23864.7030078125,75.04366282153846,77.15873159402327,39.37382093565524,37.78491065836803
2026-04-15 04:05:00+00:00,24151.349609375,24179.849609375,24146.69921875,24168.05078125,0,23939.8375,23872.6069921875,72.31987304607617,82.24508198798503,47.9480731461212,34.29700884186383
2026-04-15 04:10:00+00:00,24207.349609375,24215.94921875,24149.69921875,24151.05078125,0,23957.4099609375,23881.215,75.38931560228419,89.7600849235605,56.31047550160906,33.44960942195144
2026-04-15 04:15:00+00:00,24193.099609375,24225.19921875,24193.099609375,24207.05078125,0,23974.00244140625,23889.1109765625,73.16594460092514,93.48824864888591,63.74603013106445,29.742218517821485
2026-04-15 04:20:00+00:00,24212.650390625,24219.900390625,24186.69921875,24192.400390625,0,23991.332421875,23897.6509765625,74.28641083307758,96.90338797899312,70.37750170065019,26.525886278342934
2026-04-15 04:25:00+00:00,24216.0,24224.55078125,24205.05078125,24213.150390625,0,24008.0798828125,23906.20796875,74.48299875219007,98.741960133877,76.05039338729556,22.691566746581444
2026-04-15 04:30:00+00:00,24231.69921875,24232.94921875,24214.05078125,24216.80078125,0,24026.0923828125,23914.8689453125,75.43108671617448,100.30953172093724,80.9022210540239,19.40731066691333
2026-04-15 04:35:00+00:00,24235.650390625,24247.349609375,24232.900390625,24233.150390625,0,24044.557421875,23923.2899609375,75.67604143915159,100.70975072964576,84.86372698914826,15.846023740497486
2026-04-15 04:40:00+00:00,24241.650390625,24253.349609375,24234.30078125,24236.55078125,0,24062.444921875,23931.70296875,76.06627107608305,100.35425564268373,87.96183271985535,12.39242292282836
2026-04-15 04:45:00+00:00,24260.400390625,24264.25,24241.55078125,24241.55078125,0,24081.37490234375,23940.81796875,77.29228160478694,100.42782210569204,90.4550305970227,9.972791508669332
2026-04-15 04:50:00+00:00,24264.94921875,24272.55078125,24249.849609375,24261.099609375,0,24100.43740234375,23949.39796875,77.59217470962759,99.70385252279812,92.30479498217778,7.399057540620333
2026-04-15 04:55:00+00:00,24260.099609375,24267.099609375,24255.650390625,24264.849609375,0,24121.50234375,23958.08796875,76.43321845810434,97.61355022112548,93.36654602996732,4.247004191158155
2026-04-15 05:00:00+00:00,24259.44921875,24273.150390625,24256.19921875,24260.400390625,0,24142.35732421875,23966.606953125,76.26868751452301,94.81156084407483,93.65554899278884,1.15601185128601
2026-04-15 05:05:00+00:00,24243.599609375,24263.0,24242.44921875,24260.150390625,0,24162.26728515625,23974.651953125,72.19043534440577,90.2714400903278,92.97872721229665,-2.707287121968818
2026-04-15 05:10:00+00:00,24243.099609375,24251.44921875,24235.44921875,24245.75,0,24183.14228515625,23982.7189453125,72.05953060920928,85.645745025824,91.51213077500212,-5.8663857491781215
2026-04-15 05:15:00+00:00,24248.0,24255.75,24239.849609375,24242.5,0,24204.4498046875,23991.2359375,72.58424299663614,81.4365194265556,89.49700850531282,-8.060489078757215
2026-04-15 05:20:00+00:00,24223.400390625,24248.55078125,24208.80078125,24247.55078125,0,24224.6748046875,23999.5749609375,65.89436649913326,75.2482795974829,86.64726272374685,-11.398983126263944
2026-04-15 05:25:00+00:00,24216.099609375,24233.80078125,24216.099609375,24223.5,0,24223.9373046875,24008.1999609375,64.00880257699608,68.96001479296683,83.10981313759085,-14.149798344624015
2026-04-15 05:30:00+00:00,24209.599609375,24216.5,24202.849609375,24216.349609375,0,24223.9748046875,24016.161953125,62.29954868560525,62.72892396557654,79.03363530318799,-16.30471133761145
2026-04-15 05:35:00+00:00,24187.5,24210.25,24184.25,24208.900390625,0,24223.72734375,24023.4989453125,56.750803126330425,55.36922386331207,74.3007530152128,-18.931529151900733
2026-04-15 05:40:00+00:00,24184.25,24192.900390625,24177.599609375,24186.900390625,0,24224.49482421875,24030.4779296875,55.96143031626403,48.71282949415036,69.18316831100032,-20.47033881684996
2026-04-15 05:45:00+00:00,24186.19921875,24207.5,24174.5,24184.5,0,24226.2373046875,24037.68890625,56.35355209045155,43.09806697421664,63.96614804364359,-20.86808106942695
2026-04-15 05:50:00+00:00,24201.650390625,24206.5,24187.0,24187.150390625,0,24225.95234375,24045.25390625,59.43678049320284,39.440462562881294,59.06101094749113,-19.620548384609837
2026-04-15 05:55:00+00:00,24188.05078125,24201.900390625,24178.80078125,24201.25,0,24225.69990234375,24052.094921875,55.70673449108374,35.04048499630517,54.25690575725394,-19.21642076094877
2026-04-15 06:00:00+00:00,24189.0,24196.099609375,24184.650390625,24188.099609375,0,24224.5173828125,24058.9669140625,55.91469330646031,31.26960851256445,49.65944630831604,-18.3898377957516
2026-04-15 06:05:00+00:00,24199.599609375,24202.80078125,24188.75,24189.099609375,0,24223.69736328125,24066.249921875,58.27076393361162,28.80442217473319,45.48844148159947,-16.684019306866283
2026-04-15 06:10:00+00:00,24210.349609375,24211.05078125,24194.05078125,24199.69921875,0,24222.6298828125,24073.6619140625,60.57220678816746,27.402302711478114,41.8712137275752,-14.468911016097088
2026-04-15 06:15:00+00:00,24221.0,24223.05078125,24202.150390625,24210.599609375,0,24221.89736328125,24080.4458984375,62.76335646285231,26.8411029230374,38.86519156666764,-12.024088643630243
2026-04-15 06:20:00+00:00,24222.599609375,24226.25,24215.44921875,24221.44921875,0,24220.94482421875,24087.02390625,63.09508805675717,26.22313913097605,36.33678107952933,-10.113641948553273
2026-04-15 06:25:00+00:00,24217.099609375,24224.30078125,24214.05078125,24221.900390625,0,24218.77978515625,24093.61390625,61.08020328759461,25.00139383371061,34.06970363036558,-9.068309796654972
2026-04-15 06:30:00+00:00,24229.05078125,24232.900390625,24217.44921875,24217.75,0,24216.98486328125,24101.0879296875,63.78639702805653,24.712639646862957,32.198290833665055,-7.485651186802102
2026-04-15 06:35:00+00:00,24224.099609375,24231.75,24220.75,24229.19921875,0,24215.18486328125,24108.479921875,61.867151075278805,23.8098169332734,30.52059605358672,-6.710779120313326
2026-04-15 06:40:00+00:00,24226.849609375,24234.94921875,24224.099609375,24224.349609375,0,24213.5548828125,24115.89890625,62.54131340538442,23.05051347467088,29.02657953780356,-5.976066063132677
2026-04-15 06:45:00+00:00,24217.349609375,24235.650390625,24215.849609375,24227.0,0,24212.2423828125,24123.0208984375,58.681702463214734,21.435098930469398,27.508283416336724,-6.07318448586733
2026-04-15 06:50:00+00:00,24221.55078125,24225.0,24200.400390625,24216.05078125,0,24211.16494140625,24130.1308984375,59.86139896297542,20.26032234107697,26.058691201284777,-5.798368860207805
2026-04-15 06:55:00+00:00,24219.75,24230.80078125,24219.099609375,24222.05078125,0,24209.75244140625,24136.9048828125,59.08271096567048,18.965374402479934,24.64002784152381,-5.6746534390438725
2026-04-15 07:00:00+00:00,24217.599609375,24221.80078125,24213.05078125,24219.80078125,0,24209.46240234375,24143.827890625,58.1106061263799,17.56314329642919,23.22465093250489,-5.661507636075697
2026-04-15 07:05:00+00:00,24232.69921875,24236.650390625,24215.150390625,24217.400390625,0,24210.2923828125,24151.1548828125,62.74573418643017,17.468906644429808,22.073502074889877,-4.604595430460066
2026-04-15 07:10:00+00:00,24228.05078125,24234.150390625,24216.099609375,24232.900390625,0,24211.21494140625,24158.037890625,60.52538544808058,16.825183123419265,21.02383828459575,-4.198655161176486
2026-04-15 07:15:00+00:00,24216.599609375,24234.849609375,24210.0,24228.75,0,24212.669921875,24164.7338671875,55.33101144354641,15.215617558544182,19.86219413938544,-4.646576580841256
2026-04-15 07:20:00+00:00,24214.30078125,24234.80078125,24203.94921875,24216.69921875,0,24214.1724609375,24171.3458984375,54.323102110123735,13.597782264878331,18.60931176448402,-5.011529499605686
2026-04-15 07:25:00+00:00,24207.849609375,24219.099609375,24206.900390625,24213.650390625,0,24215.25498046875,24178.726875,51.48857556079681,11.660663611550262,17.21958213389727,-5.558918522347007
2026-04-15 07:30:00+00:00,24210.80078125,24217.75,24200.19921875,24207.5,0,24215.7125,24186.0958984375,52.704362912089564,10.245514119782456,15.824768531074309,-5.579254411291853
2026-04-15 07:35:00+00:00,24212.900390625,24213.05078125,24203.349609375,24211.150390625,0,24216.95498046875,24193.4458984375,53.5954151570437,9.187510973872122,14.497317019633872,-5.30980604576175
2026-04-15 07:40:00+00:00,24220.55078125,24222.75,24212.0,24212.400390625,0,24218.53251953125,24201.344921875,56.78987478803771,8.864177721672604,13.37068916004162,-4.506511438369016
2026-04-15 07:45:00+00:00,24233.849609375,24233.94921875,24215.94921875,24220.650390625,0,24220.24501953125,24209.584921875,61.72266506111246,9.570712856315367,12.61069389929637,-3.039981042981003
2026-04-15 07:50:00+00:00,24197.75,24238.55078125,24187.75,24233.900390625,0,24219.6150390625,24217.1619140625,46.27861256355665,7.135457152900926,11.515646550017282,-4.380189397116356
2026-04-15 07:55:00+00:00,24196.94921875,24203.900390625,24195.75,24197.25,0,24218.4125,24216.48390625,46.00363023826317,5.082297545919573,10.22897674919774,-5.146679203278167
2026-04-15 08:00:00+00:00,24213.30078125,24222.44921875,24191.5,24196.900390625,0,24217.94755859375,24216.5729296875,52.24364564747029,4.720176941631507,9.127216787684494,-4.407039846052987
2026-04-15 08:05:00+00:00,24195.150390625,24223.30078125,24191.25,24213.19921875,0,24216.85009765625,24216.626953125,45.90248574550115,2.934778618426208,7.888729153832837,-4.953950535406629
2026-04-15 08:10:00+00:00,24215.75,24217.349609375,24192.349609375,24195.80078125,0,24216.18505859375,24217.5639453125,52.89116748235286,3.1457911800935108,6.940141559084973,-3.794350378991462
2026-04-15 08:15:00+00:00,24207.650390625,24221.30078125,24199.05078125,24215.900390625,0,24215.36259765625,24218.6899609375,50.14794598576294,2.6291422548420087,6.077941698236381,-3.448799443394372
2026-04-15 08:20:00+00:00,24201.099609375,24211.599609375,24194.349609375,24206.80078125,0,24214.07509765625,24218.5649609375,47.98046220902837,1.6718291538090853,5.1967191893509215,-3.524890035541836
2026-04-15 08:25:00+00:00,24221.25,24225.19921875,24199.400390625,24200.400390625,0,24214.2701171875,24219.12796875,54.49569906335425,2.5101839062335785,4.659412132727453,-2.1492282264938742
2026-04-15 08:30:00+00:00,24225.150390625,24230.400390625,24221.44921875,24221.80078125,0,24214.45009765625,24219.37796875,55.65349607692297,3.4495507403989905,4.417439854261761,-0.9678891138627704
2026-04-15 08:35:00+00:00,24225.650390625,24230.900390625,24223.55078125,24226.0,0,24214.7451171875,24219.5709765625,55.80872159832784,4.186096827103029,4.371171248830015,-0.1850744217269859
2026-04-15 08:40:00+00:00,24226.599609375,24238.099609375,24219.5,24225.599609375,0,24215.1951171875,24219.468984375,56.12271783696879,4.7911791961487324,4.455172838293758,0.3360063578549743
2026-04-15 08:45:00+00:00,24226.650390625,24231.599609375,24219.19921875,24227.05078125,0,24214.89267578125,24219.288984375,56.140672266592645,5.214697172516026,4.607077705138212,0.6076194673778135
2026-04-15 08:50:00+00:00,24215.05078125,24242.25,24214.44921875,24226.75,0,24214.24267578125,24218.7569921875,51.0063749515007,4.56176153807246,4.598014471725062,-0.0362529336526016
2026-04-15 08:55:00+00:00,24233.349609375,24235.900390625,24214.400390625,24215.05078125,0,24215.08017578125,24218.2159765625,57.59487232774998,5.457951970762224,4.770001971532494,0.6879499992297298
2026-04-15 09:00:00+00:00,24234.650390625,24237.900390625,24229.150390625,24232.900390625,0,24216.09765625,24217.61,58.02697085847157,6.201662614941597,5.056334100214315,1.1453285147272825
2026-04-15 09:05:00+00:00,24224.44921875,24236.55078125,24220.150390625,24235.099609375,0,24216.92763671875,24216.8969921875,53.42894418195355,5.8998989801511925,5.22504707620169,0.6748519039495022
2026-04-15 09:10:00+00:00,24233.150390625,24236.150390625,24223.849609375,24225.099609375,0,24218.0451171875,24216.371015625,56.588721850278255,6.290349740873353,5.438107609136024,0.852242131737329
2026-04-15 09:15:00+00:00,24244.349609375,24245.650390625,24232.349609375,24233.0,0,24219.617578125,24216.386015625,60.32038594871867,7.417958530717442,5.834077793452307,1.583880737265135
2026-04-15 09:20:00+00:00,24250.44921875,24262.75,24236.25,24244.25,0,24221.1125,24216.5330078125,62.22498513452226,8.703456096485752,6.407953454058996,2.295502642426756
2026-04-15 09:25:00+00:00,24261.25,24264.19921875,24240.19921875,24250.5,0,24222.48251953125,24216.7980078125,65.3926707355271,10.473028407595848,7.220968444766367,3.252059962829481
2026-04-15 09:30:00+00:00,24245.44921875,24265.75,24235.650390625,24262.19921875,0,24224.86748046875,24217.238984375,57.76161186204954,10.479633527043916,7.872701461221877,2.606932065822039
2026-04-15 09:35:00+00:00,24239.0,24249.55078125,24229.5,24246.55078125,0,24226.97001953125,24217.6969921875,54.94333301347191,9.850914862483478,8.268344141474197,1.5825707210092812
2026-04-15 09:40:00+00:00,24227.849609375,24242.5,24223.94921875,24241.099609375,0,24227.6974609375,24218.0619921875,50.36757202876833,8.356578025723138,8.285990918323986,0.0705871073991524
2026-04-15 09:45:00+00:00,24223.0,24230.349609375,24221.44921875,24228.69921875,0,24229.08994140625,24218.7719921875,48.47661367475634,6.703706217424042,7.969533978143998,-1.2658277607199562
2026-04-15 09:50:00+00:00,24225.599609375,24229.599609375,24219.30078125,24223.650390625,0,24229.582421875,24219.598984375,49.56958682578845,5.53970191641929,7.483567565799057,-1.9438656493797677
2026-04-15 09:55:00+00:00,24211.900390625,24229.25,24206.5,24224.650390625,0,24229.794921875,24220.1130078125,44.2432951099888,3.4717870576132555,6.681211464161898,-3.209424406548642
2026-04-16 03:45:00+00:00,24390.55078125,24390.55078125,24337.69921875,24380.25,0,24239.26748046875,24223.891015625,77.77772785794622,16.063374530829606,8.55764407749544,7.505730453334166
2026-04-16 03:50:00+00:00,24387.5,24397.55078125,24372.69921875,24390.80078125,0,24247.57998046875,24227.88,76.92685702774497,25.502152827153623,11.946545827427077,13.555606999726546
2026-04-16 03:55:00+00:00,24385.849609375,24400.099609375,24376.0,24388.25,0,24255.61494140625,24231.8169921875,76.43967910260632,32.474929131087265,16.052222488159117,16.422706642928148
2026-04-16 04:00:00+00:00,24358.30078125,24396.05078125,24353.69921875,24385.650390625,0,24262.2474609375,24234.991015625,68.6269078567418,35.37021853153419,19.915821696834133,15.45439683470006
2026-04-16 04:05:00+00:00,24326.80078125,24364.05078125,24305.650390625,24358.150390625,0,24267.25751953125,24237.3200390625,60.95524604544679,34.72270773665514,22.87719890479833,11.845508831856804
2026-04-16 04:10:00+00:00,24301.94921875,24335.349609375,24301.75,24326.25,0,24271.0224609375,24238.9390234375,55.66801172974708,31.837237510048,24.66920662584827,7.16803088419973
2026-04-16 04:15:00+00:00,24327.900390625,24332.69921875,24293.150390625,24302.75,0,24276.66494140625,24241.0450390625,59.60804840253802,31.28390289506933,25.992145879692483,5.291757015376849
2026-04-16 04:20:00+00:00,24316.55078125,24337.05078125,24301.5,24327.150390625,0,24280.825,24243.0340625,57.21314765269915,29.58848496572682,26.71141369689935,2.8770712688274718
2026-04-16 04:25:00+00:00,24271.55078125,24316.849609375,24271.150390625,24316.849609375,0,24282.67001953125,24243.8840625,48.835295044857446,24.33323177361308,26.235777312242096,-1.9025455386290169
2026-04-16 04:30:00+00:00,24303.849609375,24303.849609375,24266.5,24271.650390625,0,24286.6400390625,24245.4790625,54.03762905669317,22.51511106869657,25.49164406353299,-2.976532994836422
2026-04-16 04:35:00+00:00,24308.55078125,24310.900390625,24280.900390625,24303.19921875,0,24290.41005859375,24247.1130859375,54.75868183673058,21.20909732047221,24.63513471492084,-3.4260373944486275
2026-04-16 04:40:00+00:00,24307.599609375,24319.849609375,24295.30078125,24308.44921875,0,24293.57255859375,24248.9180859375,54.57214131736578,19.86829110240069,23.68176599241681,-3.8134748900161206
2026-04-16 04:45:00+00:00,24309.69921875,24328.80078125,24292.849609375,24306.150390625,0,24296.53505859375,24250.6810546875,54.937066507285785,18.758872834932845,22.69718736092002,-3.938314525987174
2026-04-16 04:50:00+00:00,24304.0,24313.0,24300.05078125,24309.150390625,0,24298.67255859375,24252.3660546875,53.67660915410533,17.221255627264327,21.602001014188883,-4.380745386924556
2026-04-16 04:55:00+00:00,24300.75,24317.19921875,24292.5,24303.900390625,0,24301.43759765625,24254.0290625,52.93080650818209,15.561056896156517,20.393812190582413,-4.832755294425898
2026-04-16 05:00:00+00:00,24312.69921875,24321.25,24301.05078125,24301.05078125,0,24305.12255859375,24255.6290625,55.38527735687301,15.036211444195942,19.32229204130512,-4.286080597109176
2026-04-16 05:05:00+00:00,24299.650390625,24325.849609375,24292.44921875,24312.80078125,0,24308.71259765625,24257.0610546875,52.18502865393607,13.412722747427324,18.14037818252956,-4.727655435102236
2026-04-16 05:10:00+00:00,24307.650390625,24317.099609375,24298.099609375,24298.599609375,0,24312.9451171875,24258.8820703125,53.94212841424764,12.626083765659132,17.037519299155473,-4.411435533496341
2026-04-16 05:15:00+00:00,24316.150390625,24327.900390625,24306.900390625,24307.44921875,0,24317.47265625,24260.9190625,55.800627063270746,12.54394685668376,16.13880481066113,-3.594857953977371
2026-04-16 05:20:00+00:00,24314.69921875,24319.099609375,24311.5,24315.099609375,0,24322.61259765625,24263.0560546875,55.38969317731066,12.220880617667715,15.355219972062448,-3.134339354394731
2026-04-16 05:25:00+00:00,24309.55078125,24315.94921875,24302.150390625,24315.25,0,24318.56259765625,24265.0310546875,53.8738571611389,11.417795181201654,14.567735013890289,-3.1499398326886343
2026-04-16 05:30:00+00:00,24324.44921875,24330.69921875,24309.30078125,24309.30078125,0,24315.41005859375,24267.26203125,57.49859430525245,11.846959210393834,14.023579853191,-2.1766206427971646
2026-04-16 05:35:00+00:00,24324.44921875,24333.19921875,24308.599609375,24321.30078125,0,24312.3400390625,24269.34,57.49859430525246,12.048190752237131,13.628502033000226,-1.5803112807630928
2026-04-16 05:40:00+00:00,24313.900390625,24323.44921875,24303.650390625,24323.30078125,0,24310.12001953125,24270.941015625,54.01312288509304,11.227047514341391,13.14821112926846,-1.9211636149270677
2026-04-16 05:45:00+00:00,24319.80078125,24323.05078125,24294.099609375,24313.19921875,0,24309.77001953125,24273.38203125,55.63315662825467,10.92644454288893,12.703857811992556,-1.7774132691036255
2026-04-16 05:50:00+00:00,24297.94921875,24328.94921875,24294.5,24319.94921875,0,24309.57001953125,24275.40203125,48.77961678448631,8.823266920895549,11.927739633773154,-3.1044727128776053
2026-04-16 05:55:00+00:00,24299.150390625,24304.19921875,24282.75,24298.80078125,0,24308.13251953125,24277.1190234375,49.15044751442584,7.170748113960144,10.976341329810552,-3.805593215850408
2026-04-16 06:00:00+00:00,24299.69921875,24304.25,24290.099609375,24300.25,0,24307.28994140625,24279.21,49.33095346030608,5.838102880734368,9.948693639995316,-4.110590759260948
2026-04-16 06:05:00+00:00,24281.150390625,24301.05078125,24266.900390625,24299.849609375,0,24307.769921875,24280.5180078125,43.68656291204952,3.247797928714135,8.60851449773908,-5.3607165690249445
2026-04-16 06:10:00+00:00,24254.69921875,24280.0,24253.69921875,24280.0,0,24305.31240234375,24281.458984375,37.15741939894298,-0.9287202080959104,6.701067556572082,-7.629787764667992
2026-04-16 06:15:00+00:00,24243.599609375,24254.30078125,24216.44921875,24254.30078125,0,24302.06484375,24282.308984375,34.80660945829648,-5.075776245961606,4.345698796065345,-9.421475042026952
2026-04-16 06:20:00+00:00,24237.25,24242.69921875,24218.400390625,24242.69921875,0,24298.54736328125,24282.628984375,33.50088294037472,-8.773572165988298,1.721844603654616,-10.495416769642915
2026-04-16 06:25:00+00:00,24197.19921875,24237.75,24195.150390625,24237.75,0,24292.92236328125,24282.0699609375,26.697689139448727,-14.765656109982956,-1.5756555390728983,-13.190000570910058
2026-04-16 06:30:00+00:00,24159.25,24197.80078125,24157.75,24196.30078125,0,24285.68486328125,24280.741953125,22.11500292276162,-22.31932729277105,-5.724389889812529,-16.59493740295852
2026-04-16 06:35:00+00:00,24171.099609375,24176.900390625,24153.55078125,24159.5,0,24279.20234375,24279.631953125,26.365258942827325,-27.03782644831881,-9.987077201513785,-17.050749246805026
2026-04-16 06:40:00+00:00,24184.80078125,24190.75,24170.5,24171.099609375,0,24272.807421875,24278.7949609375,31.05048815861342,-29.33356191692656,-13.85637414459634,-15.477187772330216
2026-04-16 06:45:00+00:00,24181.400390625,24189.69921875,24159.400390625,24182.94921875,0,24266.894921875,24278.121953125,30.53127134575199,-31.06918568814945,-17.298936453306965,-13.77024923484248
2026-04-16 06:50:00+00:00,24163.19921875,24184.349609375,24152.69921875,24180.80078125,0,24259.67236328125,24276.7189453125,27.847070251229923,-33.526885422717896,-20.544526247189157,-12.982359175528742
2026-04-16 06:55:00+00:00,24162.94921875,24169.400390625,24152.94921875,24161.80078125,0,24252.0123046875,24275.284921875,27.81090340846528,-35.09030389940017,-23.45368177763136,-11.63662212176881
2026-04-16 07:00:00+00:00,24137.900390625,24169.75,24137.849609375,24162.94921875,0,24243.17236328125,24273.5539453125,24.392526399836257,-37.91351202757505,-26.3456478276201,-11.567864199954954
2026-04-16 07:05:00+00:00,24158.80078125,24158.80078125,24132.19921875,24138.05078125,0,24235.63486328125,24272.066953125,31.912618635500493,-38.02609678437875,-28.68173761897183,-9.34435916540692
2026-04-16 07:10:00+00:00,24139.05078125,24169.25,24138.650390625,24158.650390625,0,24226.36494140625,24269.9609765625,28.979395246608192,-39.25645695812637,-30.79668148680274,-8.459775471323624
2026-04-16 07:15:00+00:00,24135.69921875,24153.05078125,24129.75,24140.80078125,0,24216.92744140625,24267.6659765625,28.50065228444126,-40.04040843945768,-32.64542687733373,-7.394981562123945
2026-04-16 07:20:00+00:00,24123.900390625,24157.099609375,24123.599609375,24136.099609375,0,24207.42744140625,24264.918984375,26.820836569571146,-41.13953154802948,-34.34424781147288,-6.795283736556598
2026-04-16 07:25:00+00:00,24144.55078125,24145.25,24117.19921875,24124.05078125,0,24198.66494140625,24262.901015625,34.137591793317696,-39.88451670803988,-35.452301590786284,-4.432215117253598
2026-04-16 07:30:00+00:00,24150.19921875,24154.599609375,24136.80078125,24144.5,0,24191.27744140625,24261.125,36.02187987297764,-37.99613095923996,-35.961067464477026,-2.0350634947629374
2026-04-16 07:35:00+00:00,24122.900390625,24160.19921875,24117.30078125,24149.80078125,0,24182.46494140625,24259.026015625,31.35322029153228,-38.26130640865449,-36.42111525331252,-1.8401911553419692
2026-04-16 07:40:00+00:00,24122.30078125,24125.849609375,24108.099609375,24124.150390625,0,24173.59501953125,24257.01203125,31.257393336986823,-38.08087075467847,-36.75306635358571,-1.327804401092763
2026-04-16 07:45:00+00:00,24137.849609375,24141.94921875,24111.80078125,24122.599609375,0,24166.42998046875,24255.25703125,36.66337285964176,-36.26517139466887,-36.65548736180234,0.3903159671334748
2026-04-16 07:50:00+00:00,24106.849609375,24142.44921875,24103.94921875,24137.849609375,0,24159.0375,24253.156015625,31.36708819622541,-36.90227108247564,-36.704844105937,-0.1974269765386367
2026-04-16 07:55:00+00:00,24116.05078125,24123.19921875,24103.099609375,24107.94921875,0,24152.66005859375,24247.666015625,34.39632486983513,-36.24688794092435,-36.61325287293447,0.3663649320101143
2026-04-16 08:00:00+00:00,24124.05078125,24128.44921875,24115.30078125,24116.099609375,0,24147.00009765625,24242.39703125,36.999919763503,-34.68216453439527,-36.22703520522663,1.544870670831358
2026-04-16 08:05:00+00:00,24124.75,24125.69921875,24118.099609375,24123.849609375,0,24143.37763671875,24237.1750390625,37.2343830272161,-33.00522516137062,-35.582673196455424,2.5774480350848066
2026-04-16 08:10:00+00:00,24137.75,24140.099609375,24122.099609375,24124.69921875,0,24142.30263671875,24232.7640234375,41.587072135193246,-30.27821881314594,-34.52178231979353,4.24356350664759
2026-04-16 08:15:00+00:00,24151.5,24151.5,24137.44921875,24137.849609375,0,24141.32265625,24229.2580078125,45.86339869924988,-26.69975835441801,-32.957377526718425,6.257619172300416
2026-04-16 08:20:00+00:00,24183.44921875,24184.75,24150.55078125,24151.5,0,24141.255078125,24226.8880078125,54.24525572025748,-21.04319486561872,-30.574540994498484,9.531346128879768
2026-04-16 08:25:00+00:00,24183.19921875,24190.5,24165.55078125,24184.25,0,24141.34501953125,24223.993984375,54.17457365796988,-16.391548885894736,-27.737942572777737,11.346393686883
2026-04-16 08:30:00+00:00,24145.30078125,24183.94921875,24138.30078125,24181.900390625,0,24140.45009765625,24220.568984375,44.67186317999094,-15.583535809062596,-25.30706122003471,9.723525410972115
2026-04-16 08:35:00+00:00,24155.94921875,24158.30078125,24132.44921875,24145.400390625,0,24140.10009765625,24218.256953125,47.46047096526442,-13.923438973270096,-23.03033677068179,9.106897797411694
2026-04-16 08:40:00+00:00,24166.69921875,24175.349609375,24153.349609375,24156.30078125,0,24141.5400390625,24215.5139453125,50.18986578735617,-11.60657177743633,-20.7455837720327,9.13901199459637
2026-04-16 08:45:00+00:00,24165.5,24168.849609375,24158.900390625,24166.69921875,0,24141.875,24212.6529296875,49.87857315742909,-9.754757985519973,-18.547418614730155,8.792660629210182
2026-04-16 08:50:00+00:00,24165.05078125,24171.30078125,24153.75,24165.19921875,0,24143.175,24209.801953125,49.75408566983168,-8.228576504832745,-16.483650192750673,8.255073687917928
2026-04-16 08:55:00+00:00,24186.599609375,24186.900390625,24164.0,24164.650390625,0,24145.72001953125,24207.3399609375,55.49254031362722,-5.220082485724561,-14.230936651345452,9.010854165620891
2026-04-16 09:00:00+00:00,24221.19921875,24221.349609375,24186.5,24186.5,0,24150.5849609375,24205.6839453125,62.832444916904365,-0.0434293583784892,-11.393435192752062,11.350005834373572
2026-04-16 09:05:00+00:00,24222.69921875,24228.650390625,24211.0,24221.349609375,0,24154.4923828125,24204.1229296875,63.11642985518618,4.13250604746645,-8.288246944708359,12.420752992174808
2026-04-16 09:10:00+00:00,24219.650390625,24234.55078125,24212.5,24223.099609375,0,24157.96494140625,24202.261953125,62.07819228264081,7.1139448648973485,-5.207808582787218,12.321753447684566
2026-04-16 09:15:00+00:00,24234.599609375,24240.150390625,24218.900390625,24219.5,0,24163.54990234375,24200.9609375,65.10886893014057,10.561289652177948,-2.0539889357941847,12.615278587972131
2026-04-16 09:20:00+00:00,24240.75,24245.0,24226.94921875,24234.5,0,24169.47236328125,24199.6229296875,66.30209400533064,13.632473684632714,1.0833035882911952,12.54917009634152
2026-04-16 09:25:00+00:00,24230.05078125,24241.150390625,24214.599609375,24241.0,0,24174.082421875,24197.9009375,62.310014119585176,15.029817243568688,3.8726063193466937,11.157210924221992
2026-04-16 09:30:00+00:00,24202.94921875,24238.30078125,24187.900390625,24229.44921875,0,24178.88740234375,24195.6659375,53.5195574280842,13.791374108906894,5.856359877258734,7.935014231648159
2026-04-16 09:35:00+00:00,24170.25,24208.150390625,24163.44921875,24202.69921875,0,24181.59736328125,24192.879921875,45.228764905431774,10.055432560562622,6.696174413919512,3.3592581466431097
2026-04-16 09:40:00+00:00,24183.900390625,24202.5,24169.599609375,24169.94921875,0,24184.58984375,24190.0689453125,48.79483357503126,8.10274105476492,6.977487742088594,1.1252533126763256
2026-04-16 09:45:00+00:00,24180.80078125,24203.25,24177.80078125,24184.25,0,24187.3923828125,24187.1959765625,48.03012241082971,6.233253331651213,6.828640860001118,-0.5953875283499057
2026-04-16 09:50:00+00:00,24196.0,24199.30078125,24179.25,24179.75,0,24190.3048828125,24184.83796875,52.002421157631545,5.909994037680008,6.644911495536896,-0.7349174578568887
2026-04-16 09:55:00+00:00,24188.400390625,24199.94921875,24178.849609375,24196.099609375,0,24192.14990234375,24182.2099609375,49.94675687007635,4.983141204367712,6.31255743730306,-1.3294162329353485
2026-04-17 03:45:00+00:00,24207.55078125,24222.599609375,24109.44921875,24173.599609375,0,24193.35498046875,24180.4019921875,54.79602606206002,5.727853009273531,6.195616551697155,-0.4677635424236239
2026-04-17 03:50:00+00:00,24196.900390625,24232.94921875,24195.099609375,24210.55078125,0,24194.0400390625,24178.3569921875,51.79085149039947,5.396438185369334,6.035780878431591,-0.6393426930622574
2026-04-17 03:55:00+00:00,24233.349609375,24234.150390625,24196.44921875,24196.80078125,0,24198.44248046875,24177.03,59.89684968539838,7.982914811258524,6.425207664996978,1.5577071462615466
2026-04-17 04:00:00+00:00,24196.55078125,24234.75,24192.5,24232.599609375,0,24200.47255859375,24175.3380078125,50.63931564669075,6.98286417129566,6.536738966256714,0.4461252050389452
2026-04-17 04:05:00+00:00,24211.849609375,24222.0,24166.900390625,24195.05078125,0,24202.730078125,24174.481015625,53.833962088010345,7.340191250572388,6.697429423119849,0.6427618274525395
2026-04-17 04:10:00+00:00,24191.349609375,24223.44921875,24178.69921875,24211.349609375,0,24204.02255859375,24173.436015625,49.23561862874172,5.901171825495112,6.538177903594902,-0.6370060780997902
2026-04-17 04:15:00+00:00,24219.900390625,24220.349609375,24190.0,24192.75,0,24206.7650390625,24173.0890234375,55.00063172220571,6.984040332055884,6.627350389287099,0.3566899427687842
2026-04-17 04:20:00+00:00,24223.0,24231.94921875,24219.19921875,24219.94921875,0,24208.58505859375,24173.6050390625,55.59027980306566,8.000113666741527,6.901903044777986,1.098210621963541
2026-04-17 04:25:00+00:00,24232.099609375,24237.75,24214.650390625,24223.69921875,0,24209.130078125,24175.06203125,57.35687077199278,9.430907897145516,7.407704015251492,2.023203881894024
2026-04-17 04:30:00+00:00,24255.30078125,24255.30078125,24205.400390625,24231.400390625,0,24210.76015625,24176.7460546875,61.55599261355347,12.29523152755428,8.38520951771205,3.910022009842228
2026-04-17 04:35:00+00:00,24263.30078125,24279.400390625,24255.650390625,24255.650390625,0,24212.94267578125,24178.3160546875,62.91213711520789,15.03741976758829,9.7156515676873,5.321768199900991
2026-04-17 04:40:00+00:00,24272.94921875,24274.099609375,24255.150390625,24264.599609375,0,24214.86015625,24180.14703125,64.53695618816148,17.7841671662718,11.3293546874042,6.4548124788676
2026-04-17 04:45:00+00:00,24280.44921875,24289.150390625,24273.44921875,24273.44921875,0,24216.8451171875,24182.49203125,65.79152886092568,20.33179926306184,13.129843602535727,7.20195566052611
2026-04-17 04:50:00+00:00,24286.599609375,24291.400390625,24280.0,24280.0,0,24219.67255859375,24184.9650390625,66.82790830791305,22.586735351567768,15.021221952342138,7.56551339922563
2026-04-17 04:55:00+00:00,24285.849609375,24303.849609375,24285.80078125,24286.44921875,0,24223.817578125,24187.9240234375,66.56308159280061,24.036195416902046,16.82421664525412,7.211978771647928
2026-04-17 05:00:00+00:00,24265.0,24296.30078125,24260.05078125,24285.900390625,0,24228.555078125,24190.0480078125,59.50366248838803,23.234678818040265,18.10630907981135,5.128369738228916
2026-04-17 05:05:00+00:00,24252.849609375,24278.69921875,24252.0,24265.400390625,0,24232.0025390625,24192.323984375,55.79026875103781,21.37266537798496,18.759580339446075,2.613085038538884
2026-04-17 05:10:00+00:00,24260.400390625,24265.5,24244.05078125,24253.0,0,24235.98251953125,24194.8180078125,57.56266858655222,20.27260132520678,19.062184536598217,1.210416788608562
2026-04-17 05:15:00+00:00,24263.849609375,24270.0,24256.849609375,24260.44921875,0,24239.375,24197.6169921875,58.38344243888631,19.454852337130436,19.14071809670466,0.3141342404257727
2026-04-17 05:20:00+00:00,24256.349609375,24265.55078125,24252.80078125,24264.099609375,0,24242.7724609375,24199.85296875,55.853832087578105,17.994167490775,18.911407975518728,-0.9172404847437292
2026-04-17 05:25:00+00:00,24254.94921875,24263.80078125,24253.900390625,24256.349609375,0,24245.1423828125,24201.94796875,55.371415566723805,16.532982475928293,18.43572287560064,-1.9027403996723464
2026-04-17 05:30:00+00:00,24246.94921875,24261.349609375,24237.75,24255.69921875,0,24247.64482421875,24204.4289453125,52.57761406115223,14.56159270673379,17.66089684182727,-3.09930413509348
2026-04-17 05:35:00+00:00,24258.650390625,24259.80078125,24246.80078125,24247.05078125,0,24248.90986328125,24207.1559375,56.0690536687774,13.78453930258911,16.88562533397964,-3.1010860313905297
2026-04-17 05:40:00+00:00,24265.099609375,24275.150390625,24257.849609375,24259.150390625,0,24252.3373046875,24209.7009375,57.90846286074921,13.533115603589977,16.21512338790171,-2.6820077843117325
2026-04-17 05:45:00+00:00,24277.30078125,24277.5,24264.650390625,24264.650390625,0,24255.60986328125,24213.1099609375,61.21694595346636,14.155220540509616,15.803142818423291,-1.6479222779136755
2026-04-17 05:50:00+00:00,24273.80078125,24282.150390625,24272.80078125,24277.400390625,0,24259.732421875,24216.2649609375,59.765712054343126,14.202109359572203,15.482936126653076,-1.280826767080871
2026-04-17 05:55:00+00:00,24275.25,24279.5,24266.25,24274.19921875,0,24262.49990234375,24219.2889453125,60.18657997483484,14.192605407446536,15.22486998281177,-1.0322645753652342
2026-04-17 06:00:00+00:00,24287.0,24287.650390625,24273.5,24275.80078125,0,24265.69990234375,24222.5339453125,63.51861408551589,14.960742135470356,15.172044413343489,-0.2113022778731323
2026-04-17 06:05:00+00:00,24289.150390625,24293.900390625,24283.25,24287.25,0,24268.55244140625,24225.561953125,64.11059859503031,15.563607004882217,15.250356931651234,0.3132500732309804
2026-04-17 06:10:00+00:00,24294.900390625,24302.599609375,24287.599609375,24290.0,0,24270.532421875,24228.4299609375,65.71276157116563,16.317263446675497,15.463738234656088,0.8535252120194095
2026-04-17 06:15:00+00:00,24282.44921875,24296.349609375,24278.44921875,24295.599609375,0,24271.48984375,24230.4099609375,59.51682066464888,15.728527421622855,15.516696072049442,0.2118313495734156
2026-04-17 06:20:00+00:00,24316.44921875,24318.75,24282.650390625,24283.30078125,0,24273.66484375,24233.0749609375,68.30504382033203,17.80027523764511,15.973411905168575,1.8268633324765329
2026-04-17 06:25:00+00:00,24271.44921875,24322.25,24269.650390625,24316.05078125,0,24273.21484375,24235.5979296875,52.164453743120205,15.630843751765497,15.904898274487962,-0.2740545227224658
2026-04-17 06:30:00+00:00,24261.349609375,24277.150390625,24253.150390625,24271.650390625,0,24271.95234375,24237.7059375,49.34609562785166,12.947350600414213,15.313388739673211,-2.366038139259002
2026-04-17 06:35:00+00:00,24286.30078125,24292.55078125,24258.30078125,24261.099609375,0,24271.97490234375,24240.09796875,55.71223741240921,12.68775741943682,14.788262475625936,-2.100505056189116
2026-04-17 06:40:00+00:00,24285.599609375,24287.94921875,24277.650390625,24286.0,0,24273.0048828125,24242.4999609375,55.50113971058376,12.283848681694508,14.287379716839652,-2.0035310351451443
2026-04-17 06:45:00+00:00,24286.55078125,24293.69921875,24281.599609375,24286.19921875,0,24274.68994140625,24244.9299609375,55.74610446779626,11.903286046068388,13.8105609826854,-1.9072749366170108
2026-04-17 06:50:00+00:00,24288.400390625,24290.349609375,24280.69921875,24287.19921875,0,24276.08994140625,24246.9659765625,56.2504566967446,11.617021640136954,13.37185311417571,-1.754831474038756
2026-04-17 06:55:00+00:00,24284.0,24291.650390625,24282.5,24288.55078125,0,24277.0974609375,24248.2219921875,54.65456013989117,10.909324387452216,12.879347368831011,-1.970022981378797
2026-04-17 07:00:00+00:00,24265.349609375,24285.05078125,24264.80078125,24283.94921875,0,24277.5474609375,24249.075,48.38840201434118,8.742757494183024,12.052029393901416,-3.309271899718391
2026-04-17 07:05:00+00:00,24265.099609375,24272.650390625,24263.75,24265.05078125,0,24278.05498046875,24249.983984375,48.308449007620816,6.92572921604733,11.0267693583306,-4.101040142283269
2026-04-17 07:10:00+00:00,24267.0,24275.849609375,24260.25,24264.25,0,24279.05751953125,24250.6319921875,48.9983163517264,5.5748039857026015,9.936376283805,-4.361572298102399
2026-04-17 07:15:00+00:00,24272.19921875,24277.94921875,24266.19921875,24267.150390625,0,24279.7349609375,24251.2609765625,50.92788696971753,4.86760874556785,8.92262277615757,-4.055014030589721
2026-04-17 07:20:00+00:00,24265.349609375,24275.150390625,24259.94921875,24272.69921875,0,24279.7474609375,24251.966953125,48.33348836011986,3.711659490523744,7.880430119030806,-4.168770628507063
2026-04-17 07:25:00+00:00,24266.099609375,24269.150390625,24259.900390625,24264.94921875,0,24279.18740234375,24253.2299609375,48.641998401384726,2.823532188245736,6.869050532873793,-4.045518344628057
2026-04-17 07:30:00+00:00,24269.80078125,24275.30078125,24264.849609375,24267.0,0,24278.98740234375,24255.2209765625,50.22165713001612,2.390779127337737,5.973396251766582,-3.582617124428845
2026-04-17 07:35:00+00:00,24284.80078125,24286.30078125,24267.80078125,24269.0,0,24279.46494140625,24257.238984375,56.11316074085147,3.221063434288226,5.42292968827091,-2.2018662539826845
2026-04-17 07:40:00+00:00,24285.05078125,24292.94921875,24283.75,24284.849609375,0,24279.36748046875,24259.323984375,56.20619263216789,3.854806826526328,5.109305115921995,-1.2544982893956664
2026-04-17 07:45:00+00:00,24271.94921875,24287.05078125,24269.5,24284.30078125,0,24278.507421875,24260.84296875,50.20037333788704,3.262261115869478,4.739896315911492,-1.4776352000420134
2026-04-17 07:50:00+00:00,24273.75,24284.05078125,24268.05078125,24270.80078125,0,24277.44990234375,24262.5499609375,50.975765602124206,2.9044912016433955,4.372815293057872,-1.4683240914144768
2026-04-17 07:55:00+00:00,24289.349609375,24289.349609375,24265.400390625,24273.55078125,0,24277.794921875,24264.1859375,57.19362972782411,3.835500806428172,4.265352395731933,-0.4298515893037606
2026-04-17 08:00:00+00:00,24296.30078125,24296.30078125,24287.44921875,24289.5,0,24276.7875,24266.1739453125,59.64951542026306,5.075724312388047,4.427426779063156,0.6482975333248913
2026-04-17 08:05:00+00:00,24301.05078125,24302.349609375,24289.25,24296.30078125,0,24278.267578125,24267.52796875,61.28410712526104,6.368483762209507,4.815638175692427,1.5528455865170807
2026-04-17 08:10:00+00:00,24301.900390625,24312.80078125,24299.400390625,24300.25,0,24280.2951171875,24269.6349609375,61.58387457036009,7.376529278313683,5.327816396216679,2.0487128820970044
2026-04-17 08:15:00+00:00,24306.30078125,24309.099609375,24301.5,24301.599609375,0,24281.2951171875,24271.523984375,63.174263157309554,8.433273829072277,5.948907882787799,2.4843659462844787
2026-04-17 08:20:00+00:00,24304.0,24308.05078125,24299.75,24306.150390625,0,24282.21513671875,24273.7769921875,61.73516283696248,8.981563803834433,6.555439066997126,2.426124736837308
2026-04-17 08:25:00+00:00,24303.30078125,24308.30078125,24294.05078125,24304.25,0,24283.05263671875,24275.445,61.27830607659028,9.25300358401728,7.094951970401157,2.158051613616122
2026-04-17 08:30:00+00:00,24302.599609375,24311.69921875,24301.80078125,24303.650390625,0,24283.76259765625,24277.0369921875,60.792466014332526,9.304288805422402,7.536819337405406,1.767469468016996
2026-04-17 08:35:00+00:00,24312.25,24316.0,24300.849609375,24302.5,0,24285.17509765625,24278.64,64.91541536984423,10.008269483954791,8.031109366715285,1.9771601172395064
2026-04-17 08:40:00+00:00,24306.849609375,24317.75,24305.44921875,24312.55078125,0,24287.25009765625,24279.6709765625,61.04670962455256,10.0149665527897,8.427880803930169,1.587085748859533
2026-04-17 08:45:00+00:00,24316.75,24320.099609375,24306.650390625,24307.5,0,24289.8326171875,24280.7399609375,65.14746674204025,10.69585762179122,8.88147616750238,1.8143814542888403
2026-04-17 08:50:00+00:00,24324.650390625,24326.55078125,24313.0,24316.900390625,0,24292.71513671875,24281.773984375,68.03895716567757,11.737659761358373,9.45271288627358,2.2849468750847937
2026-04-17 08:55:00+00:00,24307.099609375,24326.25,24305.099609375,24323.05078125,0,24294.46015625,24282.3069921875,56.77097106593144,11.020061682538651,9.766182645526596,1.2538790370120587
2026-04-17 09:00:00+00:00,24314.19921875,24315.849609375,24304.75,24307.400390625,0,24296.90263671875,24282.858984375,59.679898921929095,10.89860682241124,9.992667480903524,0.9059393415077146
2026-04-17 09:05:00+00:00,24325.05078125,24329.19921875,24308.19921875,24314.30078125,0,24299.8501953125,24283.6430078125,63.70058029622943,11.54490094256471,10.30311417323576,1.2417867693289484
2026-04-17 09:10:00+00:00,24340.44921875,24342.69921875,24323.349609375,24325.44921875,0,24303.3826171875,24285.1519921875,68.50066108615844,13.14805629662078,10.872102597912765,2.275953698708016
2026-04-17 09:15:00+00:00,24348.400390625,24356.400390625,24338.0,24339.849609375,0,24306.56259765625,24287.0630078125,70.65827473717923,14.888535811376642,11.67538924060554,3.2131465707711016
2026-04-17 09:20:00+00:00,24351.05078125,24356.55078125,24346.0,24349.0,0,24309.86259765625,24288.876015625,71.36243538810645,16.293916611411987,12.59909471476683,3.694821896645157
2026-04-17 09:25:00+00:00,24349.849609375,24352.75,24342.19921875,24349.099609375,0,24313.7576171875,24290.596015625,70.53624827928644,17.113492796775972,13.501974331168658,3.6115184656073143
2026-04-17 09:30:00+00:00,24350.150390625,24356.80078125,24320.099609375,24349.599609375,0,24317.57763671875,24292.47203125,70.6279491188373,17.584579277652665,14.31849532046546,3.266083957187206
2026-04-17 09:35:00+00:00,24352.25,24357.900390625,24343.94921875,24349.349609375,0,24320.72265625,24294.418046875,71.29945200158889,17.920760268054437,15.038948309983256,2.8818119580711805
2026-04-17 09:40:00+00:00,24354.55078125,24356.25,24349.30078125,24350.900390625,0,24323.63515625,24296.570078125,72.05343838283792,18.163462850079668,15.66385121800254,2.499611632077128
2026-04-17 09:45:00+00:00,24361.75,24363.19921875,24348.099609375,24353.650390625,0,24326.6701171875,24298.6320703125,74.32622069056006,18.72092006847015,16.275264988096062,2.445655080374088
2026-04-17 09:50:00+00:00,24367.19921875,24368.69921875,24356.0,24360.80078125,0,24329.93505859375,24300.6740625,75.92238115158422,19.37902599377412,16.896017189231674,2.4830088045424468
2026-04-17 09:55:00+00:00,24366.900390625,24370.25,24358.599609375,24367.80078125,0,24332.9650390625,24302.4660546875,75.64464217643143,19.649954307118605,17.44680461280906,2.2031496943095448
2026-04-20 09:35:00+00:00,24392.94921875,24392.94921875,24392.94921875,24392.94921875,0,24337.4125,24304.8490234375,81.87055378150797,21.716258171625668,18.300695324572384,3.415562847053284
2026-04-20 09:40:00+00:00,24381.80078125,24394.05078125,24381.0,24393.19921875,0,24341.3375,24306.9800390625,73.24126915729114,22.19834443957734,19.080225147573376,3.118119292003964
2026-04-20 09:45:00+00:00,24325.150390625,24383.19921875,24323.849609375,24382.25,0,24342.4650390625,24307.743046875,46.44948805308487,17.803955289804435,18.824971176019588,-1.021015886215153
2026-04-20 09:50:00+00:00,24320.599609375,24338.650390625,24318.0,24325.44921875,0,24342.88251953125,24308.37203125,45.0246554071924,13.79513844551184,17.81900462991804,-4.023866184406202
2026-04-20 09:55:00+00:00,24330.900390625,24339.94921875,24320.05078125,24320.05078125,0,24344.08505859375,24309.09203125,48.84940087088098,11.31883271627521,16.518970247189475,-5.200137530914265
2026-04-21 03:45:00+00:00,24468.849609375,24469.650390625,24357.150390625,24374.55078125,0,24351.6900390625,24312.8200390625,74.46793521659399,20.25421368093157,17.266018933937897,2.988194746993674
2026-04-21 03:50:00+00:00,24465.5,24485.599609375,24456.099609375,24468.900390625,0,24358.73251953125,24315.8010546875,73.50525609862676,26.75684572667888,19.16418429248609,7.592661434192784
2026-04-21 03:55:00+00:00,24450.5,24475.25,24450.5,24465.05078125,0,24365.9025390625,24319.3820703125,69.19158248742846,30.34999794796749,21.40134702358237,8.94865092438512
2026-04-21 04:00:00+00:00,24460.849609375,24464.150390625,24442.44921875,24449.150390625,0,24373.23505859375,24323.3720703125,70.47888048150216,33.644886641883204,23.85005494724254,9.794831694640663
2026-04-21 04:05:00+00:00,24469.900390625,24477.650390625,24460.75,24461.5,0,24380.4775390625,24327.0440625,71.59658511714133,36.564934275098494,26.39303081281373,10.171903462284764
2026-04-21 04:10:00+00:00,24466.599609375,24471.30078125,24450.75,24469.69921875,0,24386.78505859375,24330.6640625,70.5475464371614,38.17271628944218,28.74896790813942,9.423748381302758
2026-04-21 04:15:00+00:00,24502.19921875,24509.55078125,24465.94921875,24466.599609375,0,24394.475,24334.97703125,74.83086736241441,41.83721273185074,31.36661687288169,10.470595858969055
2026-04-21 04:20:00+00:00,24499.30078125,24512.05078125,24485.0,24501.400390625,0,24401.8875,24339.1950390625,73.88867323285024,44.00026521258405,33.893346540822165,10.106918671761887
2026-04-21 04:25:00+00:00,24499.25,24501.94921875,24491.400390625,24499.05078125,0,24409.35751953125,24343.5000390625,73.87112398723374,45.18948599990108,36.15257443263795,9.036911567263132
2026-04-21 04:30:00+00:00,24516.099609375,24516.099609375,24498.30078125,24499.94921875,0,24417.65498046875,24348.5150390625,75.91519010809,46.95036017373059,38.31213158085648,8.638228592874107
2026-04-21 04:35:00+00:00,24522.19921875,24524.650390625,24507.099609375,24516.150390625,0,24426.15244140625,24353.65703125,76.62798923535611,48.28149413272695,40.30600409123058,7.975490041496371
2026-04-21 04:40:00+00:00,24513.150390625,24524.0,24510.75,24523.19921875,0,24434.082421875,24358.5800390625,73.16841553879328,48.05234505777844,41.85527228454015,6.19707277323829
2026-04-21 04:45:00+00:00,24506.19921875,24524.650390625,24505.599609375,24513.44921875,0,24441.3048828125,24363.2600390625,70.53400139040377,46.77069779754311,42.838357387140746,3.932340410402361
2026-04-21 04:50:00+00:00,24499.44921875,24507.44921875,24495.05078125,24506.80078125,0,24447.9173828125,24367.94203125,67.97460518012439,44.69509726263277,43.20970536223915,1.485391900393623
2026-04-21 04:55:00+00:00,24495.400390625,24500.5,24487.5,24499.599609375,0,24454.3423828125,24372.528046875,66.41780185552223,42.23658522943879,43.01508133567908,-0.77849610624029
2026-04-21 05:00:00+00:00,24527.19921875,24527.94921875,24491.19921875,24493.599609375,0,24461.0548828125,24377.676015625,71.86738851147639,42.36573063528704,42.88521119560068,-0.5194805603136388
2026-04-21 05:05:00+00:00,24531.75,24534.94921875,24524.19921875,24527.80078125,0,24468.55234375,24382.615,72.55381796586155,42.3471378690956,42.77759653029966,-0.4304586612040566
2026-04-21 05:10:00+00:00,24529.099609375,24534.650390625,24515.849609375,24531.75,0,24478.7498046875,24387.4959765625,71.46021720452397,41.63855524893006,42.549788274025744,-0.911233025095683
2026-04-21 05:15:00+00:00,24525.5,24533.55078125,24517.650390625,24528.05078125,0,24488.99482421875,24392.5669921875,69.91879143033987,40.32173614909698,42.10417784903999,-1.7824416999430142
2026-04-21 05:20:00+00:00,24541.30078125,24544.150390625,24522.30078125,24525.80078125,0,24499.51484375,24397.9180078125,72.70229795426366,40.09099449083078,41.70154117739815,-1.6105466865673677
2026-04-21 05:25:00+00:00,24549.099609375,24560.650390625,24541.900390625,24542.349609375,0,24503.52734375,24403.1130078125,73.98199292193416,40.07546529856336,41.3763260016312,-1.3008607030678403
2026-04-21 05:30:00+00:00,24553.150390625,24557.900390625,24540.0,24549.25,0,24507.90986328125,24408.25,74.6468173720373,39.92973733825784,41.08700826895653,-1.1572709306986937
2026-04-21 05:35:00+00:00,24553.400390625,24564.5,24548.349609375,24552.5,0,24513.0548828125,24413.2969921875,74.68980212122757,39.380466288581374,40.7456998728815,-1.3652335843001282
2026-04-21 05:40:00+00:00,24557.44921875,24557.55078125,24543.80078125,24554.05078125,0,24517.88486328125,24418.40796875,75.4167369160757,38.82432892016004,40.36142568233721,-1.5370967621771712
2026-04-21 05:45:00+00:00,24550.80078125,24557.099609375,24546.25,24556.44921875,0,24521.9298828125,24423.29796875,71.77149111606923,37.41580657828672,39.77230186152711,-2.356495283240392
2026-04-21 05:50:00+00:00,24541.599609375,24552.099609375,24535.19921875,24551.05078125,0,24525.6798828125,24428.0499609375,66.94858591993875,35.15187585798412,38.84821666081852,-3.696340802834392
2026-04-21 05:55:00+00:00,24539.150390625,24544.099609375,24529.94921875,24541.75,0,24527.52744140625,24432.766953125,65.68332240836976,32.78217051178581,37.63500743101197,-4.852836919226164
2026-04-21 06:00:00+00:00,24518.19921875,24539.19921875,24516.400390625,24539.19921875,0,24528.47236328125,24437.0789453125,55.94343126532554,28.880659216196364,35.88413778804885,-7.003478571852483
2026-04-21 06:05:00+00:00,24523.30078125,24533.05078125,24513.650390625,24517.69921875,0,24529.67490234375,24441.2999609375,57.59243596247841,25.90175752630239,33.88766173569955,-7.985904209397162
2026-04-21 06:10:00+00:00,24528.25,24529.25,24516.19921875,24524.80078125,0,24530.282421875,24445.72796875,59.188364155970106,23.667492939901425,31.843627976539928,-8.176135036638506
2026-04-21 06:15:00+00:00,24530.849609375,24543.94921875,24527.849609375,24528.0,0,24530.71494140625,24450.0099609375,60.0390360893527,21.854661969762677,29.84583477518448,-7.9911728054218045
2026-04-21 06:20:00+00:00,24527.5,24532.55078125,24521.80078125,24530.30078125,0,24531.432421875,24454.066953125,58.35131944149212,19.91809152199494,27.86028612454657,-7.942194602551634
2026-04-21 06:25:00+00:00,24531.30078125,24538.349609375,24524.94921875,24527.25,0,24532.6875,24458.5509765625,59.73444900595487,18.47704490027172,25.983637879691607,-7.506592979419885
2026-04-21 06:30:00+00:00,24540.30078125,24542.55078125,24527.19921875,24531.650390625,0,24534.730078125,24463.0730078125,62.87817879007935,17.85540387299625,24.357991078352537,-6.5025872053562885
2026-04-21 06:35:00+00:00,24542.94921875,24542.94921875,24536.44921875,24540.400390625,0,24537.10751953125,24467.4309765625,63.774488280291024,17.376154163612227,22.96162369540448,-5.585469531792249
2026-04-21 06:40:00+00:00,24559.05078125,24568.25,24554.25,24558.05078125,0,24538.70009765625,24471.8030078125,68.71948090822356,18.08710989941028,21.98672093620564,-3.89961103679536
2026-04-21 06:45:00+00:00,24561.25,24561.900390625,24547.19921875,24559.0,0,24540.17509765625,24476.06,69.33519128113528,18.61344184456175,21.312065117876863,-2.698623273315114
2026-04-21 06:50:00+00:00,24558.400390625,24569.650390625,24555.80078125,24561.650390625,0,24541.64013671875,24480.2069921875,67.48170178232184,18.586371915891505,20.766926477479792,-2.180554561588288
2026-04-21 06:55:00+00:00,24548.75,24564.849609375,24545.599609375,24558.900390625,0,24542.80263671875,24484.185,61.48704555438744,17.58352104538426,20.130245391060686,-2.5467243456764272
2026-04-21 07:00:00+00:00,24547.099609375,24571.05078125,24547.099609375,24547.19921875,0,24543.092578125,24488.123984375,60.497261369478906,16.465774575095566,19.397351227867663,-2.931576652772097
2026-04-21 07:05:00+00:00,24555.599609375,24564.349609375,24546.650390625,24547.94921875,0,24543.417578125,24492.1909765625,63.73513442385506,16.080465806920984,18.733974143678328,-2.653508336757344
2026-04-21 07:10:00+00:00,24552.75,24557.099609375,24545.849609375,24555.0,0,24543.39755859375,24496.1549609375,61.90325376260685,15.368013279927254,18.060781970928115,-2.692768691000861
2026-04-21 07:15:00+00:00,24538.849609375,24553.900390625,24531.69921875,24552.55078125,0,24542.67001953125,24499.696953125,53.78267426660693,13.525826853874603,17.153790947517415,-3.6279640936428095
2026-04-21 07:20:00+00:00,24540.25,24545.599609375,24527.69921875,24539.150390625,0,24541.81005859375,24503.15796875,54.43123062080175,12.040089996098686,16.13105075723367,-4.090960761134983
2026-04-21 07:25:00+00:00,24536.94921875,24549.099609375,24531.30078125,24539.900390625,0,24541.11748046875,24506.5589453125,52.55907122932155,10.47553195942237,14.999946997671412,-4.5244150382490425
2026-04-21 07:30:00+00:00,24529.05078125,24546.099609375,24528.30078125,24537.900390625,0,24540.4900390625,24509.2809765625,48.27980505293225,8.5002845579329,13.70001450972371,-5.199729951790809
2026-04-21 07:35:00+00:00,24531.75,24539.80078125,24527.400390625,24529.25,0,24540.12001953125,24512.2799609375,49.78447486228524,7.071179006245075,12.374247409027983,-5.303068402782909
2026-04-21 07:40:00+00:00,24540.400390625,24543.400390625,24525.349609375,24531.900390625,0,24541.230078125,24516.5849609375,54.36640111866438,6.560985828931734,11.211595093008736,-4.650609264077001
2026-04-21 07:45:00+00:00,24541.80078125,24555.80078125,24539.900390625,24540.69921875,0,24542.155078125,24521.008984375,55.08096111704499,6.198204832980991,10.208917041003188,-4.010712208022197
2026-04-21 07:50:00+00:00,24540.099609375,24549.69921875,24536.25,24541.94921875,0,24542.74755859375,24525.19296875,53.97527332959034,5.707633876521868,9.308660408106926,-3.601026531585058
2026-04-21 07:55:00+00:00,24552.650390625,24553.650390625,24538.900390625,24540.0,0,24543.83759765625,24526.868984375,60.30612012256263,6.259441074431379,8.698816541371816,-2.4393754669404366
2026-04-21 08:00:00+00:00,24567.400390625,24568.69921875,24551.94921875,24552.349609375,0,24545.8326171875,24528.9069921875,66.19182240345695,7.79707416596284,8.518468066290021,-0.7213939003271808
2026-04-21 08:05:00+00:00,24553.55078125,24569.80078125,24542.349609375,24568.44921875,0,24546.9451171875,24530.9680078125,57.561327026779445,7.808104767125769,8.37639540645717,-0.5682906393314013
2026-04-21 08:10:00+00:00,24531.25,24554.349609375,24523.5,24553.44921875,0,24546.492578125,24532.376015625,46.94672085182328,5.9487860242479655,7.89087353001533,-1.9420875057673648
2026-04-21 08:15:00+00:00,24538.150390625,24540.80078125,24526.599609375,24533.5,0,24546.25263671875,24533.741015625,50.01803803612244,4.974720893515041,7.307643002715273,-2.332922109200232
2026-04-21 08:20:00+00:00,24549.349609375,24552.94921875,24538.25,24538.650390625,0,24545.767578125,24535.396015625,54.61070169099822,5.048257447568176,6.855765891685854,-1.807508444117678
2026-04-21 08:25:00+00:00,24555.19921875,24563.80078125,24548.5,24548.5,0,24545.4650390625,24536.456015625,56.841408170970325,5.514977063168772,6.587608125982438,-1.0726310628136666
2026-04-21 08:30:00+00:00,24540.25,24556.75,24534.5,24554.599609375,0,24544.55751953125,24537.275,50.069122702447686,4.625261567551206,6.195138814296191,-1.5698772467449853
2026-04-21 08:35:00+00:00,24531.349609375,24542.19921875,24529.80078125,24541.55078125,0,24543.6875,24537.9169921875,46.51571238846464,3.1654788180749165,5.589206815051937,-2.4237279969770205
2026-04-21 08:40:00+00:00,24537.400390625,24540.849609375,24522.599609375,24532.25,0,24543.2025390625,24538.3430078125,49.157450519492606,2.468383956602338,4.965042243362017,-2.496658286759679
2026-04-21 08:45:00+00:00,24553.349609375,24569.30078125,24535.69921875,24537.19921875,0,24543.0900390625,24538.966015625,55.40945114587226,3.1663996325805783,4.60531372120573,-1.4389140886251512
2026-04-21 08:50:00+00:00,24576.400390625,24584.349609375,24553.75,24553.75,0,24544.27255859375,24540.231015625,62.57271481762872,5.516002445583581,4.787451466081301,0.7285509795022804
2026-04-21 08:55:00+00:00,24573.099609375,24578.19921875,24559.55078125,24576.44921875,0,24545.98505859375,24541.5690234375,61.0600556194408,7.030688738439494,5.236098920552939,1.7945898178865551
2026-04-21 09:00:00+00:00,24560.650390625,24574.44921875,24560.05078125,24572.599609375,0,24547.005078125,24542.793046875,55.60064268746936,7.144186888242984,5.617716514090949,1.5264703741520351
2026-04-21 09:05:00+00:00,24550.599609375,24563.44921875,24549.80078125,24560.900390625,0,24547.68759765625,24543.89703125,51.59014814501728,6.349922981244163,5.764157807521592,0.5857651737225709
2026-04-21 09:10:00+00:00,24536.650390625,24555.55078125,24526.05078125,24550.599609375,0,24548.067578125,24544.0860546875,46.56955578631292,4.542514458884398,5.519829137794153,-0.9773146789097548
2026-04-21 09:15:00+00:00,24549.0,24552.400390625,24534.900390625,24535.44921875,0,24548.930078125,24544.4310546875,51.10615484083484,4.059841128440894,5.227831535923501,-1.1679904074826073
2026-04-21 09:20:00+00:00,24560.900390625,24563.150390625,24548.650390625,24549.55078125,0,24549.955078125,24545.0670703125,55.0654232781494,4.584731177204958,5.099211464179793,-0.5144802869748348
2026-04-21 09:25:00+00:00,24568.349609375,24572.849609375,24559.349609375,24560.900390625,0,24551.28251953125,24545.9240625,57.39133321632053,5.537961843016092,5.186961539947053,0.3510003030690392
2026-04-21 09:30:00+00:00,24559.44921875,24600.150390625,24548.900390625,24568.19921875,0,24552.25,24546.28703125,53.80757515002696,5.5116816385307175,5.251905559663785,0.2597760788669321
2026-04-21 09:35:00+00:00,24574.099609375,24591.599609375,24556.55078125,24558.55078125,0,24553.3224609375,24546.78703125,58.41113943383336,6.596972677602025,5.520918983251433,1.076053694350592
2026-04-21 09:40:00+00:00,24573.0,24583.0,24565.099609375,24573.400390625,0,24553.60244140625,24547.1840234375,57.944363389134175,7.284374622140604,5.873610111029268,1.4107645111113358
2026-04-21 09:45:00+00:00,24580.25,24600.849609375,24567.400390625,24573.900390625,0,24554.93740234375,24547.721015625,60.20251336853136,8.318272161337518,6.362542521090918,1.9557296402466
2026-04-21 09:50:00+00:00,24578.05078125,24589.849609375,24571.599609375,24580.05078125,0,24557.27744140625,24548.133046875,59.1647303323557,8.858074467989354,6.861648910470606,1.996425557518748
2026-04-21 09:55:00+00:00,24581.05078125,24587.75,24567.849609375,24576.19921875,0,24559.4224609375,24548.738046875,60.17329518247385,9.419366024849296,7.373192333346345,2.046173691502952
2026-04-22 03:45:00+00:00,24479.30078125,24515.75,24439.69921875,24463.75,0,24555.92001953125,24547.4920703125,31.63479064550161,1.634972047748306,6.225548276226737,-4.590576228478431
2026-04-22 03:50:00+00:00,24463.400390625,24496.099609375,24459.150390625,24477.44921875,0,24551.330078125,24545.9770703125,29.296486422923262,-5.750951511778112,3.830248318625768,-9.58119983040388
2026-04-22 03:55:00+00:00,24440.400390625,24465.349609375,24437.75,24465.349609375,0,24546.33759765625,24544.42109375,26.271486164215474,-13.306863685065764,0.4028259178874616,-13.709689602953226
2026-04-22 04:00:00+00:00,24452.150390625,24463.80078125,24428.44921875,24439.44921875,0,24542.37763671875,24542.9980859375,30.23467023485473,-18.137770787383488,-3.3052934231667286,-14.83247736421676
2026-04-22 04:05:00+00:00,24438.69921875,24466.44921875,24438.69921875,24451.94921875,0,24537.442578125,24541.2070703125,28.355553209868305,-22.788999227519525,-7.202034584037288,-15.586964643482236
2026-04-22 04:10:00+00:00,24424.400390625,24440.849609375,24420.900390625,24437.94921875,0,24530.9951171875,24539.0780859375,26.472071020889857,-27.314067636711115,-11.224441194572057,-16.08962644213906
2026-04-22 04:15:00+00:00,24416.94921875,24433.55078125,24406.5,24424.80078125,0,24523.02255859375,24536.8670703125,25.52075305832706,-31.14247320503273,-15.20804759666419,-15.93442560836854
2026-04-22 04:20:00+00:00,24409.44921875,24432.69921875,24406.400390625,24418.25,0,24514.8400390625,24534.4300390625,24.563876217721315,-34.38532687588304,-19.043503452507963,-15.341823423375075
2026-04-22 04:25:00+00:00,24382.25,24410.150390625,24382.099609375,24410.150390625,0,24505.92001953125,24531.2690234375,21.426329586914747,-38.70390686728206,-22.975584135462785,-15.728322731819276
2026-04-22 04:30:00+00:00,24383.25,24388.099609375,24354.150390625,24382.900390625,0,24497.5525390625,24528.0750390625,21.8217032593538,-41.566567466044944,-26.693780801579216,-14.872786664465728
2026-04-22 04:35:00+00:00,24381.69921875,24384.25,24369.94921875,24381.900390625,0,24489.80498046875,24524.5280078125,21.639850378938743,-43.45940869053448,-30.04690637937027,-13.412502311164204
2026-04-22 04:40:00+00:00,24373.150390625,24390.5,24371.150390625,24381.650390625,0,24481.0125,24520.766015625,20.619721457226063,-45.129097834327695,-33.06334467036176,-12.065753163965937
2026-04-22 04:45:00+00:00,24375.400390625,24385.55078125,24371.94921875,24372.900390625,0,24471.7375,24517.106015625,21.6663909328675,-45.74347995172502,-35.599371726634416,-10.144108225090603
2026-04-22 04:50:00+00:00,24366.44921875,24376.80078125,24353.69921875,24375.80078125,0,24461.64248046875,24513.46,20.50788092697431,-46.41759384054603,-37.76301614941674,-8.65457769112929
2026-04-22 04:55:00+00:00,24373.05078125,24377.349609375,24364.05078125,24364.349609375,0,24452.32255859375,24509.9790234375,23.746247163821764,-45.890149948991166,-39.38844290933163,-6.501707039659536
2026-04-22 05:00:00+00:00,24380.599609375,24383.30078125,24367.19921875,24372.30078125,0,24442.64755859375,24506.4790234375,27.38893676503729,-44.35176004165624,-40.38110633579655,-3.970653705859682
2026-04-22 05:05:00+00:00,24401.25,24402.099609375,24374.94921875,24380.5,0,24434.06005859375,24503.4490234375,36.34698398113959,-40.99371103258818,-40.50362727515488,-0.4900837574333039
2026-04-22 05:10:00+00:00,24416.349609375,24418.19921875,24398.94921875,24401.5,0,24425.8650390625,24500.9990234375,41.98318600148882,-36.69106891257616,-39.741115602639134,3.050046690062977
2026-04-22 05:15:00+00:00,24424.150390625,24436.099609375,24409.05078125,24416.25,0,24418.17001953125,24498.67703125,44.70710366089555,-32.27963662296679,-38.24881980670467,5.969183183737876
2026-04-22 05:20:00+00:00,24443.650390625,24447.80078125,24423.650390625,24423.650390625,0,24411.3,24496.8110546875,50.911519320018336,-26.899971591246867,-35.97905016361311,9.079078572366242
2026-04-22 05:25:00+00:00,24439.900390625,24447.599609375,24436.900390625,24443.19921875,0,24409.32998046875,24495.028046875,49.755268745014085,-22.677727232021425,-33.318785577294776,10.64105834527335
2026-04-22 05:30:00+00:00,24439.349609375,24441.19921875,24426.400390625,24440.19921875,0,24408.12744140625,24493.1800390625,49.57717435569069,-19.15520235248914,-30.48606893233365,11.33086657984451
2026-04-22 05:35:00+00:00,24424.75,24441.0,24423.900390625,24439.05078125,0,24407.344921875,24490.86703125,44.98109079157635,-17.341737712085887,-27.8572026882841,10.515464976198214
2026-04-22 05:40:00+00:00,24428.150390625,24432.19921875,24412.30078125,24424.349609375,0,24406.144921875,24488.5940234375,46.23137102702151,-15.452049209350662,-25.37617199249741,9.924122783146752
2026-04-22 05:45:00+00:00,24438.150390625,24439.400390625,24424.25,24427.94921875,0,24406.11748046875,24486.5550390625,49.84129130117001,-12.997711502546736,-22.90047989450728,9.902768391960546
2026-04-22 05:50:00+00:00,24446.349609375,24446.80078125,24430.80078125,24438.19921875,0,24407.21494140625,24484.4290234375,52.64840752212505,-10.272606544192968,-20.374905224444426,10.102298680251454
2026-04-22 05:55:00+00:00,24435.44921875,24449.69921875,24434.400390625,24445.900390625,0,24408.13994140625,24481.79,48.74288165190612,-8.890032891136798,-18.077930757782894,9.1878978666461
2026-04-22 06:00:00+00:00,24441.80078125,24448.69921875,24433.94921875,24435.94921875,0,24409.75751953125,24479.555,51.0227605565126,-7.198831648529449,-15.902110935932209,8.70327928740276
2026-04-22 06:05:00+00:00,24430.650390625,24443.44921875,24429.900390625,24441.69921875,0,24412.1775390625,24477.5430078125,47.06499722633057,-6.681268312888278,-14.057942411323424,7.376674098435146
2026-04-22 06:10:00+00:00,24417.19921875,24437.349609375,24417.05078125,24430.75,0,24413.875,24475.123984375,42.756347497464006,-7.272658118999971,-12.700885552858734,5.428227433858764
2026-04-22 06:15:00+00:00,24405.75,24416.80078125,24390.55078125,24416.80078125,0,24415.0775390625,24472.2519921875,39.44619020465038,-8.566446407334297,-11.873997723753847,3.307551316419552
2026-04-22 06:20:00+00:00,24414.650390625,24416.05078125,24404.349609375,24405.650390625,0,24417.1525390625,24469.441015625,43.13200769770949,-8.772472208365798,-11.253692620676238,2.4812204123104404
2026-04-22 06:25:00+00:00,24426.900390625,24428.25,24413.19921875,24414.75,0,24419.7275390625,24467.1740234375,47.83807038371928,-7.85670926378225,-10.574295949297442,2.717586685515192
2026-04-22 06:30:00+00:00,24434.0,24436.349609375,24426.349609375,24426.849609375,0,24423.105078125,24465.22703125,50.3999290035834,-6.483345419579564,-9.756105843353868,3.2727604237743044
2026-04-22 06:35:00+00:00,24422.80078125,24435.599609375,24422.80078125,24434.150390625,0,24425.592578125,24462.9350390625,46.518718408619904,-6.226848798967694,-9.050254434476631,2.823405635508939
2026-04-22 06:40:00+00:00,24419.150390625,24427.44921875,24409.75,24424.099609375,0,24427.5201171875,24460.2510546875,45.294334913169,-6.246127920436265,-8.48942913166856,2.2433012112322945
2026-04-22 06:45:00+00:00,24409.650390625,24422.75,24408.75,24418.650390625,0,24427.94013671875,24456.9160546875,42.1826705592612,-6.94788645810695,-8.181120596956237,1.2332341388492871
2026-04-22 06:50:00+00:00,24405.849609375,24415.75,24403.0,24410.30078125,0,24427.41513671875,24453.5710546875,40.96998388871011,-7.721715310035506,-8.089239539572091,0.3675242295365848
2026-04-22 06:55:00+00:00,24409.900390625,24419.349609375,24400.150390625,24405.55078125,0,24426.70263671875,24450.5560546875,42.855539178310885,-7.916855475392367,-8.054762726736147,0.1379072513437798
2026-04-22 07:00:00+00:00,24418.80078125,24422.150390625,24409.80078125,24410.19921875,0,24425.46015625,24447.920078125,46.871151111689386,-7.26951982317405,-7.897714146023729,0.6281943228496782
2026-04-22 07:05:00+00:00,24411.099609375,24420.150390625,24395.5,24418.69921875,0,24424.0201171875,24445.4090625,43.990635305143584,-7.293842982286151,-7.776939913276213,0.4830969309900625
2026-04-22 07:10:00+00:00,24418.44921875,24419.75,24407.650390625,24411.599609375,0,24422.97509765625,24442.798046875,47.31813416831019,-6.643485245320335,-7.550248979685039,0.906763734364704
2026-04-22 07:15:00+00:00,24407.400390625,24423.150390625,24403.55078125,24419.19921875,0,24422.1076171875,24439.728046875,43.16631099729663,-6.939624472826836,-7.428124078313399,0.4884996054865631
2026-04-22 07:20:00+00:00,24419.69921875,24424.30078125,24405.05078125,24406.94921875,0,24421.68505859375,24436.7550390625,48.57528989437978,-6.111455248243146,-7.164790312299349,1.0533350640562027
2026-04-22 07:25:00+00:00,24429.75,24433.400390625,24418.19921875,24418.19921875,0,24421.2650390625,24434.1610546875,52.549670417485984,-4.591186778859992,-6.650069605611478,2.0588828267514856
2026-04-22 07:30:00+00:00,24430.0,24434.599609375,24419.80078125,24431.80078125,0,24420.44755859375,24431.2790625,52.64770143944042,-3.3278290119196754,-5.985621486873118,2.6577924749534425
2026-04-22 07:35:00+00:00,24431.44921875,24437.69921875,24429.69921875,24430.099609375,0,24420.24755859375,24428.448046875,53.25064757385325,-2.1844876245850173,-5.225394714415498,3.0409070898304806
2026-04-22 07:40:00+00:00,24431.25,24433.44921875,24417.80078125,24432.30078125,0,24419.72001953125,24425.468046875,53.15045733647347,-1.2797049835135113,-4.436256768235101,3.1565517847215894
2026-04-22 07:45:00+00:00,24412.650390625,24433.150390625,24412.400390625,24429.75,0,24418.82001953125,24422.1600390625,44.695316844349904,-2.0399756851402344,-3.9570005516161273,1.9170248664758929
2026-04-22 07:50:00+00:00,24392.599609375,24416.05078125,24385.44921875,24412.80078125,0,24417.5900390625,24418.391015625,37.72767222266335,-4.21187430396094,-4.00797530208509,-0.2038990018758495
2026-04-22 07:55:00+00:00,24415.599609375,24415.599609375,24390.75,24393.900390625,0,24418.08251953125,24417.1169921875,47.78340532029793,-4.030747873650398,-4.012529816398152,-0.0182180572522456
2026-04-22 08:00:00+00:00,24422.94921875,24427.849609375,24409.0,24415.900390625,0,24418.4974609375,24416.30796875,50.53232014609542,-3.2566116276939283,-3.861346178657308,0.6047345509633795
2026-04-22 08:05:00+00:00,24420.75,24430.25,24415.400390625,24422.349609375,0,24418.18994140625,24415.9149609375,49.68936390476077,-2.7884184962204017,-3.646760642169927,0.8583421459495248
2026-04-22 08:10:00+00:00,24431.900390625,24433.55078125,24419.900390625,24419.900390625,0,24418.0849609375,24415.5099609375,53.88931028466199,-1.5003338163296576,-3.217475277001873,1.7171414606722153
2026-04-22 08:15:00+00:00,24432.349609375,24434.55078125,24427.900390625,24431.5,0,24418.56240234375,24415.38296875,54.055715871480274,-0.4382177273437264,-2.661623767070244,2.2234060397265174
2026-04-22 08:20:00+00:00,24423.150390625,24434.80078125,24415.099609375,24431.75,0,24418.76240234375,24415.35796875,50.07072000205879,-0.3349223701334267,-2.1962834876828805,1.8613611175494535
2026-04-22 08:25:00+00:00,24449.55078125,24453.05078125,24421.650390625,24424.75,0,24420.757421875,24416.01,59.33568535437456,1.855837886887457,-1.3858592127688132,3.24169709965627
2026-04-22 08:30:00+00:00,24420.400390625,24458.25,24419.5,24449.849609375,0,24421.4849609375,24416.2290234375,48.609842708409445,1.225709059628571,-0.8635455582893364,2.089254617917907
2026-04-22 08:35:00+00:00,24422.599609375,24433.75,24421.150390625,24421.150390625,0,24422.119921875,24417.036015625,49.35367010786689,0.8934864421498787,-0.5121391582014934,1.405625600351372
2026-04-22 08:40:00+00:00,24415.0,24423.599609375,24405.900390625,24423.05078125,0,24421.9298828125,24417.671015625,46.83115036181401,0.0167792396605364,-0.4063554786290874,0.4231347182896238
2026-04-22 08:45:00+00:00,24403.349609375,24418.099609375,24390.69921875,24416.44921875,0,24421.5423828125,24418.1040234375,43.18695535286775,-1.599666729409364,-0.6450177287851427,-0.9546490006242212
2026-04-22 08:50:00+00:00,24410.099609375,24415.55078125,24396.19921875,24403.30078125,0,24421.12490234375,24418.8430078125,45.81766241151018,-2.30942164273074,-0.9778985115742622,-1.331523131156478
2026-04-22 08:55:00+00:00,24405.599609375,24416.94921875,24402.80078125,24409.55078125,0,24421.03486328125,24419.4469921875,44.34349183375269,-3.198153593137249,-1.4219495278868597,-1.7762040652503894
2026-04-22 09:00:00+00:00,24412.099609375,24415.349609375,24402.80078125,24405.650390625,0,24420.6548828125,24420.36,46.996303948521714,-3.339488840971171,-1.805457390503722,-1.5340314504674493
2026-04-22 09:05:00+00:00,24416.099609375,24430.0,24410.0,24411.80078125,0,24419.97236328125,24421.2209765625,48.6193159689582,-3.0930764130243915,-2.062981195007856,-1.0300952180165357
2026-04-22 09:10:00+00:00,24413.150390625,24419.80078125,24411.69921875,24417.80078125,0,24419.1298828125,24421.8719921875,47.4652697221121,-3.1000348223169567,-2.270391920469676,-0.8296429018472806
2026-04-22 09:15:00+00:00,24414.44921875,24420.44921875,24409.44921875,24412.75,0,24418.2798828125,24422.1359765625,48.0500981582871,-2.9665483145327016,-2.409623199282281,-0.5569251152504204
2026-04-22 09:20:00+00:00,24421.30078125,24422.349609375,24408.5,24414.099609375,0,24417.782421875,24422.235,51.140089511443975,-2.281594659551047,-2.3840174913360346,0.1024228317849877
2026-04-22 09:25:00+00:00,24425.75,24430.25,24420.349609375,24421.150390625,0,24418.43740234375,24422.2669921875,53.091302703434415,-1.364025546277844,-2.1800191023243967,0.8159935560465525
2026-04-22 09:30:00+00:00,24385.099609375,24423.150390625,24381.30078125,24423.150390625,0,24418.06240234375,24421.0959765625,38.114776718697286,-3.8723541193976416,-2.5184861057390457,-1.353868013658596
2026-04-22 09:35:00+00:00,24378.900390625,24385.75,24374.150390625,24385.400390625,0,24416.22744140625,24419.8759765625,36.42717441589853,-6.287963994407619,-3.2723816834727604,-3.0155823109348585
2026-04-22 09:40:00+00:00,24382.400390625,24385.05078125,24374.849609375,24378.599609375,0,24414.2,24418.7369921875,38.093757391040185,-7.829675845263409,-4.18384051583089,-3.64583532943252
2026-04-22 09:45:00+00:00,24378.44921875,24392.650390625,24377.0,24382.05078125,0,24412.0849609375,24417.8109765625,36.9171642274321,-9.263535868354666,-5.199779586335645,-4.06375628201902
2026-04-22 09:50:00+00:00,24369.5,24381.400390625,24367.55078125,24379.099609375,0,24408.96494140625,24416.63796875,34.33074110992467,-10.995260905037869,-6.35887585007609,-4.636385054961777
2026-04-22 09:55:00+00:00,24367.650390625,24371.900390625,24356.69921875,24368.69921875,0,24405.72998046875,24415.22796875,33.80361567451433,-12.374270602951585,-7.561954800651189,-4.812315802300394
2026-04-23 03:45:00+00:00,24201.349609375,24225.0,24138.849609375,24208.150390625,0,24394.63994140625,24410.32796875,13.59364519658915,-26.579833165676973,-11.365530473656346,-15.214302692020627
2026-04-23 03:50:00+00:00,24210.650390625,24228.05078125,24191.19921875,24202.44921875,0,24382.694921875,24405.8319921875,16.59691575631099,-36.66470067874252,-16.425364514673582,-20.239336164068938
2026-04-23 03:55:00+00:00,24230.44921875,24232.25,24193.44921875,24210.650390625,0,24373.19736328125,24401.6049609375,22.75208868712012,-42.5687251114432,-21.654036634027506,-20.91468847741569
2026-04-23 04:00:00+00:00,24213.150390625,24255.900390625,24200.400390625,24230.5,0,24362.72490234375,24397.2549609375,21.27473592807712,-48.089235100178485,-26.9410763272577,-21.148158772920784
2026-04-23 04:05:00+00:00,24213.44921875,24222.30078125,24193.5,24214.80078125,0,24352.64736328125,24393.1799609375,21.369718130936164,-51.84255737653439,-31.92137253711304,-19.921184839421347
2026-04-23 04:10:00+00:00,24242.650390625,24247.05078125,24203.599609375,24214.44921875,0,24344.61240234375,24389.91796875,30.22842139866688,-51.86295790072836,-35.90968960983611,-15.953268290892254
2026-04-23 04:15:00+00:00,24271.650390625,24276.150390625,24233.900390625,24244.69921875,0,24337.68994140625,24387.05796875,37.7313709617784,-48.974520044746896,-38.52265569681827,-10.451864347928629
2026-04-23 04:20:00+00:00,24282.94921875,24298.44921875,24270.599609375,24271.19921875,0,24331.557421875,24384.1789453125,40.41966344546098,-45.25205372545315,-39.86853530254525,-5.383518422907905
2026-04-23 04:25:00+00:00,24287.5,24295.349609375,24282.94921875,24283.75,0,24325.32744140625,24381.2489453125,41.51485485081876,-41.45687330462897,-40.186202902962,-1.270670401666976
2026-04-23 04:30:00+00:00,24306.30078125,24306.5,24266.05078125,24288.0,0,24319.8375,24378.9189453125,45.93633027923307,-36.51122092871447,-39.45120650811249,2.9399855793980265
2026-04-23 04:35:00+00:00,24285.900390625,24309.900390625,24281.80078125,24306.55078125,0,24313.475,24376.2539453125,42.20761102263428,-33.84772135723324,-38.33050947793664,4.482788120703404
2026-04-23 04:40:00+00:00,24275.349609375,24287.599609375,24266.94921875,24286.650390625,0,24306.52001953125,24373.5679296875,40.38194457067297,-32.216862688892434,-37.1077801201278,4.890917431235366
2026-04-23 04:45:00+00:00,24287.0,24287.650390625,24260.599609375,24276.80078125,0,24299.80498046875,24371.1909375,43.29847144044571,-29.64260479131917,-35.614745054366075,5.972140263046903
2026-04-23 04:50:00+00:00,24269.75,24291.650390625,24265.69921875,24287.900390625,0,24292.00498046875,24368.3879296875,40.16537811819448,-28.6639969822063,-34.22459543993412,5.560598457727821
2026-04-23 04:55:00+00:00,24261.30078125,24278.30078125,24260.80078125,24270.30078125,0,24285.8150390625,24365.2379296875,38.68866331168602,-28.24463797812132,-33.02860394757156,4.783965969450243
2026-04-23 05:00:00+00:00,24244.349609375,24265.400390625,24239.55078125,24263.5,0,24279.0875,24361.9029296875,35.84158244792863,-28.946434372603107,-32.21217003257787,3.265735659974766
2026-04-23 05:05:00+00:00,24226.75,24250.0,24221.650390625,24245.44921875,0,24271.30498046875,24358.0689453125,33.116680612459305,-30.570358399643737,-31.88380770599105,1.3134493063473125
2026-04-23 05:10:00+00:00,24220.0,24229.150390625,24217.650390625,24227.80078125,0,24263.38251953125,24354.3209375,32.10843070028565,-32.0327449347933,-31.9135951517515,-0.1191497830417986
2026-04-23 05:15:00+00:00,24205.650390625,24222.69921875,24185.19921875,24221.30078125,0,24255.1900390625,24350.0399609375,30.016251688935583,-33.95814202860129,-32.32250452712146,-1.6356375014798274
2026-04-23 05:20:00+00:00,24210.69921875,24217.5,24190.599609375,24207.69921875,0,24247.34248046875,24345.6589453125,31.70249329731904,-34.6769011316901,-32.79338384803519,-1.8835172836549103
2026-04-23 05:25:00+00:00,24215.349609375,24222.099609375,24197.400390625,24211.849609375,0,24248.04248046875,24341.3659375,33.29673163090098,-34.47388179073096,-33.12948343657435,-1.3443983541566098
2026-04-23 05:30:00+00:00,24223.150390625,24223.19921875,24211.55078125,24216.0,0,24248.66748046875,24337.1999609375,35.995658878296794,-33.299671759596094,-33.1635211011787,-0.1361506584173923
2026-04-23 05:35:00+00:00,24212.69921875,24225.650390625,24211.69921875,24223.75,0,24247.77998046875,24332.8289453125,34.0101830390137,-32.83393491316019,-33.097603863575,0.2636689504148108
2026-04-23 05:40:00+00:00,24191.849609375,24218.19921875,24191.099609375,24214.55078125,0,24246.71494140625,24328.4129296875,30.40685650408811,-33.758082178337645,-33.22969952652753,-0.5283826518101122
2026-04-23 05:45:00+00:00,24191.19921875,24210.349609375,24188.0,24193.19921875,0,24245.60244140625,24324.384921875,30.29901543116304,-34.1493047045733,-33.413620562136686,-0.735684142436611
2026-04-23 05:50:00+00:00,24189.75,24204.44921875,24188.900390625,24191.849609375,0,24242.957421875,24319.8679296875,30.043330516087977,-34.18225940798584,-33.56734833130652,-0.61491107667932
2026-04-23 05:55:00+00:00,24197.75,24199.400390625,24186.75,24191.94921875,0,24239.26240234375,24315.3639453125,33.38518944663866,-33.18036056413257,-33.48995077787173,0.3095902137391562
2026-04-23 06:00:00+00:00,24192.25,24203.94921875,24191.44921875,24198.150390625,0,24234.72744140625,24310.7939453125,32.244741992691715,-32.45601975411046,-33.28316457311947,0.827144819009014
2026-04-23 06:05:00+00:00,24194.55078125,24196.55078125,24181.849609375,24193.80078125,0,24230.07998046875,24306.046953125,33.27164442083796,-31.335108994077014,-32.893553457310986,1.5584444632339682
2026-04-23 06:10:00+00:00,24178.150390625,24197.099609375,24177.650390625,24196.0,0,24223.6724609375,24300.96296875,29.804073521873505,-31.408100568191003,-32.59646287948699,1.1883623112959896
2026-04-23 06:15:00+00:00,24192.30078125,24195.55078125,24172.849609375,24179.0,0,24218.99248046875,24296.3459765625,36.00160948597967,-29.97855453715601,-32.0728812110208,2.094326673864785
2026-04-23 06:20:00+00:00,24213.25,24218.099609375,24187.900390625,24193.19921875,0,24215.8875,24291.6199609375,43.89865282778247,-26.84574114205316,-31.027453197227278,4.181712055174117
2026-04-23 06:25:00+00:00,24206.099609375,24215.80078125,24202.349609375,24214.44921875,0,24211.84248046875,24287.3339453125,41.99394333199872,-24.65572487219106,-29.75310753222003,5.097382660028973
2026-04-23 06:30:00+00:00,24199.44921875,24208.05078125,24197.099609375,24208.05078125,0,24208.32744140625,24282.8709375,40.24493894879118,-23.18943872916861,-28.44037377160975,5.250935042441135
2026-04-23 06:35:00+00:00,24209.400390625,24215.19921875,24195.94921875,24200.349609375,0,24205.732421875,24278.7589453125,44.00313724779132,-20.982546259801893,-26.94880826924818,5.966262009446286
2026-04-23 06:40:00+00:00,24222.5,24225.900390625,24206.150390625,24209.69921875,0,24204.63994140625,24275.141953125,48.58714670985256,-17.96939903297607,-25.15292642199376,7.183527389017687
2026-04-23 06:45:00+00:00,24215.55078125,24225.5,24215.55078125,24222.94921875,0,24204.07998046875,24271.2509765625,46.41636928376626,-15.958245305031596,-23.313990198601328,7.355744893569732
2026-04-23 06:50:00+00:00,24223.150390625,24231.5,24215.099609375,24217.44921875,0,24204.2375,24267.6019921875,49.09489141762727,-13.594458071682311,-21.370083773217527,7.775625701535215
2026-04-23 06:55:00+00:00,24180.099609375,24223.94921875,24179.349609375,24223.94921875,0,24202.9599609375,24262.9619921875,37.62186742798025,-15.021815774081915,-20.100430173390407,5.078614399308492
2026-04-23 07:00:00+00:00,24178.55078125,24183.75,24167.150390625,24182.599609375,0,24201.3525390625,24258.211015625,37.28428926987242,-16.092480425260874,-19.2988402237645,3.2063597985036267
2026-04-23 07:05:00+00:00,24192.44921875,24194.80078125,24167.099609375,24179.75,0,24200.20751953125,24253.7969921875,42.288586931761536,-15.639222896410502,-18.5669167582937,2.927693861883199
2026-04-23 07:10:00+00:00,24201.650390625,24203.0,24190.099609375,24193.599609375,0,24199.13251953125,24249.541015625,45.395012459112046,-14.371885219719845,-17.72791045057893,3.356025230859085
2026-04-23 07:15:00+00:00,24195.150390625,24204.05078125,24187.150390625,24202.599609375,0,24198.255078125,24245.0180078125,43.60921419656491,-13.73369319131598,-16.92906699872634,3.1953738074103626
2026-04-23 07:20:00+00:00,24203.55078125,24205.849609375,24186.5,24196.5,0,24198.84013671875,24240.5740234375,46.5364190009097,-12.40705923668429,-16.024665446317933,3.6176062096336414
2026-04-23 07:25:00+00:00,24214.69921875,24217.05078125,24202.80078125,24204.69921875,0,24200.01513671875,24237.166015625,50.22892483840465,-10.336948625656078,-14.887122082185565,4.550173456529485
2026-04-23 07:30:00+00:00,24210.25,24216.099609375,24205.349609375,24215.849609375,0,24201.04013671875,24233.7930078125,48.7809279057269,-8.95219054150948,-13.700135774050349,4.747945232540868
2026-04-23 07:35:00+00:00,24215.900390625,24217.69921875,24200.75,24211.099609375,0,24201.94765625,24230.4630078125,50.72374041652576,-7.314503439498367,-12.423009307139951,5.108505867641586
2026-04-23 07:40:00+00:00,24216.19921875,24218.5,24208.599609375,24216.30078125,0,24203.1451171875,24227.2180078125,50.82996557264046,-5.924220948581933,-11.12325163542835,5.199030686846417
2026-04-23 07:45:00+00:00,24243.150390625,24243.5,24208.19921875,24217.25,0,24205.57509765625,24224.691015625,59.342699356188845,-2.617504762551107,-9.422102260852904,6.804597498301796
2026-04-23 07:50:00+00:00,24273.30078125,24276.900390625,24244.0,24244.0,0,24210.3326171875,24222.8040234375,66.35939060460201,2.408215772229596,-7.056038654236403,9.464254426466
2026-04-23 07:55:00+00:00,24271.44921875,24281.099609375,24255.55078125,24272.69921875,0,24214.2900390625,24224.206015625,65.61053596002503,6.170599059911183,-4.4107111114068855,10.58131017131807
2026-04-23 08:00:00+00:00,24248.75,24272.44921875,24248.5,24271.75,0,24216.0650390625,24224.9680078125,57.10287234321798,7.237251147864299,-2.081118659552649,9.318369807416948
2026-04-23 08:05:00+00:00,24215.80078125,24249.19921875,24208.099609375,24249.19921875,0,24216.55009765625,24224.6750390625,47.4788649591622,5.362043725064723,-0.5924861826291745,5.954529907693898
2026-04-23 08:10:00+00:00,24213.69921875,24219.55078125,24204.30078125,24216.75,0,24217.26259765625,24224.686015625,46.93551275633448,3.664112197511713,0.2588334933990029,3.40527870411271
2026-04-23 08:15:00+00:00,24216.75,24221.900390625,24207.75,24214.94921875,0,24217.630078125,24224.75203125,47.86820259319487,2.5354348645596474,0.7141537676311319,1.8212810969285156
2026-04-23 08:20:00+00:00,24234.05078125,24234.849609375,24217.849609375,24217.849609375,0,24218.2076171875,24224.5800390625,52.92171394505225,3.0023689642148383,1.1717968069478737,1.8305721572669649
2026-04-23 08:25:00+00:00,24241.5,24252.75,24229.94921875,24233.80078125,0,24219.505078125,24223.97703125,54.94681072282331,3.92822516520755,1.723082478599809,2.2051426866077413
2026-04-23 08:30:00+00:00,24234.44921875,24242.75,24224.55078125,24242.099609375,0,24220.07001953125,24223.00703125,52.63877712138959,4.046389494589676,2.187743881797782,1.858645612791893
2026-04-23 08:35:00+00:00,24219.900390625,24235.5,24219.55078125,24235.5,0,24222.06005859375,24221.6550390625,48.14486035368884,2.9322654065581446,2.336648186749855,0.5956172198082896
2026-04-23 08:40:00+00:00,24209.19921875,24219.849609375,24207.650390625,24219.849609375,0,24223.59248046875,24219.7130078125,45.09529151392992,1.172305297342973,2.1037796088684786,-0.9314743115255056
2026-04-23 08:45:00+00:00,24203.55078125,24221.400390625,24203.400390625,24209.099609375,0,24224.14755859375,24218.066015625,43.52803792546359,-0.6705280394817237,1.5489180791984385,-2.219446118680162
2026-04-23 08:50:00+00:00,24202.25,24217.599609375,24189.400390625,24204.0,0,24224.1775390625,24216.6040234375,43.156065673997766,-2.2104680123229627,0.7970408608941582,-3.007508873217121
2026-04-23 08:55:00+00:00,24189.44921875,24203.94921875,24189.19921875,24203.349609375,0,24223.89248046875,24214.6530078125,39.57222409946428,-4.412928113411908,-0.2449529339670552,-4.167975179444853
2026-04-23 09:00:00+00:00,24175.150390625,24190.94921875,24174.05078125,24190.94921875,0,24222.4724609375,24212.761015625,35.97809422827933,-7.228859745449881,-1.6417342962636206,-5.587125449186261
2026-04-23 09:05:00+00:00,24175.349609375,24182.099609375,24167.349609375,24176.150390625,0,24220.50498046875,24211.0419921875,36.06522166116654,-9.33680172502136,-3.1807477820151684,-6.156053943006191
2026-04-23 09:10:00+00:00,24162.599609375,24182.5,24160.650390625,24176.400390625,0,24218.1224609375,24209.4069921875,32.97248685818818,-11.899014937222091,-4.924401213056553,-6.974613724165538
2026-04-23 09:15:00+00:00,24179.150390625,24194.05078125,24157.94921875,24163.75,0,24216.2849609375,24208.455,40.14759836383261,-12.45055538908855,-6.4296320482629525,-6.020923340825597
2026-04-23 09:20:00+00:00,24178.69921875,24190.55078125,24173.349609375,24178.599609375,0,24214.4099609375,24207.628984375,40.021827319928825,-12.776778224437294,-7.699061283497821,-5.077716940939473
2026-04-23 09:25:00+00:00,24180.849609375,24184.80078125,24173.849609375,24179.650390625,0,24211.294921875,24207.13296875,40.97100282576599,-12.715220473215595,-8.702293121441375,-4.01292735177422
2026-04-23 09:30:00+00:00,24192.0,24216.69921875,24181.80078125,24181.80078125,0,24207.2298828125,24206.758984375,45.76391055126201,-11.632598818006954,-9.288354260754492,-2.3442445572524626
2026-04-23 09:35:00+00:00,24186.650390625,24202.400390625,24177.55078125,24191.900390625,0,24202.98994140625,24206.185,43.92133270687182,-11.078575205607194,-9.646398449725034,-1.4321767558821603
2026-04-23 09:40:00+00:00,24160.0,24189.05078125,24159.0,24186.400390625,0,24198.55244140625,24204.9219921875,36.11929311161985,-12.644216639411752,-10.245962087662376,-2.3982545517493747
2026-04-23 09:45:00+00:00,24159.69921875,24171.30078125,24152.19921875,24161.30078125,0,24195.74736328125,24203.8619921875,36.041477436386536,-13.75075909735824,-10.94692148960155,-2.803837607756691
2026-04-23 09:50:00+00:00,24161.900390625,24175.099609375,24156.400390625,24159.5,0,24193.157421875,24203.2630078125,37.10930740277483,-14.285412450764852,-11.614619681834212,-2.6707927689306405
2026-04-23 09:55:00+00:00,24156.05078125,24169.19921875,24149.80078125,24162.150390625,0,24190.1224609375,24202.5600390625,35.41702308533665,-15.00813918832864,-12.293323583133098,-2.714815605195543
2026-04-24 03:45:00+00:00,24124.19921875,24203.349609375,24102.25,24109.55078125,0,24184.6298828125,24201.2490234375,27.944389786323867,-17.944210544672387,-13.423500975440955,-4.52070956923143
2026-04-24 03:50:00+00:00,24091.099609375,24121.75,24080.150390625,24121.150390625,0,24177.10986328125,24199.116015625,22.60647859464557,-22.68048360255125,-15.274897500863016,-7.405586101688232
2026-04-24 03:55:00+00:00,24058.099609375,24091.30078125,24056.80078125,24091.30078125,0,24168.2923828125,24196.4330078125,18.759103363747087,-28.765250430205924,-17.972968086731598,-10.792282343474326
2026-04-24 04:00:00+00:00,24017.650390625,24061.599609375,24012.30078125,24058.05078125,0,24158.1798828125,24192.895,15.317890943854792,-36.4314270709001,-21.6646598835653,-14.7667671873348
2026-04-24 04:05:00+00:00,24002.44921875,24027.150390625,24001.30078125,24017.30078125,0,24147.8423828125,24189.3809765625,14.259252230912509,-43.235146958097175,-25.97875729847168,-17.256389659625498
2026-04-24 04:10:00+00:00,23984.25,24006.400390625,23984.0,24002.0,0,24136.87734375,24185.2199609375,13.092615684244764,-49.524778029743175,-30.68796144472598,-18.8368165850172
2026-04-24 04:15:00+00:00,23984.099609375,23985.400390625,23957.150390625,23985.400390625,0,24125.96982421875,24180.636953125,13.083089875597764,-53.90016369949444,-35.33040189567967,-18.56976180381477
2026-04-24 04:20:00+00:00,23959.099609375,23987.150390625,23955.30078125,23984.150390625,0,24114.45234375,24175.696953125,11.575389710098918,-58.7082275296525,-40.00596702247424,-18.702260507178263
2026-04-24 04:25:00+00:00,23955.0,23964.05078125,23944.849609375,23957.400390625,0,24103.44482421875,24170.80796875,11.344514280727864,-62.133223842112784,-44.43141838640194,-17.70180545571084
2026-04-24 04:30:00+00:00,23990.400390625,23995.400390625,23954.5,23954.900390625,0,24094.19736328125,24166.42796875,25.215409058544463,-61.28459179954734,-47.80205306903103,-13.482538730516318
2026-04-24 04:35:00+00:00,23986.94921875,24003.349609375,23986.349609375,23990.400390625,0,24085.41484375,24161.716953125,24.80790478486834,-60.196616396686295,-50.28096573456208,-9.915650662124214
2026-04-24 04:40:00+00:00,23992.849609375,24000.900390625,23977.349609375,23986.650390625,0,24076.0998046875,24157.2629296875,26.980621673082894,-58.187526257443096,-51.86227783913829,-6.32524841830481
2026-04-24 04:45:00+00:00,23971.30078125,23992.25,23969.099609375,23992.25,0,24065.7298828125,24152.2259375,24.22726246411948,-57.669341910375806,-53.02369065338579,-4.645651256990014
2026-04-24 04:50:00+00:00,23943.900390625,23974.69921875,23943.44921875,23971.900390625,0,24053.882421875,24147.501953125,21.256784878414493,-58.79194269218351,-54.17734106114534,-4.61460163103817
2026-04-24 04:55:00+00:00,23957.69921875,23962.150390625,23937.400390625,23943.94921875,0,24042.1673828125,24143.084921875,26.166385862562336,-57.900718352379045,-54.92201651939209,-2.978701832986957
2026-04-24 05:00:00+00:00,23965.400390625,23971.19921875,23951.900390625,23956.19921875,0,24031.1048828125,24138.5439453125,28.83330084518469,-55.92828992116483,-55.12327119974664,-0.8050187214181932
2026-04-24 05:05:00+00:00,23956.599609375,23967.75,23945.75,23965.25,0,24020.93486328125,24133.6429296875,27.60611745421025,-54.44763720529954,-54.98814440085722,0.5405071955576801
2026-04-24 05:10:00+00:00,23933.650390625,23959.69921875,23932.80078125,23955.80078125,0,24009.632421875,24128.4129296875,24.658851585551048,-54.49780267343522,-54.89007605537283,0.3922733819376134
2026-04-24 05:15:00+00:00,23920.19921875,23939.75,23915.5,23933.400390625,0,23997.54736328125,24122.7458984375,23.102022671965614,-54.98907647840679,-54.90987613997962,-0.0792003384271637
2026-04-24 05:20:00+00:00,23942.05078125,23944.0,23918.05078125,23920.849609375,0,23986.84736328125,24117.2929296875,30.750765786936867,-53.00417687855588,-54.52873628769488,1.524559409138995
2026-04-24 05:25:00+00:00,23925.400390625,23944.849609375,23923.94921875,23943.349609375,0,23976.907421875,24111.5959375,28.43026025862767,-52.17325619487383,-54.05764026913067,1.8843840742568432
2026-04-24 05:30:00+00:00,23924.400390625,23928.19921875,23914.599609375,23925.55078125,0,23968.5724609375,24105.7659375,28.29217311841961,-51.007455018829205,-53.44760321907039,2.4401482002411825
2026-04-24 05:35:00+00:00,23921.650390625,23943.80078125,23920.900390625,23925.099609375,0,23961.75,24099.8749609375,27.890979930343264,-49.73216970974681,-52.70451651720568,2.9723468074588624
2026-04-24 05:40:00+00:00,23916.19921875,23926.150390625,23910.05078125,23921.25,0,23956.67744140625,24093.3359375,27.071494309572188,-48.60111749796124,-51.88383671335679,3.282719215395552
2026-04-24 05:45:00+00:00,23920.25,23924.80078125,23904.25,23915.099609375,0,23952.56748046875,24086.274921875,28.74688093220476,-46.83796734629868,-50.87466283994517,4.036695493646491
2026-04-24 05:50:00+00:00,23928.650390625,23938.5,23918.5,23919.0,0,23949.7875,24079.4189453125,32.22414830935706,-44.25269925914472,-49.55027012378508,5.297570864640363
2026-04-24 05:55:00+00:00,23931.30078125,23942.75,23926.400390625,23928.599609375,0,23947.14755859375,24073.0699609375,33.32965655663304,-41.51147288164066,-47.9425106753562,6.431037793715539
2026-04-24 06:00:00+00:00,23939.69921875,23949.30078125,23928.900390625,23930.400390625,0,23946.1775390625,24067.5479296875,36.845002089804005,-38.220762353605096,-45.998161011005976,7.77739865740088
2026-04-24 06:05:00+00:00,23936.0,23942.650390625,23925.349609375,23938.80078125,0,23945.2275390625,24061.9939453125,35.94595678470988,-35.50210047433211,-43.8989489036712,8.396848429339094
2026-04-24 06:10:00+00:00,23927.05078125,23937.599609375,23922.650390625,23935.400390625,0,23942.06005859375,24056.1999609375,33.79740353052769,-33.68141017889866,-41.85544115871669,8.174030979818035
2026-04-24 06:15:00+00:00,23906.900390625,23926.650390625,23905.69921875,23926.30078125,0,23938.0576171875,24049.656953125,29.519008596722003,-33.47854825736067,-40.18006257844549,6.701514321084822
2026-04-24 06:20:00+00:00,23899.5,23907.599609375,23895.0,23906.599609375,0,23933.39013671875,24042.816953125,28.11154211006668,-33.528433488263545,-38.84973676040911,5.321303272145563
2026-04-24 06:25:00+00:00,23898.25,23906.099609375,23894.55078125,23899.05078125,0,23929.73759765625,24036.09296875,27.86982323667661,-33.28514204822204,-37.7368178179717,4.451675769749656
2026-04-24 06:30:00+00:00,23906.75,23908.0,23894.150390625,23897.75,0,23927.880078125,24029.8299609375,32.142660156666096,-32.03714856045917,-36.59688396646919,4.55973540601002
2026-04-24 06:35:00+00:00,23918.25,23920.599609375,23903.650390625,23905.900390625,0,23925.9076171875,24024.0109765625,37.534113220941926,-29.77690125739537,-35.23288742465443,5.455986167259063
2026-04-24 06:40:00+00:00,23930.650390625,23933.05078125,23915.5,23917.75,0,23924.1701171875,24018.55296875,42.81062106134676,-26.677509374567308,-33.521811814637005,6.844302440069697
2026-04-24 06:45:00+00:00,23931.05078125,23936.5,23922.80078125,23930.80078125,0,23922.89267578125,24013.128984375,42.97810706719106,-23.913253697141045,-31.600100191137816,7.686846493996772
2026-04-24 06:50:00+00:00,23897.599609375,23932.80078125,23897.599609375,23930.5,0,23921.09013671875,24007.2919921875,34.01520978438336,-24.14348015418,-30.10877618374625,5.965296029566257
2026-04-24 06:55:00+00:00,23881.80078125,23898.849609375,23878.900390625,23897.69921875,0,23919.17021484375,24001.425,30.753170051385467,-25.309023010497185,-29.148825549096443,3.839802538599258
2026-04-24 07:00:00+00:00,23906.400390625,23906.900390625,23880.30078125,23881.849609375,0,23917.3876953125,23996.046015625,40.34594171046824,-23.971413696952368,-28.11334317866763,4.141929481715263
2026-04-24 07:05:00+00:00,23901.849609375,23910.69921875,23888.69921875,23905.849609375,0,23916.21015625,23990.831015625,39.26235665515899,-23.013275973273267,-27.09332973758876,4.080053764315494
2026-04-24 07:10:00+00:00,23882.099609375,23906.349609375,23880.94921875,23901.5,0,23914.0951171875,23984.89,34.88360483088178,-23.575837289779884,-26.389831248026987,2.813993958247103
2026-04-24 07:15:00+00:00,23897.30078125,23903.05078125,23881.099609375,23881.099609375,0,23912.87763671875,23979.26203125,40.39371956531425,-22.535290852116304,-25.61892316884485,3.083632316728547
2026-04-24 07:20:00+00:00,23905.599609375,23910.650390625,23896.0,23897.0,0,23912.34765625,23973.75703125,43.218604347030535,-20.80122070606012,-24.655382676287907,3.8541619702277856
2026-04-24 07:25:00+00:00,23904.349609375,23919.05078125,23900.69921875,23905.30078125,0,23911.55263671875,23968.0040234375,42.88889481814557,-19.30528289127324,-23.585362719284973,4.280079828011736
2026-04-24 07:30:00+00:00,23876.849609375,23905.5,23876.849609375,23904.30078125,0,23908.96259765625,23961.8080078125,36.32356445512833,-20.10698080970178,-22.88968633736833,2.782705527666554
2026-04-24 07:35:00+00:00,23874.80078125,23885.44921875,23873.599609375,23876.25,0,23906.13759765625,23956.1040234375,35.88285112255977,-20.66939161263508,-22.445627392421688,1.7762357797866066
2026-04-24 07:40:00+00:00,23865.5,23875.5,23851.25,23873.599609375,0,23902.42763671875,23950.2200390625,33.873628602135824,-21.61642089855013,-22.279786093647377,0.6633651950972457
2026-04-24 07:45:00+00:00,23869.349609375,23870.25,23855.900390625,23865.599609375,0,23899.0951171875,23944.3690234375,35.48387119826124,-21.804963085251075,-22.18482149196812,0.3798584067170445
2026-04-24 07:50:00+00:00,23868.25,23877.599609375,23864.400390625,23871.19921875,0,23896.155078125,23938.6130078125,35.22004797856873,-21.791909841667803,-22.106239161908057,0.3143293202402546
2026-04-24 07:55:00+00:00,23878.30078125,23880.05078125,23865.75,23868.25,0,23894.72509765625,23933.6950390625,39.63772244819098,-20.73157036487828,-21.831305402502103,1.099735037623823
2026-04-24 08:00:00+00:00,23855.55078125,23878.55078125,23852.05078125,23878.400390625,0,23892.52763671875,23928.9840625,33.98780090209128,-21.479377665236825,-21.76091985504905,0.2815421898122245
2026-04-24 08:05:00+00:00,23841.30078125,23868.099609375,23836.349609375,23854.650390625,0,23889.68017578125,23924.6480859375,31.006507475841616,-22.957239479866985,-22.00018378001264,-0.9570556998543438
2026-04-24 08:10:00+00:00,23830.400390625,23845.80078125,23826.400390625,23840.599609375,0,23885.8626953125,23920.9030859375,28.91698724240129,-24.72303429070962,-22.54475388215204,-2.1782804085575838
2026-04-24 08:15:00+00:00,23848.69921875,23855.900390625,23829.599609375,23829.599609375,0,23882.38515625,23917.8280859375,36.63664100120653,-24.365012206144456,-22.90880554695052,-1.4562066591939349
2026-04-24 08:20:00+00:00,23854.55078125,23858.55078125,23845.25,23847.849609375,0,23878.58017578125,23915.2341015625,38.92096354629302,-23.340055305630813,-22.99505549868658,-0.3449998069442337
2026-04-24 08:25:00+00:00,23846.30078125,23855.44921875,23838.30078125,23854.0,0,23874.34267578125,23912.478125,36.90108545211721,-22.92916251684437,-22.981876902318135,0.0527143854737666
2026-04-24 08:30:00+00:00,23838.75,23849.94921875,23835.900390625,23847.599609375,0,23871.4001953125,23910.0711328125,35.10536907796646,-22.948278494099213,-22.975157220674355,0.0268787265751413
2026-04-24 08:35:00+00:00,23839.099609375,23845.55078125,23815.349609375,23840.25,0,23869.26513671875,23907.753125,35.2624526281557,-22.67384748916811,-22.914895274373105,0.2410477852049943
2026-04-24 08:40:00+00:00,23841.650390625,23847.599609375,23837.69921875,23839.80078125,0,23866.02763671875,23904.778125,36.47074090271394,-21.996964892834512,-22.73130919806539,0.7343443052308771
2026-04-24 08:45:00+00:00,23861.5,23864.150390625,23840.150390625,23841.44921875,0,23864.01015625,23902.269140625,45.06360440303089,-19.632521485247707,-22.111551655501856,2.4790301702541484
2026-04-24 08:50:00+00:00,23863.05078125,23878.599609375,23858.0,23860.650390625,0,23863.05771484375,23899.6731640625,45.68175333846985,-17.432595849841164,-21.17576049436972,3.743164644528555
2026-04-24 08:55:00+00:00,23888.55078125,23890.349609375,23858.75,23863.150390625,0,23862.62021484375,23898.0181640625,54.70664119338901,-13.476157293895085,-19.635839854274792,6.159682560379707
2026-04-24 09:00:00+00:00,23906.849609375,23915.25,23885.94921875,23887.75,0,23862.68271484375,23897.2771484375,59.86053464009856,-8.763073477486614,-17.461286578917157,8.698213101430543
2026-04-24 09:05:00+00:00,23915.599609375,23925.44921875,23907.30078125,23907.30078125,0,23863.24521484375,23896.43515625,62.08236843658893,-4.2726166586217005,-14.823552594858068,10.550935936236367
2026-04-24 09:10:00+00:00,23926.0,23926.900390625,23908.44921875,23916.80078125,0,23865.702734375,23895.6471484375,64.59123220814223,0.1238990944366378,-11.834062256999127,11.957961351435763
2026-04-24 09:15:00+00:00,23920.900390625,23930.5,23915.05078125,23925.44921875,0,23868.00771484375,23894.9331640625,62.41067880542576,3.1602443172669155,-8.835200942145919,11.995445259412834
2026-04-24 09:20:00+00:00,23916.0,23930.150390625,23905.05078125,23920.599609375,0,23870.53271484375,23894.58015625,60.303908954081336,5.112218737522198,-6.045717006212296,11.157935743734496
2026-04-24 09:25:00+00:00,23920.900390625,23924.94921875,23911.099609375,23916.30078125,0,23873.11025390625,23894.5941796875,61.69636922959557,6.9741988746136485,-3.441733830047108,10.415932704660756
2026-04-24 09:30:00+00:00,23871.19921875,23920.650390625,23870.44921875,23920.650390625,0,23873.25771484375,23893.1771484375,44.60607062456435,4.38877132390553,-1.87563279925658,6.264404123162111
2026-04-24 09:35:00+00:00,23893.5,23896.849609375,23863.30078125,23871.349609375,0,23874.01767578125,23892.539140625,51.1454056481147,4.09211666083138,-0.6820829072389882,4.774199568070368
2026-04-24 09:40:00+00:00,23895.44921875,23896.650390625,23882.400390625,23893.19921875,0,23876.01259765625,23891.9601171875,51.68231714013502,3.968554341772688,0.2480445425633469,3.7205097992093408
2026-04-24 09:45:00+00:00,23916.650390625,23924.19921875,23894.5,23895.25,0,23879.780078125,23891.8601171875,57.192894695252384,5.517782140610507,1.301992062172779,4.215790078437728
2026-04-24 09:50:00+00:00,23910.900390625,23917.05078125,23899.349609375,23915.150390625,0,23883.805078125,23891.754140625,55.34917525375813,6.2099944372384925,2.283592537185922,3.9264019000525705
2026-04-24 09:55:00+00:00,23903.94921875,23914.30078125,23900.69921875,23910.19921875,0,23886.567578125,23891.428125,53.11979567426125,6.127047403977485,3.052283510544235,3.0747638934332504
